site_id,tag,fg_declared,bg_declared,fg_composited,bg_composited,naive_cr,extended_cr,aa_naive,aa_extended,false_pos,false_neg
1,a,"rgb(255, 255, 255)","rgb(11, 87, 208)","rgb(255,255,255)","rgb(11,87,208)",6.39,6.39,1,1,0,0
1,div,"rgb(31, 31, 31)","rgb(255, 255, 255)","rgb(31,31,31)","rgb(255,255,255)",16.48,16.48,1,1,0,0
1,div,"rgb(31, 31, 31)","rgb(243, 245, 246)","rgb(31,31,31)","rgb(243,245,246)",15.07,15.07,1,1,0,0
1,div,"rgb(11, 87, 208)","rgb(232, 240, 254)","rgb(11,87,208)","rgb(232,240,254)",5.57,5.57,1,1,0,0
1,div,"rgb(11, 87, 208)","rgb(255, 255, 255)","rgb(11,87,208)","rgb(255,255,255)",6.39,6.39,1,1,0,0
1,div,"rgb(71, 71, 71)","rgb(241, 243, 244)","rgb(71,71,71)","rgb(241,243,244)",8.35,8.35,1,1,0,0
3,a,"rgb(255, 255, 255)","rgb(255, 94, 31)","rgb(255,255,255)","rgb(255,94,31)",3.06,3.06,0,0,0,0
3,section,"rgb(38, 38, 38)","rgb(255, 255, 255)","rgb(38,38,38)","rgb(255,255,255)",15.13,15.13,1,1,0,0
3,div,"rgb(38, 38, 38)","rgb(255, 94, 31)","rgb(38,38,38)","rgb(255,94,31)",4.95,4.95,1,1,0,0
3,a,"rgb(31, 31, 31)","rgb(255, 255, 255)","rgb(31,31,31)","rgb(255,255,255)",16.48,16.48,1,1,0,0
3,div,"rgb(38, 38, 38)","rgb(253, 253, 252)","rgb(38,38,38)","rgb(253,253,252)",14.87,14.87,1,1,0,0
3,a,"rgb(255, 255, 255)","rgb(255, 112, 56)","rgb(255,255,255)","rgb(255,112,56)",2.75,2.75,0,0,0,0
3,button,"rgb(255, 94, 31)","rgb(255, 255, 255)","rgb(255,94,31)","rgb(255,255,255)",3.06,3.06,0,0,0,0
5,div,"rgb(28, 30, 33)","rgb(255, 255, 255)","rgb(28,30,33)","rgb(255,255,255)",16.71,16.71,1,1,0,0
5,div,"rgb(28, 30, 33)","rgba(255, 255, 255, 0.2)","rgb(28,30,33)","rgb(255,255,255)",16.71,16.71,1,1,0,0
5,div,"rgb(28, 30, 33)","rgb(0, 100, 224)","rgb(28,30,33)","rgb(0,100,224)",3.1,3.1,0,0,0,0
5,div,"rgb(56, 88, 152)","rgba(255, 255, 255, 0.2)","rgb(56,88,152)","rgb(255,255,255)",6.96,6.96,1,1,0,0
5,div,"rgb(28, 30, 33)","rgb(228, 230, 235)","rgb(28,30,33)","rgb(228,230,235)",13.38,13.38,1,1,0,0
6,div,"rgb(0, 0, 0)","rgb(242, 242, 242)","rgb(0,0,0)","rgb(242,242,242)",18.76,18.76,1,1,0,0
6,button,"rgb(0, 0, 0)","rgb(235, 235, 235)","rgb(0,0,0)","rgb(235,235,235)",17.62,17.62,1,1,0,0
6,a,"rgb(14, 23, 38)","rgb(255, 255, 255)","rgb(14,23,38)","rgb(255,255,255)",17.96,17.96,1,1,0,0
6,a,"rgb(255, 255, 255)","rgb(0, 120, 212)","rgb(255,255,255)","rgb(0,120,212)",4.53,4.53,1,1,0,0
8,div,"rgb(0, 0, 0)","rgb(255, 255, 255)","rgb(0,0,0)","rgb(255,255,255)",21,21,1,1,0,0
8,button,"rgb(15, 15, 15)","rgba(0, 0, 0, 0.05)","rgb(15,15,15)","rgb(242,242,242)",1.1,17.16,0,1,0,1
8,button,"rgb(255, 255, 255)","rgb(15, 15, 15)","rgb(255,255,255)","rgb(15,15,15)",19.17,19.17,1,1,0,0
9,button,"rgb(84, 91, 100)","rgb(201, 81, 0)","rgb(84,91,100)","rgb(201,81,0)",1.52,1.52,0,0,0,0
9,button,"rgb(84, 91, 100)","rgb(255, 255, 255)","rgb(84,91,100)","rgb(255,255,255)",6.87,6.87,1,1,0,0
9,a,"rgb(9, 114, 211)","rgb(255, 255, 255)","rgb(9,114,211)","rgb(255,255,255)",4.82,4.82,1,1,0,0
9,div,"rgb(51, 51, 51)","rgb(255, 255, 255)","rgb(51,51,51)","rgb(255,255,255)",12.63,12.63,1,1,0,0
9,div,"rgb(51, 51, 51)","rgb(35, 43, 55)","rgb(51,51,51)","rgb(35,43,55)",1.13,1.13,0,0,0,0
9,div,"rgb(51, 51, 51)","rgba(6, 8, 10, 0.5)","rgb(51,51,51)","rgb(131,132,133)",1.59,3.35,0,0,0,0
9,a,"rgb(9, 114, 211)","rgb(22, 29, 38)","rgb(9,114,211)","rgb(22,29,38)",3.52,3.52,0,0,0,0
9,div,"rgb(51, 51, 51)","rgb(243, 243, 247)","rgb(51,51,51)","rgb(243,243,247)",11.42,11.42,1,1,0,0
9,span,"rgb(22, 29, 38)","rgba(255, 255, 255, 0.75)","rgb(22,29,38)","rgb(255,255,255)",16.96,16.96,1,1,0,0
9,div,"rgb(9, 114, 211)","rgb(243, 243, 247)","rgb(9,114,211)","rgb(243,243,247)",4.35,4.35,0,0,0,0
9,div,"rgb(51, 51, 51)","rgb(27, 35, 45)","rgb(51,51,51)","rgb(27,35,45)",1.25,1.25,0,0,0,0
9,div,"rgb(9, 114, 211)","rgb(51, 56, 67)","rgb(9,114,211)","rgb(51,56,67)",2.44,2.44,0,0,0,0
9,span,"rgb(255, 255, 255)","rgba(15, 20, 26, 0.75)","rgb(255,255,255)","rgb(75,79,83)",18.5,8.28,1,1,0,0
9,div,"rgba(0, 0, 0, 0)","rgb(243, 243, 247)","rgb(243,243,247)","rgb(243,243,247)",18.97,1,1,0,1,0
9,li,"rgb(51, 51, 51)","rgb(249, 249, 251)","rgb(51,51,51)","rgb(249,249,251)",12.02,12.02,1,1,0,0
9,button,"rgb(51, 51, 51)","rgb(22, 29, 38)","rgb(51,51,51)","rgb(22,29,38)",1.34,1.34,0,0,0,0
9,div,"rgb(51, 51, 51)","rgb(15, 20, 26)","rgb(51,51,51)","rgb(15,20,26)",1.46,1.46,0,0,0,0
9,button,"rgb(51, 51, 51)","rgb(6, 8, 10)","rgb(51,51,51)","rgb(6,8,10)",1.59,1.59,0,0,0,0
10,div,"rgba(255, 255, 255, 0.92)","rgb(22, 22, 23)","rgb(236,236,236)","rgb(22,22,23)",18.08,15.36,1,1,0,0
10,a,"rgb(0, 0, 0)","rgb(245, 245, 247)","rgb(0,0,0)","rgb(245,245,247)",19.29,19.29,1,1,0,0
10,div,"rgb(29, 29, 31)","rgba(29, 29, 31, 0.8)","rgb(29,29,31)","rgb(74,74,76)",1,1.91,0,0,0,0
10,div,"rgb(29, 29, 31)","rgb(0, 0, 0)","rgb(29,29,31)","rgb(0,0,0)",1.25,1.25,0,0,0,0
10,a,"rgb(255, 255, 255)","rgb(0, 113, 227)","rgb(255,255,255)","rgb(0,113,227)",4.7,4.7,1,1,0,0
10,div,"rgb(29, 29, 31)","rgb(245, 245, 247)","rgb(29,29,31)","rgb(245,245,247)",15.46,15.46,1,1,0,0
10,a,"rgb(41, 151, 255)","rgb(0, 0, 0)","rgb(41,151,255)","rgb(0,0,0)",6.96,6.96,1,1,0,0
10,div,"rgb(41, 151, 255)","rgb(39, 24, 16)","rgb(41,151,255)","rgb(39,24,16)",5.69,5.69,1,1,0,0
10,div,"rgb(41, 151, 255)","rgb(244, 248, 251)","rgb(41,151,255)","rgb(244,248,251)",2.82,2.82,0,0,0,0
10,div,"rgb(41, 151, 255)","rgb(164, 97, 141)","rgb(41,151,255)","rgb(164,97,141)",1.49,1.49,0,0,0,0
10,div,"rgb(41, 151, 255)","rgb(159, 198, 244)","rgb(41,151,255)","rgb(159,198,244)",1.7,1.7,0,0,0,0
10,div,"rgb(41, 151, 255)","rgb(234, 51, 192)","rgb(41,151,255)","rgb(234,51,192)",1.21,1.21,0,0,0,0
10,div,"rgb(41, 151, 255)","rgb(36, 23, 12)","rgb(41,151,255)","rgb(36,23,12)",5.79,5.79,1,1,0,0
10,div,"rgb(41, 151, 255)","rgb(51, 151, 212)","rgb(41,151,255)","rgb(51,151,212)",1.07,1.07,0,0,0,0
10,div,"rgb(41, 151, 255)","rgb(222, 148, 68)","rgb(41,151,255)","rgb(222,148,68)",1.21,1.21,0,0,0,0
11,div,"rgb(0, 0, 0)","rgb(255, 255, 255)","rgb(0,0,0)","rgb(255,255,255)",21,21,1,1,0,0
11,div,"rgb(0, 0, 0)","rgba(255, 255, 255, 0.2)","rgb(0,0,0)","rgb(255,255,255)",21,21,1,1,0,0
11,div,"rgb(0, 0, 0)","rgb(0, 100, 224)","rgb(0,0,0)","rgb(0,100,224)",3.9,3.9,0,0,0,0
11,div,"rgb(65, 80, 247)","rgba(255, 255, 255, 0.2)","rgb(65,80,247)","rgb(255,255,255)",5.65,5.65,1,1,0,0
11,div,"rgb(12, 16, 20)","rgb(240, 242, 245)","rgb(12,16,20)","rgb(240,242,245)",17.02,17.02,1,1,0,0
12,a,"rgb(102, 102, 102)","rgb(235, 235, 235)","rgb(102,102,102)","rgb(235,235,235)",4.82,4.82,1,1,0,0
12,a,"rgb(255, 255, 255)","rgb(0, 95, 249)","rgb(255,255,255)","rgb(0,95,249)",5.24,5.24,1,1,0,0
12,button,"rgb(255, 255, 255)","rgb(0, 119, 255)","rgb(255,255,255)","rgb(0,119,255)",4.13,4.13,0,0,0,0
12,div,"rgb(44, 45, 46)","rgb(255, 255, 255)","rgb(44,45,46)","rgb(255,255,255)",13.8,13.8,1,1,0,0
12,span,"rgb(255, 255, 255)","rgba(0, 0, 0, 0.2)","rgb(255,255,255)","rgb(204,204,204)",21,1.61,1,0,1,0
12,a,"rgb(44, 45, 46)","rgb(236, 250, 243)","rgb(44,45,46)","rgb(236,250,243)",12.84,12.84,1,1,0,0
12,a,"rgb(0, 112, 240)","rgba(0, 119, 255, 0.06)","rgb(0,112,240)","rgb(240,247,255)",1.11,4.24,0,0,0,0
12,button,"rgba(0, 0, 0, 0)","rgb(0, 119, 255)","rgb(0,119,255)","rgb(0,119,255)",5.08,1,1,0,1,0
12,div,"rgb(8, 124, 109)","rgb(206, 238, 230)","rgb(8,124,109)","rgb(206,238,230)",4.13,4.13,0,0,0,0
12,a,"rgb(44, 45, 46)","rgb(240, 241, 243)","rgb(44,45,46)","rgb(240,241,243)",12.21,12.21,1,1,0,0
12,div,"rgb(44, 45, 46)","rgba(0, 0, 0, 0.48)","rgb(44,45,46)","rgb(133,133,133)",1.52,3.72,0,0,0,0
12,div,"rgb(255, 255, 255)","rgba(0, 0, 0, 0.48)","rgb(255,255,255)","rgb(133,133,133)",21,3.71,1,0,1,0
12,div,"rgb(44, 45, 46)","rgba(0, 0, 0, 0.05)","rgb(44,45,46)","rgb(242,242,242)",1.52,12.35,0,1,0,1
14,div,"rgb(28, 30, 33)","rgb(255, 255, 255)","rgb(28,30,33)","rgb(255,255,255)",16.71,16.71,1,1,0,0
14,div,"rgb(28, 30, 33)","rgba(255, 255, 255, 0.2)","rgb(28,30,33)","rgb(255,255,255)",16.71,16.71,1,1,0,0
14,div,"rgb(28, 30, 33)","rgb(0, 100, 224)","rgb(28,30,33)","rgb(0,100,224)",3.1,3.1,0,0,0,0
14,div,"rgb(56, 88, 152)","rgba(255, 255, 255, 0.2)","rgb(56,88,152)","rgb(255,255,255)",6.96,6.96,1,1,0,0
14,div,"rgb(28, 30, 33)","rgb(228, 230, 235)","rgb(28,30,33)","rgb(228,230,235)",13.38,13.38,1,1,0,0
15,div,"rgb(0, 0, 0)","rgb(15, 20, 25)","rgb(0,0,0)","rgb(15,20,25)",1.13,1.13,0,0,0,0
15,button,"rgb(0, 0, 0)","rgb(239, 243, 244)","rgb(0,0,0)","rgb(239,243,244)",18.8,18.8,1,1,0,0
15,div,"rgb(0, 0, 0)","rgb(0, 0, 0)","rgb(0,0,0)","rgb(0,0,0)",1,1,0,0,0,0
15,div,"rgb(0, 0, 0)","rgb(255, 255, 255)","rgb(0,0,0)","rgb(255,255,255)",21,21,1,1,0,0
15,div,"rgb(0, 0, 0)","rgb(212, 212, 212)","rgb(0,0,0)","rgb(212,212,212)",14.17,14.17,1,1,0,0
16,button,"rgba(6, 6, 15, 0.87)","rgb(255, 204, 0)","rgb(38,32,13)","rgb(255,204,0)",13.35,10.74,1,1,0,0
16,div,"rgba(6, 6, 15, 0.87)","rgb(239, 240, 242)","rgb(36,36,45)","rgb(239,240,242)",17.7,13.44,1,1,0,0
16,a,"rgb(0, 0, 0)","rgb(53, 181, 222)","rgb(0,0,0)","rgb(53,181,222)",8.82,8.82,1,1,0,0
16,div,"rgba(6, 6, 15, 0.87)","rgb(255, 255, 255)","rgb(38,38,46)","rgb(255,255,255)",20.18,14.94,1,1,0,0
16,li,"rgba(6, 6, 15, 0.87)","rgb(232, 234, 237)","rgb(35,36,44)","rgb(232,234,237)",16.74,12.84,1,1,0,0
16,div,"rgba(6, 6, 15, 0.87)","rgba(0, 11, 33, 0.06)","rgb(36,36,44)","rgb(240,240,242)",1.03,13.47,0,1,0,1
16,div,"rgb(255, 255, 255)","rgb(32, 32, 34)","rgb(255,255,255)","rgb(32,32,34)",16.26,16.26,1,1,0,0
17,a,"rgb(255, 255, 255)","rgb(10, 102, 194)","rgb(255,255,255)","rgb(10,102,194)",5.69,5.69,1,1,0,0
17,div,"rgba(0, 0, 0, 0.9)","rgb(92, 111, 124)","rgb(9,11,12)","rgb(92,111,124)",4.02,3.77,0,0,0,0
17,button,"rgb(92, 111, 124)","rgb(255, 255, 255)","rgb(92,111,124)","rgb(255,255,255)",5.22,5.22,1,1,0,0
17,div,"rgba(0, 0, 0, 0.9)","rgb(255, 255, 255)","rgb(25,25,25)","rgb(255,255,255)",21,17.49,1,1,0,0
17,button,"rgba(0, 0, 0, 0.75)","rgb(255, 255, 255)","rgb(64,64,64)","rgb(255,255,255)",21,10.41,1,1,0,0
17,a,"rgba(0, 0, 0, 0.9)","rgb(234, 230, 223)","rgb(23,23,22)","rgb(234,230,223)",16.88,14.41,1,1,0,0
19,div,"rgb(23, 37, 61)","rgb(255, 246, 243)","rgb(23,37,61)","rgb(255,246,243)",14.42,14.42,1,1,0,0
19,a,"rgb(255, 255, 255)","rgb(9, 31, 44)","rgb(255,255,255)","rgb(9,31,44)",16.88,16.88,1,1,0,0
19,div,"rgb(23, 37, 61)","rgb(254, 254, 254)","rgb(23,37,61)","rgb(254,254,254)",15.22,15.22,1,1,0,0
19,button,"rgb(255, 255, 255)","rgb(6, 22, 31)","rgb(255,255,255)","rgb(6,22,31)",18.38,18.38,1,1,0,0
19,button,"rgb(5, 17, 24)","rgba(6, 22, 31, 0.1)","rgb(5,17,24)","rgb(230,232,233)",1.04,15.5,0,1,0,1
19,div,"rgb(0, 0, 0)","rgb(254, 254, 254)","rgb(0,0,0)","rgb(254,254,254)",20.82,20.82,1,1,0,0
19,div,"rgb(80, 80, 80)","rgb(254, 254, 254)","rgb(80,80,80)","rgb(254,254,254)",7.99,7.99,1,1,0,0
19,a,"rgb(0, 103, 184)","rgb(255, 255, 255)","rgb(0,103,184)","rgb(255,255,255)",5.78,5.78,1,1,0,0
19,a,"rgb(255, 255, 255)","rgb(0, 0, 0)","rgb(255,255,255)","rgb(0,0,0)",21,21,1,1,0,0
19,div,"rgb(220, 238, 248)","rgb(230, 230, 228)","rgb(220,238,248)","rgb(230,230,228)",1.05,1.05,0,0,0,0
21,div,"rgb(0, 0, 0)","rgb(242, 242, 242)","rgb(0,0,0)","rgb(242,242,242)",18.76,18.76,1,1,0,0
21,button,"rgb(0, 0, 0)","rgb(235, 235, 235)","rgb(0,0,0)","rgb(235,235,235)",17.62,17.62,1,1,0,0
21,div,"rgb(0, 0, 0)","rgb(255, 255, 255)","rgb(0,0,0)","rgb(255,255,255)",21,21,1,1,0,0
21,a,"rgb(255, 255, 255)","rgb(0, 0, 0)","rgb(255,255,255)","rgb(0,0,0)",21,21,1,1,0,0
21,a,"rgb(0, 0, 238)","rgb(255, 255, 255)","rgb(0,0,238)","rgb(255,255,255)",9.4,9.4,1,1,0,0
21,a,"rgb(255, 255, 255)","rgb(50, 49, 57)","rgb(255,255,255)","rgb(50,49,57)",12.85,12.85,1,1,0,0
24,span,"rgb(15, 17, 17)","rgb(240, 242, 242)","rgb(15,17,17)","rgb(240,242,242)",16.86,16.86,1,1,0,0
24,div,"rgb(15, 17, 17)","rgb(19, 25, 33)","rgb(15,17,17)","rgb(19,25,33)",1.07,1.07,0,0,0,0
24,div,"rgb(15, 17, 17)","rgb(230, 230, 230)","rgb(15,17,17)","rgb(230,230,230)",15.18,15.18,1,1,0,0
24,div,"rgb(15, 17, 17)","rgb(255, 255, 255)","rgb(15,17,17)","rgb(255,255,255)",18.94,18.94,1,1,0,0
24,span,"rgb(15, 17, 17)","rgb(255, 216, 20)","rgb(15,17,17)","rgb(255,216,20)",13.61,13.61,1,1,0,0
24,div,"rgb(15, 17, 17)","rgb(35, 47, 62)","rgb(15,17,17)","rgb(35,47,62)",1.4,1.4,0,0,0,0
24,div,"rgb(15, 17, 17)","rgb(227, 230, 230)","rgb(15,17,17)","rgb(227,230,230)",15.09,15.09,1,1,0,0
24,div,"rgb(15, 17, 17)","rgb(245, 246, 246)","rgb(15,17,17)","rgb(245,246,246)",17.5,17.5,1,1,0,0
24,div,"rgb(255, 255, 255)","rgb(55, 71, 90)","rgb(255,255,255)","rgb(55,71,90)",9.5,9.5,1,1,0,0
24,div,"rgb(221, 221, 221)","rgb(19, 26, 34)","rgb(221,221,221)","rgb(19,26,34)",12.9,12.9,1,1,0,0
25,div,"rgb(23, 37, 61)","rgb(242, 242, 242)","rgb(23,37,61)","rgb(242,242,242)",13.71,13.71,1,1,0,0
25,button,"rgb(0, 0, 0)","rgb(235, 235, 235)","rgb(0,0,0)","rgb(235,235,235)",17.62,17.62,1,1,0,0
25,div,"rgb(0, 0, 0)","rgb(255, 255, 255)","rgb(0,0,0)","rgb(255,255,255)",21,21,1,1,0,0
25,a,"rgb(255, 255, 255)","rgb(0, 120, 212)","rgb(255,255,255)","rgb(0,120,212)",4.53,4.53,1,1,0,0
25,div,"rgb(220, 238, 248)","rgb(0, 41, 72)","rgb(220,238,248)","rgb(0,41,72)",12.5,12.5,1,1,0,0
25,a,"rgb(14, 23, 38)","rgb(179, 218, 240)","rgb(14,23,38)","rgb(179,218,240)",12.15,12.15,1,1,0,0
25,div,"rgb(23, 37, 61)","rgb(254, 254, 254)","rgb(23,37,61)","rgb(254,254,254)",15.22,15.22,1,1,0,0
25,div,"rgb(0, 0, 0)","rgb(254, 254, 254)","rgb(0,0,0)","rgb(254,254,254)",20.82,20.82,1,1,0,0
25,div,"rgb(23, 37, 61)","rgb(244, 250, 253)","rgb(23,37,61)","rgb(244,250,253)",14.57,14.57,1,1,0,0
25,button,"rgb(255, 255, 255)","rgb(0, 85, 151)","rgb(255,255,255)","rgb(0,85,151)",7.65,7.65,1,1,0,0
25,button,"rgb(0, 66, 117)","rgba(0, 85, 151, 0.1)","rgb(0,66,117)","rgb(230,238,245)",1.35,8.79,0,1,0,1
25,div,"rgb(80, 80, 80)","rgb(254, 254, 254)","rgb(80,80,80)","rgb(254,254,254)",7.99,7.99,1,1,0,0
25,div,"rgb(220, 238, 248)","rgb(74, 74, 73)","rgb(220,238,248)","rgb(74,74,73)",7.45,7.45,1,1,0,0
25,a,"rgb(0, 103, 184)","rgb(255, 255, 255)","rgb(0,103,184)","rgb(255,255,255)",5.78,5.78,1,1,0,0
25,div,"rgb(23, 37, 61)","rgba(255, 255, 255, 0.3)","rgb(23,37,61)","rgb(255,255,255)",15.35,15.35,1,1,0,0
25,div,"rgb(23, 37, 61)","rgb(247, 247, 247)","rgb(23,37,61)","rgb(247,247,247)",14.32,14.32,1,1,0,0
25,a,"rgb(0, 0, 0)","rgb(230, 230, 230)","rgb(0,0,0)","rgb(230,230,230)",16.83,16.83,1,1,0,0
25,div,"rgb(0, 0, 0)","rgb(242, 242, 242)","rgb(0,0,0)","rgb(242,242,242)",18.76,18.76,1,1,0,0
25,div,"rgb(36, 36, 36)","rgb(255, 255, 255)","rgb(36,36,36)","rgb(255,255,255)",15.52,15.52,1,1,0,0
28,button,"rgb(255, 255, 255)","rgb(51, 102, 204)","rgb(255,255,255)","rgb(51,102,204)",5.37,5.37,1,1,0,0
28,button,"rgb(51, 102, 204)","rgb(248, 249, 250)","rgb(51,102,204)","rgb(248,249,250)",5.09,5.09,1,1,0,0
28,div,"rgb(32, 33, 34)","rgb(248, 249, 250)","rgb(32,33,34)","rgb(248,249,250)",15.3,15.3,1,1,0,0
29,a,"rgb(255, 255, 255)","rgb(31, 111, 235)","rgb(255,255,255)","rgb(31,111,235)",4.63,4.63,1,1,0,0
29,div,"rgb(255, 255, 255)","rgb(255, 255, 255)","rgb(255,255,255)","rgb(255,255,255)",1,1,0,0,0,0
29,div,"rgb(255, 255, 255)","rgba(228, 235, 230, 0.996)","rgb(255,255,255)","rgb(228,235,230)",1.21,1.21,0,0,0,0
29,div,"rgb(255, 255, 255)","rgba(46, 55, 74, 0.82)","rgb(255,255,255)","rgb(84,91,107)",11.92,6.82,1,1,0,0
29,div,"rgb(255, 255, 255)","rgb(0, 0, 0)","rgb(255,255,255)","rgb(0,0,0)",21,21,1,1,0,0
29,button,"rgb(255, 255, 255)","rgb(8, 135, 43)","rgb(255,255,255)","rgb(8,135,43)",4.66,4.66,1,1,0,0
29,a,"rgb(141, 214, 255)","rgba(31, 35, 40, 0.4)","rgb(141,214,255)","rgb(165,167,169)",9.93,1.52,1,0,1,0
29,div,"rgb(255, 255, 255)","rgba(255, 255, 255, 0.15)","rgb(255,255,255)","rgb(255,255,255)",1,1,0,0,0,0
29,div,"rgb(255, 255, 255)","rgba(255, 255, 255, 0.2)","rgb(255,255,255)","rgb(255,255,255)",1,1,0,0,0,0
29,div,"rgb(240, 246, 252)","rgb(21, 27, 35)","rgb(240,246,252)","rgb(21,27,35)",15.91,15.91,1,1,0,0
31,button,"rgb(255, 255, 255)","rgb(26, 115, 232)","rgb(255,255,255)","rgb(26,115,232)",4.51,4.51,1,1,0,0
31,div,"rgb(65, 65, 65)","rgb(255, 255, 255)","rgb(65,65,65)","rgb(255,255,255)",10.21,10.21,1,1,0,0
31,a,"rgb(0, 0, 0)","rgb(241, 243, 244)","rgb(0,0,0)","rgb(241,243,244)",18.87,18.87,1,1,0,0
31,a,"rgb(26, 115, 232)","rgb(255, 255, 255)","rgb(26,115,232)","rgb(255,255,255)",4.51,4.51,1,1,0,0
32,div,"rgb(0, 0, 0)","rgb(85, 85, 85)","rgb(0,0,0)","rgb(85,85,85)",2.82,2.82,0,0,0,0
32,a,"rgba(0, 0, 0, 0.8)","rgba(255, 255, 255, 0.75)","rgb(51,51,51)","rgb(255,255,255)",21,12.63,1,1,0,0
32,div,"rgb(17, 17, 17)","rgba(34, 34, 34, 0.9)","rgb(17,17,17)","rgb(56,56,56)",1.19,1.61,0,0,0,0
32,li,"rgb(255, 255, 255)","rgba(34, 34, 34, 0.9)","rgb(255,255,255)","rgb(56,56,56)",15.91,11.71,1,1,0,0
32,div,"rgb(255, 255, 255)","rgba(232, 17, 35, 0.7)","rgb(255,255,255)","rgb(239,88,101)",4.63,3.35,1,0,1,0
32,div,"rgb(17, 17, 17)","rgba(255, 255, 255, 0.7)","rgb(17,17,17)","rgb(255,255,255)",18.88,18.88,1,1,0,0
33,div,"rgb(0, 0, 0)","rgb(0, 0, 0)","rgb(0,0,0)","rgb(0,0,0)",1,1,0,0,0,0
33,button,"rgb(244, 238, 236)","rgb(0, 0, 0)","rgb(244,238,236)","rgb(0,0,0)",18.29,18.29,1,1,0,0
33,li,"rgb(244, 238, 236)","rgb(73, 67, 63)","rgb(244,238,236)","rgb(73,67,63)",8.47,8.47,1,1,0,0
33,a,"rgb(37, 32, 30)","rgb(231, 255, 122)","rgb(37,32,30)","rgb(231,255,122)",14.56,14.56,1,1,0,0
33,div,"rgb(0, 0, 0)","rgb(255, 255, 255)","rgb(0,0,0)","rgb(255,255,255)",21,21,1,1,0,0
33,a,"rgb(255, 255, 255)","rgb(37, 32, 30)","rgb(255,255,255)","rgb(37,32,30)",16.1,16.1,1,1,0,0
33,div,"rgb(255, 255, 255)","rgb(0, 0, 0)","rgb(255,255,255)","rgb(0,0,0)",21,21,1,1,0,0
33,div,"rgb(37, 32, 30)","rgb(255, 255, 255)","rgb(37,32,30)","rgb(255,255,255)",16.1,16.1,1,1,0,0
33,div,"rgb(255, 255, 255)","rgb(77, 25, 53)","rgb(255,255,255)","rgb(77,25,53)",13.94,13.94,1,1,0,0
33,div,"rgb(0, 0, 0)","rgb(255, 166, 107)","rgb(0,0,0)","rgb(255,166,107)",10.92,10.92,1,1,0,0
33,div,"rgb(255, 255, 255)","rgb(0, 64, 153)","rgb(255,255,255)","rgb(0,64,153)",9.57,9.57,1,1,0,0
33,div,"rgb(0, 0, 0)","rgb(208, 255, 0)","rgb(0,0,0)","rgb(208,255,0)",17.99,17.99,1,1,0,0
33,div,"rgb(0, 0, 0)","rgb(226, 216, 213)","rgb(0,0,0)","rgb(226,216,213)",15.02,15.02,1,1,0,0
33,section,"rgb(0, 0, 0)","rgb(244, 238, 236)","rgb(0,0,0)","rgb(244,238,236)",18.29,18.29,1,1,0,0
33,div,"rgb(0, 0, 0)","rgb(73, 67, 63)","rgb(0,0,0)","rgb(73,67,63)",2.16,2.16,0,0,0,0
33,button,"rgb(231, 255, 122)","rgb(0, 0, 0)","rgb(231,255,122)","rgb(0,0,0)",18.98,18.98,1,1,0,0
36,a,"rgb(28, 30, 33)","rgb(255, 255, 255)","rgb(28,30,33)","rgb(255,255,255)",16.71,16.71,1,1,0,0
36,a,"rgb(28, 30, 33)","rgb(37, 211, 102)","rgb(28,30,33)","rgb(37,211,102)",8.42,8.42,1,1,0,0
36,section,"rgb(28, 30, 33)","rgb(252, 245, 235)","rgb(28,30,33)","rgb(252,245,235)",15.43,15.43,1,1,0,0
36,section,"rgb(28, 30, 33)","rgb(17, 27, 33)","rgb(28,30,33)","rgb(17,27,33)",1.05,1.05,0,0,0,0
36,a,"rgb(17, 27, 33)","rgb(37, 211, 102)","rgb(17,27,33)","rgb(37,211,102)",8.8,8.8,1,1,0,0
40,a,"rgb(255, 255, 255)","rgb(229, 9, 20)","rgb(255,255,255)","rgb(229,9,20)",4.79,4.79,1,1,0,0
40,button,"rgb(255, 255, 255)","rgba(128, 128, 128, 0.4)","rgb(255,255,255)","rgb(204,204,204)",3.95,1.6,0,0,0,0
40,button,"rgb(255, 255, 255)","rgb(35, 35, 35)","rgb(255,255,255)","rgb(35,35,35)",15.72,15.72,1,1,0,0
40,h3,"rgb(255, 255, 255)","rgb(45, 45, 45)","rgb(255,255,255)","rgb(45,45,45)",13.77,13.77,1,1,0,0
40,button,"rgb(51, 51, 51)","rgb(255, 255, 255)","rgb(51,51,51)","rgb(255,255,255)",12.63,12.63,1,1,0,0
42,li,"rgb(35, 40, 45)","rgb(246, 246, 246)","rgb(35,40,45)","rgb(246,246,246)",13.75,13.75,1,1,0,0
42,a,"rgb(255, 255, 255)","rgb(56, 88, 233)","rgb(255,255,255)","rgb(56,88,233)",5.61,5.61,1,1,0,0
42,div,"rgb(30, 30, 30)","rgb(246, 246, 246)","rgb(30,30,30)","rgb(246,246,246)",15.43,15.43,1,1,0,0
42,div,"rgb(255, 255, 255)","rgb(30, 30, 30)","rgb(255,255,255)","rgb(30,30,30)",16.67,16.67,1,1,0,0
42,div,"rgb(255, 255, 255)","rgb(35, 40, 45)","rgb(255,255,255)","rgb(35,40,45)",14.86,14.86,1,1,0,0
44,button,"rgb(255, 255, 255)","rgb(91, 95, 199)","rgb(255,255,255)","rgb(91,95,199)",5.38,5.38,1,1,0,0
44,button,"rgb(91, 95, 199)","rgb(255, 255, 255)","rgb(91,95,199)","rgb(255,255,255)",5.38,5.38,1,1,0,0
44,div,"rgb(36, 36, 36)","rgb(255, 255, 255)","rgb(36,36,36)","rgb(255,255,255)",15.52,15.52,1,1,0,0
44,span,"rgb(91, 95, 199)","rgb(235, 243, 252)","rgb(91,95,199)","rgb(235,243,252)",4.8,4.8,1,1,0,0
44,button,"rgb(0, 0, 0)","rgb(255, 255, 255)","rgb(0,0,0)","rgb(255,255,255)",21,21,1,1,0,0
45,div,"rgb(23, 37, 61)","rgb(242, 242, 242)","rgb(23,37,61)","rgb(242,242,242)",13.71,13.71,1,1,0,0
45,button,"rgb(0, 0, 0)","rgb(235, 235, 235)","rgb(0,0,0)","rgb(235,235,235)",17.62,17.62,1,1,0,0
45,a,"rgb(255, 255, 255)","rgb(0, 0, 0)","rgb(255,255,255)","rgb(0,0,0)",21,21,1,1,0,0
45,section,"rgb(220, 238, 248)","rgb(8, 28, 40)","rgb(220,238,248)","rgb(8,28,40)",14.6,14.6,1,1,0,0
45,a,"rgb(255, 255, 255)","rgb(9, 31, 44)","rgb(255,255,255)","rgb(9,31,44)",16.88,16.88,1,1,0,0
45,div,"rgb(23, 37, 61)","rgb(254, 254, 254)","rgb(23,37,61)","rgb(254,254,254)",15.22,15.22,1,1,0,0
45,div,"rgb(0, 0, 0)","rgb(254, 254, 254)","rgb(0,0,0)","rgb(254,254,254)",20.82,20.82,1,1,0,0
45,div,"rgb(23, 37, 61)","rgb(255, 252, 249)","rgb(23,37,61)","rgb(255,252,249)",15.01,15.01,1,1,0,0
45,button,"rgb(255, 255, 255)","rgb(6, 22, 31)","rgb(255,255,255)","rgb(6,22,31)",18.38,18.38,1,1,0,0
45,button,"rgb(5, 17, 24)","rgba(6, 22, 31, 0.1)","rgb(5,17,24)","rgb(230,232,233)",1.04,15.5,0,1,0,1
45,a,"rgb(0, 103, 184)","rgb(255, 255, 255)","rgb(0,103,184)","rgb(255,255,255)",5.78,5.78,1,1,0,0
45,li,"rgb(255, 255, 255)","rgb(36, 58, 94)","rgb(255,255,255)","rgb(36,58,94)",11.4,11.4,1,1,0,0
46,div,"rgb(0, 0, 0)","rgb(255, 255, 255)","rgb(0,0,0)","rgb(255,255,255)",21,21,1,1,0,0
46,button,"rgb(15, 15, 15)","rgba(0, 0, 0, 0.05)","rgb(15,15,15)","rgb(242,242,242)",1.1,17.16,0,1,0,1
46,button,"rgb(255, 255, 255)","rgb(15, 15, 15)","rgb(255,255,255)","rgb(15,15,15)",19.17,19.17,1,1,0,0
48,div,"rgb(33, 25, 34)","rgb(230, 0, 35)","rgb(33,25,34)","rgb(230,0,35)",3.58,3.58,0,0,0,0
48,a,"rgb(33, 25, 34)","rgba(255, 255, 255, 0)","rgb(33,25,34)","rgb(255,255,255)",17.12,17.12,1,1,0,0
48,button,"rgb(0, 0, 0)","rgb(230, 0, 35)","rgb(0,0,0)","rgb(230,0,35)",4.39,4.39,0,0,0,0
48,button,"rgb(0, 0, 0)","rgb(229, 229, 224)","rgb(0,0,0)","rgb(229,229,224)",16.62,16.62,1,1,0,0
48,div,"rgb(33, 25, 34)","rgb(255, 255, 255)","rgb(33,25,34)","rgb(255,255,255)",17.12,17.12,1,1,0,0
48,a,"rgb(33, 25, 34)","rgb(229, 229, 224)","rgb(33,25,34)","rgb(229,229,224)",13.54,13.54,1,1,0,0
50,a,"rgb(0, 0, 0)","rgb(255, 255, 255)","rgb(0,0,0)","rgb(255,255,255)",21,21,1,1,0,0
50,div,"rgb(13, 11, 48)","rgb(255, 255, 255)","rgb(13,11,48)","rgb(255,255,255)",18.96,18.96,1,1,0,0
50,a,"rgb(2, 2, 2)","rgb(254, 180, 159)","rgb(2,2,2)","rgb(254,180,159)",12.1,12.1,1,1,0,0
50,section,"rgb(12, 12, 48)","rgb(255, 243, 239)","rgb(12,12,48)","rgb(255,243,239)",17.39,17.39,1,1,0,0
50,div,"rgb(12, 12, 48)","rgb(255, 255, 255)","rgb(12,12,48)","rgb(255,255,255)",18.9,18.9,1,1,0,0
50,section,"rgb(12, 12, 48)","rgb(235, 235, 246)","rgb(12,12,48)","rgb(235,235,246)",15.97,15.97,1,1,0,0
50,section,"rgb(255, 255, 255)","rgb(33, 33, 33)","rgb(255,255,255)","rgb(33,33,33)",16.1,16.1,1,1,0,0
50,section,"rgb(255, 255, 255)","rgb(20, 20, 96)","rgb(255,255,255)","rgb(20,20,96)",16.17,16.17,1,1,0,0
50,div,"rgb(255, 255, 255)","rgb(57, 57, 183)","rgb(255,255,255)","rgb(57,57,183)",8.6,8.6,1,1,0,0
51,div,"rgb(28, 30, 33)","rgb(17, 27, 33)","rgb(28,30,33)","rgb(17,27,33)",1.05,1.05,0,0,0,0
51,a,"rgb(28, 30, 33)","rgb(67, 205, 102)","rgb(28,30,33)","rgb(67,205,102)",8.08,8.08,1,1,0,0
51,a,"rgb(28, 30, 33)","rgb(255, 255, 255)","rgb(28,30,33)","rgb(255,255,255)",16.71,16.71,1,1,0,0
51,a,"rgb(28, 30, 33)","rgb(37, 211, 102)","rgb(28,30,33)","rgb(37,211,102)",8.42,8.42,1,1,0,0
51,section,"rgb(28, 30, 33)","rgb(252, 245, 235)","rgb(28,30,33)","rgb(252,245,235)",15.43,15.43,1,1,0,0
51,a,"rgb(17, 27, 33)","rgb(37, 211, 102)","rgb(17,27,33)","rgb(37,211,102)",8.8,8.8,1,1,0,0
54,a,"rgb(255, 255, 255)","rgb(11, 87, 208)","rgb(255,255,255)","rgb(11,87,208)",6.39,6.39,1,1,0,0
54,div,"rgb(31, 31, 31)","rgb(255, 255, 255)","rgb(31,31,31)","rgb(255,255,255)",16.48,16.48,1,1,0,0
54,div,"rgb(31, 31, 31)","rgb(243, 245, 246)","rgb(31,31,31)","rgb(243,245,246)",15.07,15.07,1,1,0,0
54,div,"rgb(11, 87, 208)","rgb(232, 240, 254)","rgb(11,87,208)","rgb(232,240,254)",5.57,5.57,1,1,0,0
54,div,"rgb(11, 87, 208)","rgb(255, 255, 255)","rgb(11,87,208)","rgb(255,255,255)",6.39,6.39,1,1,0,0
54,div,"rgb(71, 71, 71)","rgb(241, 243, 244)","rgb(71,71,71)","rgb(241,243,244)",8.35,8.35,1,1,0,0
55,div,"rgb(0, 0, 0)","rgb(15, 20, 25)","rgb(0,0,0)","rgb(15,20,25)",1.13,1.13,0,0,0,0
55,button,"rgb(0, 0, 0)","rgb(239, 243, 244)","rgb(0,0,0)","rgb(239,243,244)",18.8,18.8,1,1,0,0
55,div,"rgb(0, 0, 0)","rgb(0, 0, 0)","rgb(0,0,0)","rgb(0,0,0)",1,1,0,0,0,0
55,div,"rgb(0, 0, 0)","rgb(255, 255, 255)","rgb(0,0,0)","rgb(255,255,255)",21,21,1,1,0,0
55,div,"rgb(0, 0, 0)","rgb(212, 212, 212)","rgb(0,0,0)","rgb(212,212,212)",14.17,14.17,1,1,0,0
56,div,"rgb(29, 34, 43)","rgb(255, 255, 255)","rgb(29,34,43)","rgb(255,255,255)",15.96,15.96,1,1,0,0
56,div,"rgb(29, 34, 40)","rgb(255, 255, 255)","rgb(29,34,40)","rgb(255,255,255)",16.01,16.01,1,1,0,0
56,button,"rgb(6, 91, 239)","rgb(255, 255, 255)","rgb(6,91,239)","rgb(255,255,255)",5.6,5.6,1,1,0,0
57,div,"rgb(0, 0, 0)","rgb(242, 242, 242)","rgb(0,0,0)","rgb(242,242,242)",18.76,18.76,1,1,0,0
57,button,"rgb(0, 0, 0)","rgb(235, 235, 235)","rgb(0,0,0)","rgb(235,235,235)",17.62,17.62,1,1,0,0
57,div,"rgb(0, 0, 0)","rgb(255, 255, 255)","rgb(0,0,0)","rgb(255,255,255)",21,21,1,1,0,0
57,a,"rgb(255, 255, 255)","rgb(0, 0, 0)","rgb(255,255,255)","rgb(0,0,0)",21,21,1,1,0,0
57,a,"rgb(0, 0, 238)","rgb(255, 255, 255)","rgb(0,0,238)","rgb(255,255,255)",9.4,9.4,1,1,0,0
57,div,"rgb(50, 49, 48)","rgb(255, 255, 255)","rgb(50,49,48)","rgb(255,255,255)",12.98,12.98,1,1,0,0
58,div,"rgba(255, 255, 255, 0.9)","rgb(18, 18, 18)","rgb(231,231,231)","rgb(18,18,18)",18.73,15.19,1,1,0,0
58,div,"rgba(255, 255, 255, 0.9)","rgba(255, 255, 255, 0.08)","rgb(255,255,255)","rgb(255,255,255)",1,1,0,0,0,0
59,div,"rgba(0, 0, 0, 0.88)","rgb(255, 255, 255)","rgb(31,31,31)","rgb(255,255,255)",21,16.56,1,1,0,0
59,div,"rgba(0, 0, 0, 0.88)","rgb(242, 242, 247)","rgb(29,29,30)","rgb(242,242,247)",18.82,15.09,1,1,0,0
60,button,"rgb(255, 255, 255)","rgb(19, 113, 195)","rgb(255,255,255)","rgb(19,113,195)",5.03,5.03,1,1,0,0
62,div,"rgb(179, 179, 179)","rgb(0, 0, 0)","rgb(179,179,179)","rgb(0,0,0)",10.02,10.02,1,1,0,0
62,a,"rgb(0, 0, 238)","rgb(255, 255, 255)","rgb(0,0,238)","rgb(255,255,255)",9.4,9.4,1,1,0,0
62,span,"rgb(0, 0, 0)","rgb(255, 255, 255)","rgb(0,0,0)","rgb(255,255,255)",21,21,1,1,0,0
62,div,"rgb(179, 179, 179)","rgb(18, 18, 18)","rgb(179,179,179)","rgb(18,18,18)",8.93,8.93,1,1,0,0
62,section,"rgb(179, 179, 179)","rgb(31, 31, 31)","rgb(179,179,179)","rgb(31,31,31)",7.86,7.86,1,1,0,0
62,span,"rgb(18, 18, 18)","rgb(179, 179, 179)","rgb(18,18,18)","rgb(179,179,179)",8.93,8.93,1,1,0,0
62,button,"rgb(255, 255, 255)","rgb(24, 24, 24)","rgb(255,255,255)","rgb(24,24,24)",17.76,17.76,1,1,0,0
62,button,"rgb(24, 24, 24)","rgb(238, 238, 238)","rgb(24,24,24)","rgb(238,238,238)",15.3,15.3,1,1,0,0
66,div,"rgb(35, 49, 59)","rgb(250, 252, 253)","rgb(35,49,59)","rgb(250,252,253)",12.97,12.97,1,1,0,0
66,div,"rgb(10, 14, 18)","rgb(250, 252, 253)","rgb(10,14,18)","rgb(250,252,253)",18.82,18.82,1,1,0,0
66,a,"rgb(10, 14, 18)","rgba(241, 245, 249, 0)","rgb(10,14,18)","rgb(255,255,255)",17.68,19.36,1,1,0,0
66,div,"rgb(20, 26, 32)","rgb(23, 213, 255)","rgb(20,26,32)","rgb(23,213,255)",10.01,10.01,1,1,0,0
66,a,"rgb(20, 26, 32)","rgba(241, 245, 249, 0)","rgb(20,26,32)","rgb(255,255,255)",16,17.52,1,1,0,0
66,button,"rgb(20, 26, 32)","rgba(255, 255, 255, 0.6)","rgb(20,26,32)","rgb(255,255,255)",17.52,17.52,1,1,0,0
66,section,"rgb(250, 252, 253)","rgb(20, 26, 32)","rgb(250,252,253)","rgb(20,26,32)",17.03,17.03,1,1,0,0
66,div,"rgb(250, 252, 253)","rgb(40, 49, 58)","rgb(250,252,253)","rgb(40,49,58)",12.83,12.83,1,1,0,0
66,section,"rgb(10, 14, 18)","rgb(241, 245, 249)","rgb(10,14,18)","rgb(241,245,249)",17.68,17.68,1,1,0,0
66,div,"rgb(20, 26, 32)","rgb(250, 252, 253)","rgb(20,26,32)","rgb(250,252,253)",17.03,17.03,1,1,0,0
66,section,"rgb(10, 14, 18)","rgb(20, 26, 32)","rgb(10,14,18)","rgb(20,26,32)",1.11,1.11,0,0,0,0
66,div,"rgb(250, 252, 253)","rgb(25, 32, 40)","rgb(250,252,253)","rgb(25,32,40)",15.96,15.96,1,1,0,0
66,div,"rgb(250, 252, 253)","rgba(250, 252, 253, 0.6)","rgb(250,252,253)","rgb(252,253,254)",1,1.01,0,0,0,0
66,div,"rgb(20, 26, 32)","rgb(241, 245, 249)","rgb(20,26,32)","rgb(241,245,249)",16,16,1,1,0,0
66,span,"rgb(10, 14, 18)","rgb(23, 213, 255)","rgb(10,14,18)","rgb(23,213,255)",11.06,11.06,1,1,0,0
66,button,"rgb(61, 71, 81)","rgb(223, 228, 234)","rgb(61,71,81)","rgb(223,228,234)",7.4,7.4,1,1,0,0
67,button,"rgb(0, 0, 0)","rgb(223, 223, 223)","rgb(0,0,0)","rgb(223,223,223)",15.76,15.76,1,1,0,0
67,button,"rgb(255, 255, 255)","rgb(255, 168, 44)","rgb(255,255,255)","rgb(255,168,44)",1.93,1.93,0,0,0,0
67,div,"rgb(68, 68, 68)","rgb(255, 255, 255)","rgb(68,68,68)","rgb(255,255,255)",9.74,9.74,1,1,0,0
71,div,"rgb(28, 30, 33)","rgb(17, 27, 33)","rgb(28,30,33)","rgb(17,27,33)",1.05,1.05,0,0,0,0
71,a,"rgb(28, 30, 33)","rgb(67, 205, 102)","rgb(28,30,33)","rgb(67,205,102)",8.08,8.08,1,1,0,0
71,a,"rgb(28, 30, 33)","rgb(255, 255, 255)","rgb(28,30,33)","rgb(255,255,255)",16.71,16.71,1,1,0,0
71,a,"rgb(28, 30, 33)","rgb(37, 211, 102)","rgb(28,30,33)","rgb(37,211,102)",8.42,8.42,1,1,0,0
71,div,"rgb(28, 30, 33)","rgb(248, 249, 250)","rgb(28,30,33)","rgb(248,249,250)",15.85,15.85,1,1,0,0
71,a,"rgb(255, 255, 255)","rgb(1, 230, 117)","rgb(255,255,255)","rgb(1,230,117)",1.67,1.67,0,0,0,0
71,a,"rgb(17, 27, 33)","rgb(37, 211, 102)","rgb(17,27,33)","rgb(37,211,102)",8.8,8.8,1,1,0,0
74,button,"rgb(150, 150, 147)","rgb(232, 232, 230)","rgb(150,150,147)","rgb(232,232,230)",2.42,2.42,0,0,0,0
75,section,"rgb(247, 247, 248)","rgb(33, 35, 38)","rgb(247,247,248)","rgb(33,35,38)",14.71,14.71,1,1,0,0
75,a,"rgb(18, 18, 21)","rgb(247, 247, 248)","rgb(18,18,21)","rgb(247,247,248)",17.47,17.47,1,1,0,0
75,div,"rgb(247, 247, 248)","rgba(0, 0, 0, 0.5)","rgb(247,247,248)","rgb(128,128,128)",19.61,3.71,1,0,1,0
75,div,"rgb(247, 247, 248)","rgb(18, 18, 21)","rgb(247,247,248)","rgb(18,18,21)",17.47,17.47,1,1,0,0
75,button,"rgb(39, 41, 48)","rgb(255, 255, 255)","rgb(39,41,48)","rgb(255,255,255)",14.52,14.52,1,1,0,0
75,div,"rgb(247, 247, 248)","rgb(0, 0, 0)","rgb(247,247,248)","rgb(0,0,0)",19.61,19.61,1,1,0,0
75,span,"rgb(213, 215, 221)","rgb(213, 215, 221)","rgb(213,215,221)","rgb(213,215,221)",1,1,0,0,0,0
77,a,"rgb(255, 255, 255)","rgb(11, 92, 255)","rgb(255,255,255)","rgb(11,92,255)",5.26,5.26,1,1,0,0
77,a,"rgb(0, 5, 61)","rgb(230, 240, 255)","rgb(0,5,61)","rgb(230,240,255)",16.78,16.78,1,1,0,0
77,div,"rgb(0, 5, 61)","rgb(255, 255, 255)","rgb(0,5,61)","rgb(255,255,255)",19.28,19.28,1,1,0,0
77,span,"rgb(32, 87, 177)","rgb(242, 248, 255)","rgb(32,87,177)","rgb(242,248,255)",6.42,6.42,1,1,0,0
77,a,"rgb(11, 92, 255)","rgba(255, 255, 255, 0.1)","rgb(11,92,255)","rgb(255,255,255)",5.26,5.26,1,1,0,0
77,a,"rgb(255, 255, 255)","rgb(0, 5, 61)","rgb(255,255,255)","rgb(0,5,61)",19.28,19.28,1,1,0,0
77,a,"rgb(0, 5, 61)","rgb(243, 248, 255)","rgb(0,5,61)","rgb(243,248,255)",18.07,18.07,1,1,0,0
77,section,"rgb(0, 3, 31)","rgb(255, 255, 255)","rgb(0,3,31)","rgb(255,255,255)",20.33,20.33,1,1,0,0
77,a,"rgb(11, 92, 255)","rgb(255, 255, 255)","rgb(11,92,255)","rgb(255,255,255)",5.26,5.26,1,1,0,0
77,div,"rgb(105, 107, 110)","rgb(243, 248, 255)","rgb(105,107,110)","rgb(243,248,255)",5.01,5.01,1,1,0,0
77,button,"rgb(255, 255, 255)","rgba(255, 255, 255, 0.1)","rgb(255,255,255)","rgb(255,255,255)",1,1,0,0,0,0
77,button,"rgb(255, 255, 255)","rgb(14, 114, 237)","rgb(255,255,255)","rgb(14,114,237)",4.52,4.52,1,1,0,0
77,button,"rgb(14, 113, 235)","rgb(255, 255, 255)","rgb(14,113,235)","rgb(255,255,255)",4.58,4.58,1,1,0,0
81,div,"rgb(255, 255, 255)","rgb(0, 0, 0)","rgb(255,255,255)","rgb(0,0,0)",21,21,1,1,0,0
81,a,"rgb(38, 38, 38)","rgb(255, 255, 255)","rgb(38,38,38)","rgb(255,255,255)",15.13,15.13,1,1,0,0
81,a,"rgb(146, 146, 146)","rgb(255, 255, 255)","rgb(146,146,146)","rgb(255,255,255)",3.11,3.11,0,0,0,0
81,a,"rgb(255, 255, 255)","rgb(38, 38, 38)","rgb(255,255,255)","rgb(38,38,38)",15.13,15.13,1,1,0,0
81,div,"rgb(56, 56, 56)","rgb(237, 237, 237)","rgb(56,56,56)","rgb(237,237,237)",10.02,10.02,1,1,0,0
81,span,"rgb(255, 255, 255)","rgb(226, 0, 116)","rgb(255,255,255)","rgb(226,0,116)",4.68,4.68,1,1,0,0
81,div,"rgb(56, 56, 56)","rgb(226, 0, 116)","rgb(56,56,56)","rgb(226,0,116)",2.5,2.5,0,0,0,0
81,section,"rgb(56, 56, 56)","rgb(245, 225, 148)","rgb(56,56,56)","rgb(245,225,148)",8.98,8.98,1,1,0,0
81,a,"rgb(38, 38, 38)","rgba(255, 255, 255, 0.4)","rgb(38,38,38)","rgb(255,255,255)",15.13,15.13,1,1,0,0
81,a,"rgb(255, 255, 255)","rgb(107, 107, 107)","rgb(255,255,255)","rgb(107,107,107)",5.33,5.33,1,1,0,0
82,span,"rgb(51, 119, 255)","rgba(255, 255, 255, 0.1)","rgb(51,119,255)","rgb(255,255,255)",4.02,4.02,0,0,0,0
82,a,"rgb(51, 51, 51)","rgb(51, 119, 255)","rgb(51,51,51)","rgb(51,119,255)",3.14,3.14,0,0,0,0
82,div,"rgb(51, 51, 51)","rgb(48, 113, 242)","rgb(51,51,51)","rgb(48,113,242)",2.87,2.87,0,0,0,0
82,div,"rgb(51, 51, 51)","rgb(255, 255, 255)","rgb(51,51,51)","rgb(255,255,255)",12.63,12.63,1,1,0,0
83,a,"rgb(255, 255, 255)","rgba(65, 54, 128, 0.1)","rgb(255,255,255)","rgb(236,235,242)",10.17,1.18,1,0,1,0
83,section,"rgb(0, 0, 0)","rgb(255, 255, 255)","rgb(0,0,0)","rgb(255,255,255)",21,21,1,1,0,0
83,section,"rgb(255, 255, 255)","rgb(29, 25, 22)","rgb(255,255,255)","rgb(29,25,22)",17.46,17.46,1,1,0,0
83,button,"rgb(255, 255, 255)","rgb(0, 0, 0)","rgb(255,255,255)","rgb(0,0,0)",21,21,1,1,0,0
84,a,"rgb(0, 0, 0)","rgba(0, 0, 0, 0.06)","rgb(0,0,0)","rgb(240,240,240)",1,18.38,0,1,0,1
84,div,"rgb(47, 55, 71)","rgb(255, 221, 87)","rgb(47,55,71)","rgb(255,221,87)",8.95,8.95,1,1,0,0
84,div,"rgb(255, 255, 255)","rgba(176, 189, 214, 0.2)","rgb(255,255,255)","rgb(239,242,247)",1.89,1.12,0,0,0,0
85,a,"rgb(255, 255, 255)","rgb(78, 110, 242)","rgb(255,255,255)","rgb(78,110,242)",4.34,4.34,0,0,0,0
85,div,"rgb(0, 0, 0)","rgb(255, 255, 255)","rgb(0,0,0)","rgb(255,255,255)",21,21,1,1,0,0
85,div,"rgb(51, 51, 51)","rgb(246, 247, 254)","rgb(51,51,51)","rgb(246,247,254)",11.82,11.82,1,1,0,0
85,span,"rgb(255, 255, 255)","rgb(255, 102, 0)","rgb(255,255,255)","rgb(255,102,0)",2.94,2.94,0,0,0,0
86,div,"rgb(242, 242, 242)","rgb(0, 0, 0)","rgb(242,242,242)","rgb(0,0,0)",18.76,18.76,1,1,0,0
88,a,"rgb(255, 255, 255)","rgb(22, 22, 22)","rgb(255,255,255)","rgb(22,22,22)",18.1,18.1,1,1,0,0
89,a,"rgb(255, 255, 255)","rgb(255, 94, 31)","rgb(255,255,255)","rgb(255,94,31)",3.06,3.06,0,0,0,0
89,section,"rgb(38, 38, 38)","rgb(255, 255, 255)","rgb(38,38,38)","rgb(255,255,255)",15.13,15.13,1,1,0,0
89,div,"rgb(38, 38, 38)","rgb(255, 94, 31)","rgb(38,38,38)","rgb(255,94,31)",4.95,4.95,1,1,0,0
89,a,"rgb(31, 31, 31)","rgb(255, 255, 255)","rgb(31,31,31)","rgb(255,255,255)",16.48,16.48,1,1,0,0
89,div,"rgb(38, 38, 38)","rgb(253, 253, 252)","rgb(38,38,38)","rgb(253,253,252)",14.87,14.87,1,1,0,0
89,a,"rgb(255, 255, 255)","rgb(255, 112, 56)","rgb(255,255,255)","rgb(255,112,56)",2.75,2.75,0,0,0,0
89,button,"rgb(255, 94, 31)","rgb(255, 255, 255)","rgb(255,94,31)","rgb(255,255,255)",3.06,3.06,0,0,0,0
90,div,"rgb(2, 2, 2)","rgb(242, 242, 242)","rgb(2,2,2)","rgb(242,242,242)",18.53,18.53,1,1,0,0
90,button,"rgb(0, 0, 0)","rgb(235, 235, 235)","rgb(0,0,0)","rgb(235,235,235)",17.62,17.62,1,1,0,0
90,div,"rgb(255, 255, 255)","rgb(0, 0, 0)","rgb(255,255,255)","rgb(0,0,0)",21,21,1,1,0,0
90,a,"rgb(255, 255, 255)","rgba(56, 60, 86, 0.4)","rgb(255,255,255)","rgb(175,177,187)",10.78,2.13,1,0,1,0
90,div,"rgb(255, 255, 255)","rgba(15, 19, 44, 0.5)","rgb(255,255,255)","rgb(135,137,150)",18.26,3.47,1,0,1,0
90,div,"rgb(255, 255, 255)","rgba(56, 60, 86, 0.6)","rgb(255,255,255)","rgb(136,138,154)",10.78,3.42,1,0,1,0
90,a,"rgb(255, 255, 255)","rgb(0, 120, 212)","rgb(255,255,255)","rgb(0,120,212)",4.53,4.53,1,1,0,0
90,section,"rgb(255, 255, 255)","rgb(2, 2, 2)","rgb(255,255,255)","rgb(2,2,2)",20.75,20.75,1,1,0,0
91,div,"rgb(0, 0, 0)","rgb(242, 245, 248)","rgb(0,0,0)","rgb(242,245,248)",19.19,19.19,1,1,0,0
91,span,"rgb(255, 255, 255)","rgb(91, 58, 255)","rgb(255,255,255)","rgb(91,58,255)",6.01,6.01,1,1,0,0
91,span,"rgb(255, 255, 255)","rgb(46, 132, 111)","rgb(255,255,255)","rgb(46,132,111)",4.52,4.52,1,1,0,0
91,a,"rgb(255, 255, 255)","rgb(80, 33, 255)","rgb(255,255,255)","rgb(80,33,255)",6.99,6.99,1,1,0,0
91,div,"rgb(37, 40, 54)","rgb(242, 245, 248)","rgb(37,40,54)","rgb(242,245,248)",13.37,13.37,1,1,0,0
91,div,"rgb(0, 0, 0)","rgb(255, 255, 255)","rgb(0,0,0)","rgb(255,255,255)",21,21,1,1,0,0
91,div,"rgb(0, 0, 0)","rgb(80, 33, 255)","rgb(0,0,0)","rgb(80,33,255)",3,3,0,0,0,0
92,div,"rgb(3, 3, 3)","rgb(238, 219, 196)","rgb(3,3,3)","rgb(238,219,196)",15.29,15.29,1,1,0,0
92,a,"rgb(255, 255, 255)","rgb(3, 3, 3)","rgb(255,255,255)","rgb(3,3,3)",20.62,20.62,1,1,0,0
92,div,"rgb(3, 3, 3)","rgb(230, 238, 240)","rgb(3,3,3)","rgb(230,238,240)",17.53,17.53,1,1,0,0
92,div,"rgb(3, 3, 3)","rgb(3, 3, 3)","rgb(3,3,3)","rgb(3,3,3)",1,1,0,0,0,0
92,a,"rgb(3, 3, 3)","rgb(39, 40, 40)","rgb(3,3,3)","rgb(39,40,40)",1.4,1.4,0,0,0,0
92,div,"rgb(3, 3, 3)","rgb(255, 255, 255)","rgb(3,3,3)","rgb(255,255,255)",20.62,20.62,1,1,0,0
92,div,"rgb(3, 3, 3)","rgb(141, 155, 161)","rgb(3,3,3)","rgb(141,155,161)",7.2,7.2,1,1,0,0
92,div,"rgb(3, 3, 3)","rgb(223, 214, 201)","rgb(3,3,3)","rgb(223,214,201)",14.34,14.34,1,1,0,0
92,div,"rgb(3, 3, 3)","rgb(148, 165, 172)","rgb(3,3,3)","rgb(148,165,172)",8.09,8.09,1,1,0,0
93,button,"rgba(6, 6, 15, 0.87)","rgb(255, 204, 0)","rgb(38,32,13)","rgb(255,204,0)",13.35,10.74,1,1,0,0
93,div,"rgba(6, 6, 15, 0.87)","rgb(239, 240, 242)","rgb(36,36,45)","rgb(239,240,242)",17.7,13.44,1,1,0,0
93,a,"rgb(0, 0, 0)","rgb(53, 181, 222)","rgb(0,0,0)","rgb(53,181,222)",8.82,8.82,1,1,0,0
93,div,"rgba(6, 6, 15, 0.87)","rgb(255, 255, 255)","rgb(38,38,46)","rgb(255,255,255)",20.18,14.94,1,1,0,0
93,li,"rgba(6, 6, 15, 0.87)","rgb(232, 234, 237)","rgb(35,36,44)","rgb(232,234,237)",16.74,12.84,1,1,0,0
93,div,"rgba(6, 6, 15, 0.87)","rgba(0, 11, 33, 0.06)","rgb(36,36,44)","rgb(240,240,242)",1.03,13.47,0,1,0,1
93,div,"rgb(255, 255, 255)","rgb(32, 32, 34)","rgb(255,255,255)","rgb(32,32,34)",16.26,16.26,1,1,0,0
94,a,"rgb(255, 255, 255)","rgb(0, 0, 0)","rgb(255,255,255)","rgb(0,0,0)",21,21,1,1,0,0
94,a,"rgb(0, 0, 238)","rgb(247, 247, 247)","rgb(0,0,238)","rgb(247,247,247)",8.77,8.77,1,1,0,0
94,div,"rgb(0, 0, 0)","rgb(255, 255, 255)","rgb(0,0,0)","rgb(255,255,255)",21,21,1,1,0,0
94,button,"rgb(0, 122, 255)","rgb(255, 255, 255)","rgb(0,122,255)","rgb(255,255,255)",4.02,4.02,0,0,0,0
94,div,"rgb(0, 0, 0)","rgb(247, 247, 247)","rgb(0,0,0)","rgb(247,247,247)",19.6,19.6,1,1,0,0
94,button,"rgb(255, 255, 255)","rgb(20, 41, 160)","rgb(255,255,255)","rgb(20,41,160)",11.32,11.32,1,1,0,0
95,div,"rgb(255, 255, 255)","rgb(21, 15, 35)","rgb(255,255,255)","rgb(21,15,35)",18.68,18.68,1,1,0,0
95,a,"rgb(54, 45, 89)","rgb(246, 246, 248)","rgb(54,45,89)","rgb(246,246,248)",11.61,11.61,1,1,0,0
95,div,"rgb(255, 255, 255)","rgb(66, 32, 130)","rgb(255,255,255)","rgb(66,32,130)",11.93,11.93,1,1,0,0
95,button,"rgb(31, 22, 51)","rgb(255, 255, 255)","rgb(31,22,51)","rgb(255,255,255)",17.2,17.2,1,1,0,0
96,button,"rgb(255, 255, 255)","rgb(26, 115, 232)","rgb(255,255,255)","rgb(26,115,232)",4.51,4.51,1,1,0,0
96,div,"rgb(65, 65, 65)","rgb(255, 255, 255)","rgb(65,65,65)","rgb(255,255,255)",10.21,10.21,1,1,0,0
96,a,"rgb(0, 0, 0)","rgb(241, 243, 244)","rgb(0,0,0)","rgb(241,243,244)",18.87,18.87,1,1,0,0
96,span,"rgb(255, 255, 255)","rgb(52, 168, 83)","rgb(255,255,255)","rgb(52,168,83)",3.06,3.06,0,0,0,0
96,a,"rgb(26, 115, 232)","rgb(255, 255, 255)","rgb(26,115,232)","rgb(255,255,255)",4.51,4.51,1,1,0,0
97,button,"rgb(255, 255, 255)","rgb(0, 114, 176)","rgb(255,255,255)","rgb(0,114,176)",5.21,5.21,1,1,0,0
97,section,"rgb(34, 34, 34)","rgb(0, 0, 0)","rgb(34,34,34)","rgb(0,0,0)",1.32,1.32,0,0,0,0
97,div,"rgb(34, 34, 34)","rgb(230, 230, 230)","rgb(34,34,34)","rgb(230,230,230)",12.75,12.75,1,1,0,0
97,div,"rgb(34, 34, 34)","rgb(255, 255, 255)","rgb(34,34,34)","rgb(255,255,255)",15.91,15.91,1,1,0,0
97,section,"rgb(250, 249, 247)","rgb(34, 34, 34)","rgb(250,249,247)","rgb(34,34,34)",15.12,15.12,1,1,0,0
97,button,"rgb(255, 255, 255)","rgb(67, 156, 211)","rgb(255,255,255)","rgb(67,156,211)",3.03,3.03,0,0,0,0
100,div,"rgb(255, 255, 255)","rgb(56, 88, 233)","rgb(255,255,255)","rgb(56,88,233)",5.61,5.61,1,1,0,0
100,a,"rgb(56, 88, 233)","rgb(255, 255, 255)","rgb(56,88,233)","rgb(255,255,255)",5.61,5.61,1,1,0,0
100,div,"rgb(60, 67, 74)","rgb(246, 247, 247)","rgb(60,67,74)","rgb(246,247,247)",9.34,9.34,1,1,0,0
100,section,"rgb(60, 67, 74)","rgb(255, 255, 255)","rgb(60,67,74)","rgb(255,255,255)",10.03,10.03,1,1,0,0
100,div,"rgb(60, 67, 74)","rgba(0, 0, 0, 0.5)","rgb(60,67,74)","rgb(128,128,128)",2.09,2.52,0,0,0,0
100,a,"rgb(255, 255, 255)","rgb(16, 21, 23)","rgb(255,255,255)","rgb(16,21,23)",18.39,18.39,1,1,0,0
100,div,"rgba(16, 21, 23, 0.85)","rgb(246, 247, 247)","rgb(51,55,57)","rgb(246,247,247)",17.14,11.24,1,1,0,0
100,section,"rgba(255, 255, 255, 0.85)","rgb(16, 21, 23)","rgb(219,220,220)","rgb(16,21,23)",18.39,13.38,1,1,0,0
100,a,"rgb(255, 255, 255)","rgb(0, 0, 0)","rgb(255,255,255)","rgb(0,0,0)",21,21,1,1,0,0
103,div,"rgb(29, 31, 33)","rgb(3, 31, 57)","rgb(29,31,33)","rgb(3,31,57)",1.01,1.01,0,0,0,0
103,div,"rgb(29, 31, 33)","rgb(255, 253, 248)","rgb(29,31,33)","rgb(255,253,248)",16.26,16.26,1,1,0,0
103,div,"rgb(29, 31, 33)","rgb(247, 244, 238)","rgb(29,31,33)","rgb(247,244,238)",15.06,15.06,1,1,0,0
103,a,"rgb(3, 31, 57)","rgb(255, 253, 248)","rgb(3,31,57)","rgb(255,253,248)",16.41,16.41,1,1,0,0
103,a,"rgb(255, 253, 248)","rgb(0, 88, 221)","rgb(255,253,248)","rgb(0,88,221)",6.01,6.01,1,1,0,0
103,div,"rgb(10, 10, 10)","rgb(238, 234, 227)","rgb(10,10,10)","rgb(238,234,227)",16.51,16.51,1,1,0,0
103,div,"rgb(3, 31, 57)","rgb(238, 234, 227)","rgb(3,31,57)","rgb(238,234,227)",13.91,13.91,1,1,0,0
103,section,"rgb(29, 31, 33)","rgb(243, 102, 0)","rgb(29,31,33)","rgb(243,102,0)",5.28,5.28,1,1,0,0
103,div,"rgb(10, 10, 10)","rgb(255, 253, 248)","rgb(10,10,10)","rgb(255,253,248)",19.48,19.48,1,1,0,0
103,div,"rgb(29, 31, 33)","rgb(36, 66, 93)","rgb(29,31,33)","rgb(36,66,93)",1.58,1.58,0,0,0,0
103,a,"rgb(0, 88, 221)","rgb(214, 231, 255)","rgb(0,88,221)","rgb(214,231,255)",4.86,4.86,1,1,0,0
103,div,"rgb(10, 10, 10)","rgb(247, 244, 238)","rgb(10,10,10)","rgb(247,244,238)",18.03,18.03,1,1,0,0
103,div,"rgb(29, 31, 33)","rgb(237, 242, 254)","rgb(29,31,33)","rgb(237,242,254)",14.75,14.75,1,1,0,0
103,button,"rgb(42, 91, 215)","rgb(237, 242, 254)","rgb(42,91,215)","rgb(237,242,254)",5.24,5.24,1,1,0,0
103,button,"rgb(255, 255, 255)","rgb(42, 91, 215)","rgb(255,255,255)","rgb(42,91,215)",5.87,5.87,1,1,0,0
104,a,"rgb(255, 255, 255)","rgb(0, 111, 255)","rgb(255,255,255)","rgb(0,111,255)",4.45,4.45,0,0,0,0
104,div,"rgb(73, 73, 73)","rgb(255, 255, 255)","rgb(73,73,73)","rgb(255,255,255)",9,9,1,1,0,0
104,div,"rgb(73, 73, 73)","rgb(249, 250, 250)","rgb(73,73,73)","rgb(249,250,250)",8.61,8.61,1,1,0,0
104,button,"rgb(255, 255, 255)","rgba(255, 255, 255, 0.1)","rgb(255,255,255)","rgb(255,255,255)",1,1,0,0,0,0
104,button,"rgb(0, 122, 255)","rgb(255, 255, 255)","rgb(0,122,255)","rgb(255,255,255)",4.02,4.02,0,0,0,0
104,button,"rgb(255, 255, 255)","rgb(0, 122, 255)","rgb(255,255,255)","rgb(0,122,255)",4.02,4.02,0,0,0,0
105,a,"rgb(0, 0, 0)","rgb(234, 237, 239)","rgb(0,0,0)","rgb(234,237,239)",17.86,17.86,1,1,0,0
107,a,"rgb(0, 0, 0)","rgb(53, 237, 126)","rgb(0,0,0)","rgb(53,237,126)",13.57,13.57,1,1,0,0
107,a,"rgb(0, 0, 0)","rgb(255, 255, 255)","rgb(0,0,0)","rgb(255,255,255)",21,21,1,1,0,0
107,a,"rgb(35, 39, 42)","rgb(255, 255, 255)","rgb(35,39,42)","rgb(255,255,255)",15.05,15.05,1,1,0,0
107,button,"rgb(255, 255, 255)","rgb(88, 101, 242)","rgb(255,255,255)","rgb(88,101,242)",4.61,4.61,1,1,0,0
107,div,"rgb(0, 0, 0)","rgba(32, 38, 154, 0)","rgb(0,0,0)","rgb(255,255,255)",1.81,21,0,1,0,1
107,div,"rgb(0, 0, 0)","rgb(0, 0, 0)","rgb(0,0,0)","rgb(0,0,0)",1,1,0,0,0,0
107,div,"rgb(255, 255, 255)","rgba(255, 255, 255, 0.1)","rgb(255,255,255)","rgb(255,255,255)",1,1,0,0,0,0
107,button,"rgb(0, 176, 244)","rgb(255, 255, 255)","rgb(0,176,244)","rgb(255,255,255)",2.47,2.47,0,0,0,0
107,button,"rgb(255, 255, 255)","rgb(35, 39, 42)","rgb(255,255,255)","rgb(35,39,42)",15.05,15.05,1,1,0,0
108,div,"rgb(0, 0, 0)","rgba(0, 0, 0, 0.4)","rgb(0,0,0)","rgb(153,153,153)",1,7.37,0,1,0,1
108,div,"rgb(0, 0, 0)","rgba(255, 255, 255, 0.4)","rgb(0,0,0)","rgb(255,255,255)",21,21,1,1,0,0
108,a,"rgb(0, 108, 214)","rgba(255, 255, 255, 0.85)","rgb(0,108,214)","rgb(255,255,255)",5.1,5.1,1,1,0,0
108,a,"rgb(0, 108, 214)","rgba(255, 255, 255, 0.4)","rgb(0,108,214)","rgb(255,255,255)",5.1,5.1,1,1,0,0
108,div,"rgb(0, 0, 0)","rgb(255, 255, 255)","rgb(0,0,0)","rgb(255,255,255)",21,21,1,1,0,0
108,a,"rgb(255, 255, 255)","rgb(0, 0, 0)","rgb(255,255,255)","rgb(0,0,0)",21,21,1,1,0,0
108,button,"rgb(255, 255, 255)","rgb(61, 30, 248)","rgb(255,255,255)","rgb(61,30,248)",7.67,7.67,1,1,0,0
108,section,"rgb(0, 0, 0)","rgb(246, 249, 254)","rgb(0,0,0)","rgb(246,249,254)",19.9,19.9,1,1,0,0
108,button,"rgb(0, 0, 0)","rgb(216, 210, 254)","rgb(0,0,0)","rgb(216,210,254)",14.57,14.57,1,1,0,0
108,div,"rgb(0, 0, 0)","rgb(42, 17, 117)","rgb(0,0,0)","rgb(42,17,117)",1.44,1.44,0,0,0,0
108,div,"rgb(0, 0, 0)","rgb(205, 186, 245)","rgb(0,0,0)","rgb(205,186,245)",11.94,11.94,1,1,0,0
111,a,"rgb(255, 255, 255)","rgb(0, 0, 0)","rgb(255,255,255)","rgb(0,0,0)",21,21,1,1,0,0
111,a,"rgb(255, 255, 255)","rgb(255, 128, 0)","rgb(255,255,255)","rgb(255,128,0)",2.52,2.52,0,0,0,0
111,section,"rgb(255, 255, 255)","rgb(56, 141, 128)","rgb(255,255,255)","rgb(56,141,128)",3.97,3.97,0,0,0,0
111,section,"rgb(255, 255, 255)","rgb(188, 56, 46)","rgb(255,255,255)","rgb(188,56,46)",5.61,5.61,1,1,0,0
111,section,"rgb(255, 255, 255)","rgb(87, 119, 131)","rgb(255,255,255)","rgb(87,119,131)",4.8,4.8,1,1,0,0
111,section,"rgb(255, 255, 255)","rgb(230, 116, 0)","rgb(255,255,255)","rgb(230,116,0)",3.06,3.06,0,0,0,0
111,a,"rgb(255, 255, 255)","rgb(47, 69, 79)","rgb(255,255,255)","rgb(47,69,79)",10.07,10.07,1,1,0,0
114,a,"rgb(255, 255, 255)","rgb(14, 71, 203)","rgb(255,255,255)","rgb(14,71,203)",7.55,7.55,1,1,0,0
114,div,"rgb(0, 0, 0)","rgb(238, 238, 238)","rgb(0,0,0)","rgb(238,238,238)",18.1,18.1,1,1,0,0
114,button,"rgb(68, 68, 68)","rgba(255, 255, 255, 0)","rgb(68,68,68)","rgb(255,255,255)",9.74,9.74,1,1,0,0
114,div,"rgb(0, 0, 0)","rgb(255, 255, 255)","rgb(0,0,0)","rgb(255,255,255)",21,21,1,1,0,0
114,a,"rgb(11, 57, 162)","rgb(207, 218, 245)","rgb(11,57,162)","rgb(207,218,245)",7.07,7.07,1,1,0,0
114,div,"rgb(255, 255, 255)","rgb(255, 255, 255)","rgb(255,255,255)","rgb(255,255,255)",1,1,0,0,0,0
114,div,"rgb(0, 0, 0)","rgb(243, 246, 252)","rgb(0,0,0)","rgb(243,246,252)",19.4,19.4,1,1,0,0
114,div,"rgb(23, 26, 34)","rgb(243, 246, 252)","rgb(23,26,34)","rgb(243,246,252)",16.07,16.07,1,1,0,0
115,div,"rgb(0, 0, 0)","rgb(242, 243, 245)","rgb(0,0,0)","rgb(242,243,245)",18.91,18.91,1,1,0,0
115,div,"rgb(0, 0, 0)","rgb(255, 255, 255)","rgb(0,0,0)","rgb(255,255,255)",21,21,1,1,0,0
117,div,"rgb(24, 61, 109)","rgb(18, 20, 63)","rgb(24,61,109)","rgb(18,20,63)",1.61,1.61,0,0,0,0
117,a,"rgb(34, 60, 106)","rgb(239, 248, 254)","rgb(34,60,106)","rgb(239,248,254)",10.16,10.16,1,1,0,0
117,section,"rgb(255, 255, 255)","rgb(5, 30, 56)","rgb(255,255,255)","rgb(5,30,56)",16.81,16.81,1,1,0,0
117,section,"rgb(24, 61, 109)","rgb(225, 242, 255)","rgb(24,61,109)","rgb(225,242,255)",9.52,9.52,1,1,0,0
117,div,"rgb(24, 61, 109)","rgb(255, 255, 255)","rgb(24,61,109)","rgb(255,255,255)",10.9,10.9,1,1,0,0
117,div,"rgb(255, 255, 255)","rgb(2, 46, 87)","rgb(255,255,255)","rgb(2,46,87)",13.72,13.72,1,1,0,0
117,div,"rgb(255, 255, 255)","rgb(24, 61, 109)","rgb(255,255,255)","rgb(24,61,109)",10.9,10.9,1,1,0,0
117,a,"rgb(24, 61, 109)","rgb(3, 35, 64)","rgb(24,61,109)","rgb(3,35,64)",1.46,1.46,0,0,0,0
117,div,"rgb(255, 255, 255)","rgb(2, 47, 88)","rgb(255,255,255)","rgb(2,47,88)",13.55,13.55,1,1,0,0
118,div,"rgba(255, 255, 255, 0.5)","rgb(32, 32, 36)","rgb(144,144,146)","rgb(32,32,36)",16.24,5.06,1,1,0,0
120,button,"rgb(255, 255, 255)","rgb(0, 114, 176)","rgb(255,255,255)","rgb(0,114,176)",5.21,5.21,1,1,0,0
120,div,"rgb(34, 34, 34)","rgb(255, 214, 81)","rgb(34,34,34)","rgb(255,214,81)",11.36,11.36,1,1,0,0
120,section,"rgb(34, 34, 34)","rgb(0, 0, 0)","rgb(34,34,34)","rgb(0,0,0)",1.32,1.32,0,0,0,0
120,div,"rgb(34, 34, 34)","rgb(255, 255, 255)","rgb(34,34,34)","rgb(255,255,255)",15.91,15.91,1,1,0,0
120,div,"rgb(255, 255, 255)","rgb(0, 33, 107)","rgb(255,255,255)","rgb(0,33,107)",14.69,14.69,1,1,0,0
120,div,"rgb(255, 255, 255)","rgb(102, 102, 102)","rgb(255,255,255)","rgb(102,102,102)",5.74,5.74,1,1,0,0
120,div,"rgb(34, 34, 34)","rgb(250, 249, 247)","rgb(34,34,34)","rgb(250,249,247)",15.12,15.12,1,1,0,0
120,section,"rgb(250, 249, 247)","rgb(34, 34, 34)","rgb(250,249,247)","rgb(34,34,34)",15.12,15.12,1,1,0,0
120,button,"rgb(255, 255, 255)","rgb(67, 156, 211)","rgb(255,255,255)","rgb(67,156,211)",3.03,3.03,0,0,0,0
122,div,"rgb(133, 100, 4)","rgb(255, 243, 205)","rgb(133,100,4)","rgb(255,243,205)",4.96,4.96,1,1,0,0
122,div,"rgb(51, 51, 51)","rgb(245, 245, 245)","rgb(51,51,51)","rgb(245,245,245)",11.59,11.59,1,1,0,0
123,button,"rgb(255, 255, 255)","rgb(0, 150, 229)","rgb(255,255,255)","rgb(0,150,229)",3.23,3.23,0,0,0,0
123,button,"rgb(255, 255, 255)","rgb(0, 0, 0)","rgb(255,255,255)","rgb(0,0,0)",21,21,1,1,0,0
123,a,"rgb(255, 255, 255)","rgb(18, 19, 20)","rgb(255,255,255)","rgb(18,19,20)",18.6,18.6,1,1,0,0
123,div,"rgb(0, 0, 0)","rgb(255, 255, 255)","rgb(0,0,0)","rgb(255,255,255)",21,21,1,1,0,0
123,button,"rgb(255, 255, 255)","rgb(68, 69, 70)","rgb(255,255,255)","rgb(68,69,70)",9.61,9.61,1,1,0,0
123,div,"rgb(0, 0, 0)","rgb(248, 249, 251)","rgb(0,0,0)","rgb(248,249,251)",19.93,19.93,1,1,0,0
123,div,"rgb(0, 0, 0)","rgb(38, 38, 38)","rgb(0,0,0)","rgb(38,38,38)",1.39,1.39,0,0,0,0
125,div,"rgb(31, 35, 40)","rgb(255, 255, 255)","rgb(31,35,40)","rgb(255,255,255)",15.8,15.8,1,1,0,0
125,a,"rgb(255, 255, 255)","rgb(9, 105, 218)","rgb(255,255,255)","rgb(9,105,218)",5.19,5.19,1,1,0,0
125,button,"rgb(0, 0, 0)","rgb(255, 255, 255)","rgb(0,0,0)","rgb(255,255,255)",21,21,1,1,0,0
125,a,"rgb(101, 109, 118)","rgb(246, 248, 250)","rgb(101,109,118)","rgb(246,248,250)",4.93,4.93,1,1,0,0
125,div,"rgb(31, 35, 40)","rgb(246, 248, 250)","rgb(31,35,40)","rgb(246,248,250)",14.84,14.84,1,1,0,0
125,a,"rgb(255, 255, 255)","rgb(31, 136, 61)","rgb(255,255,255)","rgb(31,136,61)",4.52,4.52,1,1,0,0
125,button,"rgb(36, 41, 47)","rgb(246, 248, 250)","rgb(36,41,47)","rgb(246,248,250)",13.76,13.76,1,1,0,0
125,span,"rgb(101, 109, 118)","rgba(234, 238, 242, 0.5)","rgb(101,109,118)","rgb(245,247,249)",4.5,4.86,1,1,0,0
126,div,"rgb(255, 255, 255)","rgb(124, 41, 125)","rgb(255,255,255)","rgb(124,41,125)",8.5,8.5,1,1,0,0
126,section,"rgb(255, 255, 255)","rgb(40, 38, 94)","rgb(255,255,255)","rgb(40,38,94)",13.73,13.73,1,1,0,0
126,div,"rgb(51, 51, 51)","rgb(255, 255, 255)","rgb(51,51,51)","rgb(255,255,255)",12.63,12.63,1,1,0,0
126,div,"rgb(255, 255, 255)","rgb(255, 255, 255)","rgb(255,255,255)","rgb(255,255,255)",1,1,0,0,0,0
126,a,"rgb(124, 41, 125)","rgb(255, 255, 255)","rgb(124,41,125)","rgb(255,255,255)",8.5,8.5,1,1,0,0
128,a,"rgb(255, 255, 255)","rgba(255, 255, 255, 0.2)","rgb(255,255,255)","rgb(255,255,255)",1,1,0,0,0,0
128,a,"rgb(255, 255, 255)","rgba(26, 152, 255, 0.8)","rgb(255,255,255)","rgb(72,173,255)",3.01,2.42,0,0,0,0
128,div,"rgb(255, 255, 255)","rgb(0, 5, 13)","rgb(255,255,255)","rgb(0,5,13)",20.44,20.44,1,1,0,0
128,span,"rgb(255, 255, 255)","rgb(51, 55, 61)","rgb(255,255,255)","rgb(51,55,61)",11.97,11.97,1,1,0,0
128,span,"rgb(0, 5, 13)","rgb(255, 255, 255)","rgb(0,5,13)","rgb(255,255,255)",20.44,20.44,1,1,0,0
128,span,"rgb(255, 255, 255)","rgb(235, 0, 23)","rgb(255,255,255)","rgb(235,0,23)",4.62,4.62,1,1,0,0
131,button,"rgb(255, 255, 255)","rgb(0, 168, 142)","rgb(255,255,255)","rgb(0,168,142)",3,3,0,0,0,0
131,button,"rgb(0, 168, 142)","rgb(255, 255, 255)","rgb(0,168,142)","rgb(255,255,255)",3,3,0,0,0,0
131,div,"rgb(68, 68, 68)","rgb(255, 255, 255)","rgb(68,68,68)","rgb(255,255,255)",9.74,9.74,1,1,0,0
131,button,"rgb(29, 29, 27)","rgb(189, 224, 245)","rgb(29,29,27)","rgb(189,224,245)",12.18,12.18,1,1,0,0
131,span,"rgb(255, 255, 255)","rgb(0, 131, 111)","rgb(255,255,255)","rgb(0,131,111)",4.69,4.69,1,1,0,0
131,span,"rgb(255, 255, 255)","rgb(255, 55, 72)","rgb(255,255,255)","rgb(255,55,72)",3.56,3.56,0,0,0,0
131,div,"rgb(29, 29, 27)","rgb(255, 255, 255)","rgb(29,29,27)","rgb(255,255,255)",16.88,16.88,1,1,0,0
131,div,"rgb(255, 255, 255)","rgb(56, 28, 118)","rgb(255,255,255)","rgb(56,28,118)",13.16,13.16,1,1,0,0
131,span,"rgb(29, 29, 27)","rgb(255, 232, 16)","rgb(29,29,27)","rgb(255,232,16)",13.51,13.51,1,1,0,0
131,div,"rgb(255, 255, 255)","rgb(130, 51, 255)","rgb(255,255,255)","rgb(130,51,255)",5.43,5.43,1,1,0,0
131,div,"rgb(255, 255, 255)","rgb(9, 150, 220)","rgb(255,255,255)","rgb(9,150,220)",3.28,3.28,0,0,0,0
131,div,"rgb(29, 29, 27)","rgb(242, 242, 242)","rgb(29,29,27)","rgb(242,242,242)",15.08,15.08,1,1,0,0
131,button,"rgba(0, 0, 0, 0)","rgb(0, 168, 142)","rgb(0,168,142)","rgb(0,168,142)",6.99,1,1,0,1,0
131,div,"rgb(68, 68, 68)","rgb(252, 252, 252)","rgb(68,68,68)","rgb(252,252,252)",9.49,9.49,1,1,0,0
135,button,"rgb(255, 255, 255)","rgb(30, 136, 229)","rgb(255,255,255)","rgb(30,136,229)",3.68,3.68,0,0,0,0
136,div,"rgb(23, 37, 61)","rgb(242, 242, 242)","rgb(23,37,61)","rgb(242,242,242)",13.71,13.71,1,1,0,0
136,button,"rgb(0, 0, 0)","rgb(235, 235, 235)","rgb(0,0,0)","rgb(235,235,235)",17.62,17.62,1,1,0,0
136,div,"rgb(23, 37, 61)","rgb(255, 246, 243)","rgb(23,37,61)","rgb(255,246,243)",14.42,14.42,1,1,0,0
136,a,"rgb(255, 255, 255)","rgb(9, 31, 44)","rgb(255,255,255)","rgb(9,31,44)",16.88,16.88,1,1,0,0
136,div,"rgb(23, 37, 61)","rgb(254, 254, 254)","rgb(23,37,61)","rgb(254,254,254)",15.22,15.22,1,1,0,0
136,button,"rgb(255, 255, 255)","rgb(6, 22, 31)","rgb(255,255,255)","rgb(6,22,31)",18.38,18.38,1,1,0,0
136,button,"rgb(5, 17, 24)","rgba(6, 22, 31, 0.1)","rgb(5,17,24)","rgb(230,232,233)",1.04,15.5,0,1,0,1
136,div,"rgb(0, 0, 0)","rgb(254, 254, 254)","rgb(0,0,0)","rgb(254,254,254)",20.82,20.82,1,1,0,0
136,div,"rgb(80, 80, 80)","rgb(254, 254, 254)","rgb(80,80,80)","rgb(254,254,254)",7.99,7.99,1,1,0,0
136,a,"rgb(0, 103, 184)","rgb(255, 255, 255)","rgb(0,103,184)","rgb(255,255,255)",5.78,5.78,1,1,0,0
136,a,"rgb(255, 255, 255)","rgb(0, 0, 0)","rgb(255,255,255)","rgb(0,0,0)",21,21,1,1,0,0
136,div,"rgb(220, 238, 248)","rgb(230, 230, 228)","rgb(220,238,248)","rgb(230,230,228)",1.05,1.05,0,0,0,0
137,div,"rgb(16, 21, 23)","rgb(255, 255, 255)","rgb(16,21,23)","rgb(255,255,255)",18.39,18.39,1,1,0,0
137,a,"rgb(255, 255, 255)","rgb(29, 79, 196)","rgb(255,255,255)","rgb(29,79,196)",7.08,7.08,1,1,0,0
137,section,"rgb(0, 0, 0)","rgb(255, 255, 255)","rgb(0,0,0)","rgb(255,255,255)",21,21,1,1,0,0
137,section,"rgb(0, 0, 0)","rgb(231, 231, 231)","rgb(0,0,0)","rgb(231,231,231)",16.98,16.98,1,1,0,0
137,section,"rgb(255, 255, 255)","rgb(0, 0, 0)","rgb(255,255,255)","rgb(0,0,0)",21,21,1,1,0,0
137,div,"rgb(255, 255, 255)","rgb(44, 51, 56)","rgb(255,255,255)","rgb(44,51,56)",12.82,12.82,1,1,0,0
137,div,"rgb(255, 255, 255)","rgb(29, 35, 39)","rgb(255,255,255)","rgb(29,35,39)",15.89,15.89,1,1,0,0
137,label,"rgb(220, 220, 222)","rgb(44, 51, 56)","rgb(220,220,222)","rgb(44,51,56)",9.36,9.36,1,1,0,0
137,section,"rgb(0, 0, 0)","rgb(240, 240, 240)","rgb(0,0,0)","rgb(240,240,240)",18.43,18.43,1,1,0,0
137,div,"rgb(255, 255, 255)","rgb(16, 21, 23)","rgb(255,255,255)","rgb(16,21,23)",18.39,18.39,1,1,0,0
137,a,"rgb(255, 255, 255)","rgb(40, 45, 50)","rgb(255,255,255)","rgb(40,45,50)",13.89,13.89,1,1,0,0
137,div,"rgb(16, 21, 23)","rgb(29, 79, 196)","rgb(16,21,23)","rgb(29,79,196)",2.6,2.6,0,0,0,0
137,a,"rgb(56, 88, 233)","rgb(255, 255, 255)","rgb(56,88,233)","rgb(255,255,255)",5.61,5.61,1,1,0,0
137,a,"rgb(255, 255, 255)","rgb(56, 88, 233)","rgb(255,255,255)","rgb(56,88,233)",5.61,5.61,1,1,0,0
139,a,"rgb(247, 245, 242)","rgb(30, 25, 25)","rgb(247,245,242)","rgb(30,25,25)",15.97,15.97,1,1,0,0
139,div,"rgb(30, 25, 25)","rgb(255, 255, 255)","rgb(30,25,25)","rgb(255,255,255)",17.38,17.38,1,1,0,0
139,a,"rgb(247, 245, 242)","rgb(0, 97, 254)","rgb(247,245,242)","rgb(0,97,254)",4.66,4.66,1,1,0,0
139,div,"rgb(0, 0, 0)","rgb(247, 245, 242)","rgb(0,0,0)","rgb(247,245,242)",19.3,19.3,1,1,0,0
139,div,"rgb(0, 0, 0)","rgb(255, 255, 255)","rgb(0,0,0)","rgb(255,255,255)",21,21,1,1,0,0
139,div,"rgba(82, 74, 62, 0.82)","rgb(247, 245, 242)","rgb(112,105,94)","rgb(247,245,242)",8.01,5,1,1,0,0
139,div,"rgb(0, 0, 0)","rgb(28, 29, 33)","rgb(0,0,0)","rgb(28,29,33)",1.25,1.25,0,0,0,0
139,div,"rgb(0, 0, 0)","rgb(0, 0, 0)","rgb(0,0,0)","rgb(0,0,0)",1,1,0,0,0,0
142,a,"rgb(30, 222, 123)","rgba(255, 255, 255, 0)","rgb(30,222,123)","rgb(255,255,255)",1.78,1.78,0,0,0,0
142,div,"rgb(43, 47, 51)","rgb(242, 244, 247)","rgb(43,47,51)","rgb(242,244,247)",12.24,12.24,1,1,0,0
142,button,"rgb(255, 255, 255)","rgb(43, 47, 51)","rgb(255,255,255)","rgb(43,47,51)",13.49,13.49,1,1,0,0
142,button,"rgb(43, 47, 51)","rgba(255, 255, 255, 0)","rgb(43,47,51)","rgb(255,255,255)",13.49,13.49,1,1,0,0
142,a,"rgb(43, 47, 51)","rgb(255, 255, 255)","rgb(43,47,51)","rgb(255,255,255)",13.49,13.49,1,1,0,0
142,span,"rgb(43, 47, 51)","rgb(30, 222, 123)","rgb(43,47,51)","rgb(30,222,123)",7.57,7.57,1,1,0,0
142,a,"rgb(0, 0, 238)","rgb(249, 250, 252)","rgb(0,0,238)","rgb(249,250,252)",9,9,1,1,0,0
142,div,"rgb(43, 47, 51)","rgb(25, 27, 30)","rgb(43,47,51)","rgb(25,27,30)",1.28,1.28,0,0,0,0
142,a,"rgb(43, 47, 51)","rgba(46, 46, 55, 0.2)","rgb(43,47,51)","rgb(213,213,215)",1,9.22,0,1,0,1
142,div,"rgb(43, 47, 51)","rgb(24, 24, 24)","rgb(43,47,51)","rgb(24,24,24)",1.32,1.32,0,0,0,0
142,a,"rgb(0, 0, 238)","rgba(255, 255, 255, 0.05)","rgb(0,0,238)","rgb(255,255,255)",9.4,9.4,1,1,0,0
142,button,"rgb(0, 0, 0)","rgb(43, 47, 51)","rgb(0,0,0)","rgb(43,47,51)",1.56,1.56,0,0,0,0
152,div,"rgb(0, 0, 0)","rgb(0, 25, 53)","rgb(0,0,0)","rgb(0,25,53)",1.19,1.19,0,0,0,0
152,button,"rgb(0, 0, 0)","rgb(0, 184, 255)","rgb(0,0,0)","rgb(0,184,255)",9.3,9.3,1,1,0,0
152,button,"rgb(255, 255, 255)","rgba(255, 255, 255, 0.05)","rgb(255,255,255)","rgb(255,255,255)",1,1,0,0,0,0
152,button,"rgb(255, 255, 255)","rgb(0, 0, 0)","rgb(255,255,255)","rgb(0,0,0)",21,21,1,1,0,0
152,button,"rgb(255, 255, 255)","rgba(0, 0, 0, 0.1)","rgb(255,255,255)","rgb(230,230,230)",21,1.25,1,0,1,0
152,li,"rgb(255, 255, 255)","rgba(232, 215, 58, 0.3)","rgb(255,255,255)","rgb(248,243,196)",1.48,1.13,0,0,0,0
152,li,"rgb(255, 255, 255)","rgba(255, 138, 0, 0.3)","rgb(255,255,255)","rgb(255,220,179)",2.36,1.3,0,0,0,0
152,li,"rgb(255, 255, 255)","rgba(255, 73, 48, 0.3)","rgb(255,255,255)","rgb(255,200,193)",3.36,1.47,0,0,0,0
152,li,"rgb(255, 255, 255)","rgba(255, 97, 206, 0.3)","rgb(255,255,255)","rgb(255,208,240)",2.67,1.36,0,0,0,0
152,li,"rgb(255, 255, 255)","rgba(124, 92, 255, 0.3)","rgb(255,255,255)","rgb(216,206,255)",4.35,1.48,0,0,0,0
152,li,"rgb(255, 255, 255)","rgba(1, 207, 53, 0.3)","rgb(255,255,255)","rgb(179,241,194)",2.1,1.29,0,0,0,0
152,div,"rgb(0, 0, 0)","rgb(13, 36, 63)","rgb(0,0,0)","rgb(13,36,63)",1.34,1.34,0,0,0,0
153,div,"rgb(90, 90, 90)","rgb(255, 255, 255)","rgb(90,90,90)","rgb(255,255,255)",6.9,6.9,1,1,0,0
153,button,"rgb(45, 55, 72)","rgb(255, 255, 255)","rgb(45,55,72)","rgb(255,255,255)",11.99,11.99,1,1,0,0
153,button,"rgb(255, 255, 255)","rgb(18, 18, 18)","rgb(255,255,255)","rgb(18,18,18)",18.73,18.73,1,1,0,0
153,div,"rgb(90, 90, 90)","rgb(226, 232, 240)","rgb(90,90,90)","rgb(226,232,240)",5.59,5.59,1,1,0,0
153,a,"rgb(0, 0, 0)","rgb(255, 255, 255)","rgb(0,0,0)","rgb(255,255,255)",21,21,1,1,0,0
153,div,"rgb(18, 18, 18)","rgb(248, 248, 248)","rgb(18,18,18)","rgb(248,248,248)",17.64,17.64,1,1,0,0
153,span,"rgb(255, 255, 255)","rgb(86, 123, 149)","rgb(255,255,255)","rgb(86,123,149)",4.5,4.5,1,1,0,0
153,section,"rgb(18, 18, 18)","rgb(255, 255, 255)","rgb(18,18,18)","rgb(255,255,255)",18.73,18.73,1,1,0,0
153,div,"rgb(0, 0, 0)","rgb(235, 235, 235)","rgb(0,0,0)","rgb(235,235,235)",17.62,17.62,1,1,0,0
155,div,"rgb(0, 0, 0)","rgb(241, 239, 234)","rgb(0,0,0)","rgb(241,239,234)",18.27,18.27,1,1,0,0
155,div,"rgb(0, 0, 0)","rgb(255, 255, 255)","rgb(0,0,0)","rgb(255,255,255)",21,21,1,1,0,0
155,a,"rgb(255, 255, 255)","rgb(0, 0, 0)","rgb(255,255,255)","rgb(0,0,0)",21,21,1,1,0,0
155,section,"rgb(0, 0, 0)","rgb(96, 205, 255)","rgb(0,0,0)","rgb(96,205,255)",11.67,11.67,1,1,0,0
155,a,"rgb(0, 0, 238)","rgb(0, 0, 0)","rgb(0,0,238)","rgb(0,0,0)",2.23,2.23,0,0,0,0
155,div,"rgb(0, 0, 0)","rgb(184, 233, 255)","rgb(0,0,0)","rgb(184,233,255)",16.14,16.14,1,1,0,0
155,a,"rgb(0, 0, 0)","rgba(255, 255, 255, 0)","rgb(0,0,0)","rgb(255,255,255)",21,21,1,1,0,0
155,div,"rgb(0, 0, 0)","rgb(0, 41, 145)","rgb(0,0,0)","rgb(0,41,145)",1.73,1.73,0,0,0,0
155,a,"rgb(255, 255, 255)","rgba(255, 255, 255, 0)","rgb(255,255,255)","rgb(255,255,255)",1,1,0,0,0,0
155,div,"rgb(0, 0, 0)","rgb(0, 0, 0)","rgb(0,0,0)","rgb(0,0,0)",1,1,0,0,0,0
155,div,"rgb(0, 0, 0)","rgb(240, 242, 249)","rgb(0,0,0)","rgb(240,242,249)",18.77,18.77,1,1,0,0
155,button,"rgb(0, 0, 0)","rgba(255, 255, 255, 0.7)","rgb(0,0,0)","rgb(255,255,255)",21,21,1,1,0,0
159,div,"rgb(78, 78, 78)","rgb(249, 249, 249)","rgb(78,78,78)","rgb(249,249,249)",7.9,7.9,1,1,0,0
161,div,"rgb(255, 255, 255)","rgb(0, 0, 0)","rgb(255,255,255)","rgb(0,0,0)",21,21,1,1,0,0
161,div,"rgb(255, 255, 255)","rgb(33, 33, 33)","rgb(255,255,255)","rgb(33,33,33)",16.1,16.1,1,1,0,0
161,a,"rgb(23, 23, 23)","rgb(255, 255, 255)","rgb(23,23,23)","rgb(255,255,255)",17.93,17.93,1,1,0,0
161,div,"rgb(255, 255, 255)","rgb(70, 130, 84)","rgb(255,255,255)","rgb(70,130,84)",4.58,4.58,1,1,0,0
161,button,"rgb(0, 0, 0)","rgb(255, 255, 255)","rgb(0,0,0)","rgb(255,255,255)",21,21,1,1,0,0
162,button,"rgb(0, 0, 0)","rgb(255, 255, 255)","rgb(0,0,0)","rgb(255,255,255)",21,21,1,1,0,0
162,div,"rgb(255, 255, 255)","rgb(2, 9, 10)","rgb(255,255,255)","rgb(2,9,10)",20.08,20.08,1,1,0,0
162,div,"rgb(255, 255, 255)","rgb(6, 26, 28)","rgb(255,255,255)","rgb(6,26,28)",17.91,17.91,1,1,0,0
162,div,"rgb(255, 255, 255)","rgb(255, 255, 255)","rgb(255,255,255)","rgb(255,255,255)",1,1,0,0,0,0
162,div,"rgb(0, 0, 0)","rgb(244, 244, 245)","rgb(0,0,0)","rgb(244,244,245)",19.11,19.11,1,1,0,0
162,div,"rgb(255, 255, 255)","rgb(2, 10, 8)","rgb(255,255,255)","rgb(2,10,8)",20.01,20.01,1,1,0,0
162,div,"rgb(0, 0, 0)","rgb(2, 9, 10)","rgb(0,0,0)","rgb(2,9,10)",1.05,1.05,0,0,0,0
162,section,"rgb(255, 255, 255)","rgb(0, 10, 30)","rgb(255,255,255)","rgb(0,10,30)",19.77,19.77,1,1,0,0
162,div,"rgb(255, 255, 255)","rgb(1, 6, 36)","rgb(255,255,255)","rgb(1,6,36)",19.95,19.95,1,1,0,0
162,div,"rgb(0, 0, 0)","rgb(0, 10, 30)","rgb(0,0,0)","rgb(0,10,30)",1.06,1.06,0,0,0,0
162,section,"rgb(255, 255, 255)","rgb(4, 30, 24)","rgb(255,255,255)","rgb(4,30,24)",17.44,17.44,1,1,0,0
162,div,"rgb(255, 255, 255)","rgb(7, 39, 32)","rgb(255,255,255)","rgb(7,39,32)",15.91,15.91,1,1,0,0
162,div,"rgb(0, 0, 0)","rgb(4, 30, 24)","rgb(0,0,0)","rgb(4,30,24)",1.2,1.2,0,0,0,0
163,a,"rgb(0, 0, 0)","rgb(53, 237, 126)","rgb(0,0,0)","rgb(53,237,126)",13.57,13.57,1,1,0,0
163,a,"rgb(0, 0, 0)","rgb(255, 255, 255)","rgb(0,0,0)","rgb(255,255,255)",21,21,1,1,0,0
163,a,"rgb(35, 39, 42)","rgb(255, 255, 255)","rgb(35,39,42)","rgb(255,255,255)",15.05,15.05,1,1,0,0
163,button,"rgb(255, 255, 255)","rgb(88, 101, 242)","rgb(255,255,255)","rgb(88,101,242)",4.61,4.61,1,1,0,0
163,div,"rgb(0, 0, 0)","rgba(32, 38, 154, 0)","rgb(0,0,0)","rgb(255,255,255)",1.81,21,0,1,0,1
163,div,"rgb(0, 0, 0)","rgb(0, 0, 0)","rgb(0,0,0)","rgb(0,0,0)",1,1,0,0,0,0
163,div,"rgb(255, 255, 255)","rgba(255, 255, 255, 0.1)","rgb(255,255,255)","rgb(255,255,255)",1,1,0,0,0,0
163,button,"rgb(0, 176, 244)","rgb(255, 255, 255)","rgb(0,176,244)","rgb(255,255,255)",2.47,2.47,0,0,0,0
163,button,"rgb(255, 255, 255)","rgb(35, 39, 42)","rgb(255,255,255)","rgb(35,39,42)",15.05,15.05,1,1,0,0
168,div,"rgb(34, 34, 34)","rgb(255, 255, 255)","rgb(34,34,34)","rgb(255,255,255)",15.91,15.91,1,1,0,0
168,div,"rgb(70, 70, 70)","rgb(255, 255, 255)","rgb(70,70,70)","rgb(255,255,255)",9.44,9.44,1,1,0,0
168,section,"rgb(34, 34, 34)","rgb(15, 55, 95)","rgb(34,34,34)","rgb(15,55,95)",1.31,1.31,0,0,0,0
168,a,"rgb(34, 34, 34)","rgb(4, 105, 227)","rgb(34,34,34)","rgb(4,105,227)",3.13,3.13,0,0,0,0
168,a,"rgb(0, 0, 238)","rgb(255, 255, 255)","rgb(0,0,238)","rgb(255,255,255)",9.4,9.4,1,1,0,0
173,div,"rgb(0, 0, 0)","rgb(255, 255, 255)","rgb(0,0,0)","rgb(255,255,255)",21,21,1,1,0,0
173,button,"rgb(255, 255, 255)","rgb(38, 136, 235)","rgb(255,255,255)","rgb(38,136,235)",3.62,3.62,0,0,0,0
175,div,"rgb(51, 51, 51)","rgb(217, 215, 206)","rgb(51,51,51)","rgb(217,215,206)",8.76,8.76,1,1,0,0
175,a,"rgb(0, 0, 238)","rgb(35, 35, 35)","rgb(0,0,238)","rgb(35,35,35)",1.67,1.67,0,0,0,0
175,div,"rgb(51, 51, 51)","rgb(189, 187, 179)","rgb(51,51,51)","rgb(189,187,179)",6.57,6.57,1,1,0,0
175,a,"rgb(255, 255, 255)","rgb(255, 0, 132)","rgb(255,255,255)","rgb(255,0,132)",3.76,3.76,0,0,0,0
175,div,"rgb(51, 51, 51)","rgb(152, 214, 217)","rgb(51,51,51)","rgb(152,214,217)",7.79,7.79,1,1,0,0
175,a,"rgb(0, 0, 0)","rgb(152, 214, 217)","rgb(0,0,0)","rgb(152,214,217)",12.96,12.96,1,1,0,0
175,a,"rgb(0, 0, 238)","rgb(246, 255, 0)","rgb(0,0,238)","rgb(246,255,0)",8.6,8.6,1,1,0,0
175,div,"rgb(51, 51, 51)","rgb(255, 255, 255)","rgb(51,51,51)","rgb(255,255,255)",12.63,12.63,1,1,0,0
175,a,"rgb(255, 255, 255)","rgb(9, 103, 231)","rgb(255,255,255)","rgb(9,103,231)",5.11,5.11,1,1,0,0
175,div,"rgb(51, 51, 51)","rgb(45, 45, 45)","rgb(51,51,51)","rgb(45,45,45)",1.09,1.09,0,0,0,0
178,button,"rgb(255, 255, 255)","rgb(18, 18, 18)","rgb(255,255,255)","rgb(18,18,18)",18.73,18.73,1,1,0,0
178,button,"rgb(18, 18, 18)","rgb(255, 255, 255)","rgb(18,18,18)","rgb(255,255,255)",18.73,18.73,1,1,0,0
178,div,"rgb(255, 255, 255)","rgb(48, 48, 48)","rgb(255,255,255)","rgb(48,48,48)",13.2,13.2,1,1,0,0
178,div,"rgb(255, 255, 255)","rgb(102, 102, 102)","rgb(255,255,255)","rgb(102,102,102)",5.74,5.74,1,1,0,0
178,button,"rgb(18, 18, 18)","rgb(243, 243, 243)","rgb(18,18,18)","rgb(243,243,243)",16.88,16.88,1,1,0,0
178,button,"rgb(0, 0, 0)","rgb(255, 255, 255)","rgb(0,0,0)","rgb(255,255,255)",21,21,1,1,0,0
178,button,"rgb(255, 255, 255)","rgb(0, 0, 0)","rgb(255,255,255)","rgb(0,0,0)",21,21,1,1,0,0
178,button,"rgba(0, 0, 0, 0)","rgb(255, 255, 255)","rgb(255,255,255)","rgb(255,255,255)",21,1,1,0,1,0
179,button,"rgb(255, 255, 255)","rgb(26, 115, 232)","rgb(255,255,255)","rgb(26,115,232)",4.51,4.51,1,1,0,0
179,a,"rgb(26, 115, 232)","rgb(241, 243, 244)","rgb(26,115,232)","rgb(241,243,244)",4.05,4.05,0,0,0,0
181,a,"rgb(0, 0, 0)","rgb(249, 220, 74)","rgb(0,0,0)","rgb(249,220,74)",15.36,15.36,1,1,0,0
181,div,"rgb(17, 17, 17)","rgb(255, 255, 255)","rgb(17,17,17)","rgb(255,255,255)",18.88,18.88,1,1,0,0
181,button,"rgb(255, 255, 255)","rgb(0, 90, 156)","rgb(255,255,255)","rgb(0,90,156)",7.14,7.14,1,1,0,0
181,div,"rgb(17, 17, 17)","rgb(248, 248, 251)","rgb(17,17,17)","rgb(248,248,251)",17.81,17.81,1,1,0,0
183,li,"rgb(0, 0, 0)","rgb(255, 255, 255)","rgb(0,0,0)","rgb(255,255,255)",21,21,1,1,0,0
183,a,"rgb(255, 255, 255)","rgb(0, 86, 240)","rgb(255,255,255)","rgb(0,86,240)",5.85,5.85,1,1,0,0
183,section,"rgb(0, 0, 0)","rgb(0, 86, 69)","rgb(0,0,0)","rgb(0,86,69)",2.42,2.42,0,0,0,0
183,a,"rgb(29, 57, 61)","rgb(213, 255, 126)","rgb(29,57,61)","rgb(213,255,126)",10.81,10.81,1,1,0,0
183,a,"rgb(255, 255, 255)","rgb(0, 86, 69)","rgb(255,255,255)","rgb(0,86,69)",8.69,8.69,1,1,0,0
183,section,"rgb(0, 0, 0)","rgb(0, 40, 82)","rgb(0,0,0)","rgb(0,40,82)",1.43,1.43,0,0,0,0
183,section,"rgb(0, 0, 0)","rgb(241, 244, 244)","rgb(0,0,0)","rgb(241,244,244)",18.99,18.99,1,1,0,0
183,div,"rgb(0, 0, 0)","rgb(232, 236, 236)","rgb(0,0,0)","rgb(232,236,236)",17.64,17.64,1,1,0,0
183,div,"rgb(0, 0, 0)","rgb(123, 205, 255)","rgb(0,0,0)","rgb(123,205,255)",12.02,12.02,1,1,0,0
183,div,"rgb(0, 0, 0)","rgb(0, 240, 214)","rgb(0,0,0)","rgb(0,240,214)",14.44,14.44,1,1,0,0
183,div,"rgb(0, 0, 0)","rgb(194, 235, 255)","rgb(0,0,0)","rgb(194,235,255)",16.62,16.62,1,1,0,0
183,div,"rgb(0, 0, 0)","rgb(219, 248, 244)","rgb(0,0,0)","rgb(219,248,244)",18.75,18.75,1,1,0,0
183,div,"rgb(0, 0, 0)","rgb(252, 255, 221)","rgb(0,0,0)","rgb(252,255,221)",20.49,20.49,1,1,0,0
183,div,"rgb(0, 0, 0)","rgb(219, 231, 253)","rgb(0,0,0)","rgb(219,231,253)",16.86,16.86,1,1,0,0
183,div,"rgb(0, 0, 0)","rgb(242, 225, 255)","rgb(0,0,0)","rgb(242,225,255)",16.99,16.99,1,1,0,0
183,section,"rgb(0, 0, 0)","rgb(0, 86, 240)","rgb(0,0,0)","rgb(0,86,240)",3.59,3.59,0,0,0,0
183,a,"rgb(0, 40, 82)","rgb(0, 240, 214)","rgb(0,40,82)","rgb(0,240,214)",10.13,10.13,1,1,0,0
185,div,"rgb(0, 0, 0)","rgb(12, 12, 12)","rgb(0,0,0)","rgb(12,12,12)",1.07,1.07,0,0,0,0
185,button,"rgb(12, 12, 12)","rgb(255, 255, 255)","rgb(12,12,12)","rgb(255,255,255)",19.56,19.56,1,1,0,0
185,div,"rgb(0, 0, 0)","rgb(255, 255, 255)","rgb(0,0,0)","rgb(255,255,255)",21,21,1,1,0,0
185,div,"rgb(0, 0, 0)","rgb(0, 0, 0)","rgb(0,0,0)","rgb(0,0,0)",1,1,0,0,0,0
185,div,"rgb(0, 0, 0)","rgba(0, 0, 0, 0.7)","rgb(0,0,0)","rgb(77,77,77)",1,2.46,0,0,0,0
185,div,"rgb(255, 255, 255)","rgba(12, 12, 12, 0.5)","rgb(255,255,255)","rgb(134,134,134)",19.56,3.67,1,0,1,0
185,div,"rgb(255, 255, 255)","rgba(0, 0, 0, 0.7)","rgb(255,255,255)","rgb(77,77,77)",21,8.52,1,1,0,0
185,div,"rgb(255, 255, 255)","rgb(12, 12, 12)","rgb(255,255,255)","rgb(12,12,12)",19.56,19.56,1,1,0,0
185,button,"rgb(38, 38, 38)","rgb(255, 255, 255)","rgb(38,38,38)","rgb(255,255,255)",15.13,15.13,1,1,0,0
186,a,"rgb(0, 0, 0)","rgb(255, 255, 255)","rgb(0,0,0)","rgb(255,255,255)",21,21,1,1,0,0
186,section,"rgb(18, 18, 18)","rgb(4, 31, 74)","rgb(18,18,18)","rgb(4,31,74)",1.16,1.16,0,0,0,0
186,section,"rgb(18, 18, 18)","rgb(255, 255, 255)","rgb(18,18,18)","rgb(255,255,255)",18.73,18.73,1,1,0,0
186,div,"rgb(18, 18, 18)","rgb(255, 244, 242)","rgb(18,18,18)","rgb(255,244,242)",17.37,17.37,1,1,0,0
186,div,"rgb(18, 18, 18)","rgb(254, 249, 245)","rgb(18,18,18)","rgb(254,249,245)",17.92,17.92,1,1,0,0
186,div,"rgb(18, 18, 18)","rgb(254, 241, 248)","rgb(18,18,18)","rgb(254,241,248)",17.08,17.08,1,1,0,0
186,a,"rgb(255, 255, 255)","rgb(5, 41, 98)","rgb(255,255,255)","rgb(5,41,98)",14,14,1,1,0,0
186,span,"rgb(255, 255, 255)","rgb(255, 229, 0)","rgb(255,255,255)","rgb(255,229,0)",1.28,1.28,0,0,0,0
186,div,"rgb(18, 18, 18)","rgb(237, 237, 237)","rgb(18,18,18)","rgb(237,237,237)",16,16,1,1,0,0
186,div,"rgb(18, 18, 18)","rgb(243, 251, 251)","rgb(18,18,18)","rgb(243,251,251)",17.84,17.84,1,1,0,0
186,div,"rgb(0, 119, 182)","rgb(9, 97, 91)","rgb(0,119,182)","rgb(9,97,91)",1.5,1.5,0,0,0,0
186,div,"rgb(246, 246, 246)","rgb(0, 119, 182)","rgb(246,246,246)","rgb(0,119,182)",4.5,4.5,1,1,0,0
186,div,"rgb(18, 18, 18)","rgb(246, 246, 246)","rgb(18,18,18)","rgb(246,246,246)",17.33,17.33,1,1,0,0
186,div,"rgb(255, 255, 255)","rgba(18, 18, 18, 0.7)","rgb(255,255,255)","rgb(89,89,89)",18.73,6.99,1,1,0,0
186,a,"rgb(5, 41, 98)","rgb(255, 255, 255)","rgb(5,41,98)","rgb(255,255,255)",14,14,1,1,0,0
187,button,"rgb(255, 255, 255)","rgb(39, 49, 67)","rgb(255,255,255)","rgb(39,49,67)",13.07,13.07,1,1,0,0
187,button,"rgb(39, 49, 67)","rgb(255, 255, 255)","rgb(39,49,67)","rgb(255,255,255)",13.07,13.07,1,1,0,0
187,section,"rgb(0, 0, 0)","rgb(39, 49, 67)","rgb(0,0,0)","rgb(39,49,67)",1.61,1.61,0,0,0,0
187,section,"rgb(0, 0, 0)","rgb(255, 255, 255)","rgb(0,0,0)","rgb(255,255,255)",21,21,1,1,0,0
187,div,"rgb(0, 0, 0)","rgb(234, 238, 253)","rgb(0,0,0)","rgb(234,238,253)",18.15,18.15,1,1,0,0
187,div,"rgb(255, 255, 255)","rgb(255, 255, 255)","rgb(255,255,255)","rgb(255,255,255)",1,1,0,0,0,0
187,div,"rgb(255, 255, 255)","rgb(205, 215, 234)","rgb(255,255,255)","rgb(205,215,234)",1.45,1.45,0,0,0,0
187,div,"rgb(255, 255, 255)","rgb(85, 95, 255)","rgb(255,255,255)","rgb(85,95,255)",4.7,4.7,1,1,0,0
187,a,"rgb(85, 95, 255)","rgb(255, 255, 255)","rgb(85,95,255)","rgb(255,255,255)",4.7,4.7,1,1,0,0
197,a,"rgb(255, 255, 255)","rgb(7, 29, 43)","rgb(255,255,255)","rgb(7,29,43)",17.22,17.22,1,1,0,0
197,div,"rgb(7, 29, 43)","rgb(255, 255, 255)","rgb(7,29,43)","rgb(255,255,255)",17.22,17.22,1,1,0,0
197,a,"rgb(255, 255, 255)","rgb(0, 112, 246)","rgb(255,255,255)","rgb(0,112,246)",4.52,4.52,1,1,0,0
197,div,"rgb(7, 29, 43)","rgb(255, 241, 229)","rgb(7,29,43)","rgb(255,241,229)",15.55,15.55,1,1,0,0
197,a,"rgb(0, 112, 246)","rgb(255, 255, 255)","rgb(0,112,246)","rgb(255,255,255)",4.52,4.52,1,1,0,0
197,div,"rgb(7, 29, 43)","rgb(7, 29, 43)","rgb(7,29,43)","rgb(7,29,43)",1,1,0,0,0,0
197,div,"rgb(7, 29, 43)","rgb(247, 250, 252)","rgb(7,29,43)","rgb(247,250,252)",16.43,16.43,1,1,0,0
197,div,"rgb(7, 29, 43)","rgb(12, 38, 54)","rgb(7,29,43)","rgb(12,38,54)",1.1,1.1,0,0,0,0
197,button,"rgb(255, 255, 255)","rgb(4, 62, 124)","rgb(255,255,255)","rgb(4,62,124)",10.58,10.58,1,1,0,0
200,a,"rgb(0, 0, 0)","rgb(255, 156, 255)","rgb(0,0,0)","rgb(255,156,255)",11.45,11.45,1,1,0,0
200,div,"rgb(0, 0, 0)","rgb(255, 217, 204)","rgb(0,0,0)","rgb(255,217,204)",16.05,16.05,1,1,0,0
200,a,"rgb(255, 255, 255)","rgb(0, 0, 0)","rgb(255,255,255)","rgb(0,0,0)",21,21,1,1,0,0
200,a,"rgb(0, 0, 0)","rgb(173, 255, 0)","rgb(0,0,0)","rgb(173,255,0)",17.08,17.08,1,1,0,0
200,a,"rgb(255, 255, 255)","rgb(46, 31, 184)","rgb(255,255,255)","rgb(46,31,184)",10.48,10.48,1,1,0,0
200,div,"rgb(0, 0, 0)","rgb(224, 255, 0)","rgb(0,0,0)","rgb(224,255,0)",18.47,18.47,1,1,0,0
200,a,"rgb(173, 255, 0)","rgb(0, 0, 0)","rgb(173,255,0)","rgb(0,0,0)",17.08,17.08,1,1,0,0
200,button,"rgb(255, 255, 255)","rgb(255, 255, 255)","rgb(255,255,255)","rgb(255,255,255)",1,1,0,0,0,0
200,div,"rgb(0, 0, 0)","rgb(255, 255, 255)","rgb(0,0,0)","rgb(255,255,255)",21,21,1,1,0,0
201,div,"rgb(0, 0, 0)","rgb(23, 23, 23)","rgb(0,0,0)","rgb(23,23,23)",1.17,1.17,0,0,0,0
201,button,"rgb(23, 23, 23)","rgb(255, 255, 255)","rgb(23,23,23)","rgb(255,255,255)",17.93,17.93,1,1,0,0
201,div,"rgb(255, 255, 255)","rgb(23, 23, 23)","rgb(255,255,255)","rgb(23,23,23)",17.93,17.93,1,1,0,0
201,a,"rgb(0, 56, 145)","rgb(252, 252, 252)","rgb(0,56,145)","rgb(252,252,252)",10.37,10.37,1,1,0,0
201,button,"rgb(187, 187, 187)","rgb(240, 240, 240)","rgb(187,187,187)","rgb(240,240,240)",1.68,1.68,0,0,0,0
201,a,"rgb(51, 51, 51)","rgb(255, 255, 255)","rgb(51,51,51)","rgb(255,255,255)",12.63,12.63,1,1,0,0
201,div,"rgb(51, 51, 51)","rgb(240, 240, 240)","rgb(51,51,51)","rgb(240,240,240)",11.09,11.09,1,1,0,0
201,button,"rgb(51, 51, 51)","rgb(252, 252, 252)","rgb(51,51,51)","rgb(252,252,252)",12.32,12.32,1,1,0,0
203,a,"rgb(25, 25, 25)","rgb(255, 255, 255)","rgb(25,25,25)","rgb(255,255,255)",17.58,17.58,1,1,0,0
203,button,"rgb(0, 0, 0)","rgb(255, 255, 255)","rgb(0,0,0)","rgb(255,255,255)",21,21,1,1,0,0
203,button,"rgb(255, 255, 255)","rgb(9, 104, 246)","rgb(255,255,255)","rgb(9,104,246)",4.86,4.86,1,1,0,0
203,div,"rgb(211, 239, 254)","rgb(0, 60, 102)","rgb(211,239,254)","rgb(0,60,102)",9.55,9.55,1,1,0,0
203,a,"rgb(0, 60, 102)","rgb(211, 239, 254)","rgb(0,60,102)","rgb(211,239,254)",9.55,9.55,1,1,0,0
203,div,"rgb(78, 78, 12)","rgb(193, 215, 55)","rgb(78,78,12)","rgb(193,215,55)",5.39,5.39,1,1,0,0
203,a,"rgb(193, 215, 55)","rgb(78, 78, 12)","rgb(193,215,55)","rgb(78,78,12)",5.39,5.39,1,1,0,0
203,div,"rgb(86, 47, 1)","rgb(255, 168, 0)","rgb(86,47,1)","rgb(255,168,0)",6.02,6.02,1,1,0,0
203,a,"rgb(255, 168, 0)","rgb(86, 47, 1)","rgb(255,168,0)","rgb(86,47,1)",6.02,6.02,1,1,0,0
203,a,"rgb(25, 25, 25)","rgb(76, 225, 96)","rgb(25,25,25)","rgb(76,225,96)",10.25,10.25,1,1,0,0
203,div,"rgb(12, 49, 13)","rgb(60, 193, 78)","rgb(12,49,13)","rgb(60,193,78)",6.11,6.11,1,1,0,0
203,a,"rgb(60, 193, 78)","rgb(12, 49, 13)","rgb(60,193,78)","rgb(12,49,13)",6.11,6.11,1,1,0,0
203,div,"rgb(25, 25, 25)","rgb(247, 247, 247)","rgb(25,25,25)","rgb(247,247,247)",16.41,16.41,1,1,0,0
203,button,"rgb(112, 112, 112)","rgb(255, 255, 255)","rgb(112,112,112)","rgb(255,255,255)",4.95,4.95,1,1,0,0
206,div,"rgb(0, 0, 0)","rgb(255, 255, 255)","rgb(0,0,0)","rgb(255,255,255)",21,21,1,1,0,0
206,button,"rgb(255, 255, 255)","rgb(0, 91, 255)","rgb(255,255,255)","rgb(0,91,255)",5.33,5.33,1,1,0,0
206,a,"rgb(0, 91, 255)","rgba(0, 150, 255, 0.08)","rgb(0,91,255)","rgb(235,247,255)",1.73,4.88,0,1,0,1
208,div,"rgb(51, 51, 51)","rgb(0, 0, 0)","rgb(51,51,51)","rgb(0,0,0)",1.66,1.66,0,0,0,0
208,a,"rgb(79, 200, 237)","rgba(255, 255, 255, 0)","rgb(79,200,237)","rgb(255,255,255)",1.94,1.94,0,0,0,0
208,a,"rgb(255, 255, 255)","rgb(57, 186, 221)","rgb(255,255,255)","rgb(57,186,221)",2.27,2.27,0,0,0,0
208,a,"rgb(255, 255, 255)","rgba(255, 255, 255, 0)","rgb(255,255,255)","rgb(255,255,255)",1,1,0,0,0,0
208,section,"rgb(51, 51, 51)","rgb(2, 22, 37)","rgb(51,51,51)","rgb(2,22,37)",1.45,1.45,0,0,0,0
208,div,"rgb(0, 0, 0)","rgb(255, 255, 255)","rgb(0,0,0)","rgb(255,255,255)",21,21,1,1,0,0
208,div,"rgb(0, 0, 0)","rgba(255, 255, 255, 0)","rgb(0,0,0)","rgb(255,255,255)",21,21,1,1,0,0
208,div,"rgb(255, 255, 255)","rgb(23, 58, 86)","rgb(255,255,255)","rgb(23,58,86)",11.82,11.82,1,1,0,0
208,button,"rgb(51, 51, 51)","rgb(57, 186, 221)","rgb(51,51,51)","rgb(57,186,221)",5.56,5.56,1,1,0,0
208,section,"rgb(51, 51, 51)","rgb(241, 241, 241)","rgb(51,51,51)","rgb(241,241,241)",11.19,11.19,1,1,0,0
208,div,"rgb(4, 17, 26)","rgb(255, 255, 255)","rgb(4,17,26)","rgb(255,255,255)",19.09,19.09,1,1,0,0
208,div,"rgb(4, 17, 26)","rgb(241, 241, 241)","rgb(4,17,26)","rgb(241,241,241)",16.9,16.9,1,1,0,0
208,a,"rgb(255, 255, 255)","rgb(79, 200, 237)","rgb(255,255,255)","rgb(79,200,237)",1.94,1.94,0,0,0,0
209,a,"rgb(255, 255, 255)","rgb(0, 0, 0)","rgb(255,255,255)","rgb(0,0,0)",21,21,1,1,0,0
209,section,"rgb(44, 44, 44)","rgb(248, 244, 237)","rgb(44,44,44)","rgb(248,244,237)",12.74,12.74,1,1,0,0
209,a,"rgb(255, 255, 255)","rgb(207, 71, 12)","rgb(255,255,255)","rgb(207,71,12)",4.61,4.61,1,1,0,0
209,div,"rgb(44, 44, 44)","rgb(243, 247, 255)","rgb(44,44,44)","rgb(243,247,255)",13.01,13.01,1,1,0,0
209,div,"rgb(44, 44, 44)","rgb(255, 255, 255)","rgb(44,44,44)","rgb(255,255,255)",13.97,13.97,1,1,0,0
209,a,"rgb(255, 255, 255)","rgb(52, 103, 198)","rgb(255,255,255)","rgb(52,103,198)",5.38,5.38,1,1,0,0
209,section,"rgb(44, 44, 44)","rgb(207, 71, 12)","rgb(44,44,44)","rgb(207,71,12)",3.03,3.03,0,0,0,0
209,section,"rgb(44, 44, 44)","rgb(44, 44, 44)","rgb(44,44,44)","rgb(44,44,44)",1,1,0,0,0,0
210,button,"rgb(255, 255, 255)","rgb(0, 0, 0)","rgb(255,255,255)","rgb(0,0,0)",21,21,1,1,0,0
210,div,"rgb(0, 0, 0)","rgb(246, 246, 246)","rgb(0,0,0)","rgb(246,246,246)",19.43,19.43,1,1,0,0
210,div,"rgb(0, 0, 0)","rgb(255, 255, 255)","rgb(0,0,0)","rgb(255,255,255)",21,21,1,1,0,0
210,div,"rgb(255, 255, 255)","rgb(255, 255, 255)","rgb(255,255,255)","rgb(255,255,255)",1,1,0,0,0,0
210,section,"rgb(0, 0, 0)","rgb(20, 22, 24)","rgb(0,0,0)","rgb(20,22,24)",1.16,1.16,0,0,0,0
210,div,"rgb(0, 0, 0)","rgb(0, 0, 0)","rgb(0,0,0)","rgb(0,0,0)",1,1,0,0,0,0
210,button,"rgb(32, 34, 36)","rgb(230, 232, 234)","rgb(32,34,36)","rgb(230,232,234)",12.99,12.99,1,1,0,0
210,div,"rgb(0, 0, 0)","rgb(230, 232, 234)","rgb(0,0,0)","rgb(230,232,234)",17.1,17.1,1,1,0,0
210,section,"rgb(190, 190, 190)","rgb(50, 50, 50)","rgb(190,190,190)","rgb(50,50,50)",6.9,6.9,1,1,0,0
211,div,"rgb(37, 36, 34)","rgb(255, 255, 255)","rgb(37,36,34)","rgb(255,255,255)",15.51,15.51,1,1,0,0
211,a,"rgb(37, 36, 34)","rgb(242, 242, 242)","rgb(37,36,34)","rgb(242,242,242)",13.85,13.85,1,1,0,0
211,div,"rgb(255, 255, 255)","rgb(37, 36, 34)","rgb(255,255,255)","rgb(37,36,34)",15.51,15.51,1,1,0,0
211,section,"rgb(255, 255, 255)","rgb(255, 255, 255)","rgb(255,255,255)","rgb(255,255,255)",1,1,0,0,0,0
211,div,"rgb(255, 255, 255)","rgba(0, 0, 0, 0.55)","rgb(255,255,255)","rgb(115,115,115)",21,4.76,1,1,0,0
211,div,"rgb(255, 255, 255)","rgba(37, 36, 34, 0.8)","rgb(255,255,255)","rgb(81,80,78)",15.51,8.08,1,1,0,0
211,div,"rgb(43, 43, 43)","rgb(255, 255, 255)","rgb(43,43,43)","rgb(255,255,255)",14.16,14.16,1,1,0,0
214,div,"rgb(255, 255, 255)","rgb(69, 16, 147)","rgb(255,255,255)","rgb(69,16,147)",12.01,12.01,1,1,0,0
214,button,"rgb(255, 255, 255)","rgba(255, 255, 255, 0.08)","rgb(255,255,255)","rgb(255,255,255)",1,1,0,0,0,0
214,div,"rgb(14, 14, 16)","rgb(255, 255, 255)","rgb(14,14,16)","rgb(255,255,255)",19.28,19.28,1,1,0,0
214,button,"rgb(14, 14, 16)","rgba(173, 173, 184, 0.22)","rgb(14,14,16)","rgb(237,237,239)",8.67,16.49,1,1,0,0
214,div,"rgb(255, 255, 255)","rgb(235, 4, 0)","rgb(255,255,255)","rgb(235,4,0)",4.62,4.62,1,1,0,0
214,button,"rgb(255, 255, 255)","rgb(145, 71, 255)","rgb(255,255,255)","rgb(145,71,255)",4.62,4.62,1,1,0,0
214,div,"rgb(14, 14, 16)","rgb(239, 239, 241)","rgb(14,14,16)","rgb(239,239,241)",16.79,16.79,1,1,0,0
214,div,"rgb(14, 14, 16)","rgb(51, 12, 110)","rgb(14,14,16)","rgb(51,12,110)",1.3,1.3,0,0,0,0
214,div,"rgb(14, 14, 16)","rgb(0, 0, 0)","rgb(14,14,16)","rgb(0,0,0)",1.09,1.09,0,0,0,0
214,div,"rgb(255, 255, 255)","rgba(0, 0, 0, 0.6)","rgb(255,255,255)","rgb(102,102,102)",21,5.74,1,1,0,0
214,span,"rgb(0, 0, 0)","rgb(255, 117, 230)","rgb(0,0,0)","rgb(255,117,230)",8.94,8.94,1,1,0,0
214,button,"rgb(0, 0, 0)","rgb(255, 255, 255)","rgb(0,0,0)","rgb(255,255,255)",21,21,1,1,0,0
215,div,"rgb(102, 102, 102)","rgb(255, 255, 255)","rgb(102,102,102)","rgb(255,255,255)",5.74,5.74,1,1,0,0
215,a,"rgb(255, 255, 255)","rgb(34, 68, 102)","rgb(255,255,255)","rgb(34,68,102)",10.06,10.06,1,1,0,0
215,a,"rgb(255, 255, 255)","rgb(92, 159, 192)","rgb(255,255,255)","rgb(92,159,192)",2.93,2.93,0,0,0,0
216,div,"rgb(31, 31, 31)","rgb(235, 241, 249)","rgb(31,31,31)","rgb(235,241,249)",14.51,14.51,1,1,0,0
217,a,"rgb(26, 115, 232)","rgb(232, 240, 254)","rgb(26,115,232)","rgb(232,240,254)",3.93,3.93,0,0,0,0
217,a,"rgb(255, 255, 255)","rgb(26, 115, 232)","rgb(255,255,255)","rgb(26,115,232)",4.51,4.51,1,1,0,0
217,a,"rgb(32, 33, 36)","rgb(255, 255, 255)","rgb(32,33,36)","rgb(255,255,255)",16.1,16.1,1,1,0,0
217,div,"rgb(32, 33, 36)","rgb(232, 240, 254)","rgb(32,33,36)","rgb(232,240,254)",14.05,14.05,1,1,0,0
217,a,"rgb(128, 134, 139)","rgb(248, 249, 250)","rgb(128,134,139)","rgb(248,249,250)",3.49,3.49,0,0,0,0
219,div,"rgb(57, 57, 58)","rgb(246, 246, 246)","rgb(57,57,58)","rgb(246,246,246)",10.67,10.67,1,1,0,0
221,div,"rgb(32, 33, 36)","rgb(255, 255, 255)","rgb(32,33,36)","rgb(255,255,255)",16.1,16.1,1,1,0,0
221,button,"rgb(255, 255, 255)","rgb(26, 115, 232)","rgb(255,255,255)","rgb(26,115,232)",4.51,4.51,1,1,0,0
222,button,"rgb(255, 255, 255)","rgb(0, 0, 0)","rgb(255,255,255)","rgb(0,0,0)",21,21,1,1,0,0
222,div,"rgb(0, 0, 0)","rgb(246, 246, 246)","rgb(0,0,0)","rgb(246,246,246)",19.43,19.43,1,1,0,0
222,div,"rgb(0, 0, 0)","rgb(255, 255, 255)","rgb(0,0,0)","rgb(255,255,255)",21,21,1,1,0,0
222,div,"rgb(255, 255, 255)","rgb(255, 255, 255)","rgb(255,255,255)","rgb(255,255,255)",1,1,0,0,0,0
222,section,"rgb(0, 0, 0)","rgb(20, 22, 24)","rgb(0,0,0)","rgb(20,22,24)",1.16,1.16,0,0,0,0
222,div,"rgb(0, 0, 0)","rgb(0, 0, 0)","rgb(0,0,0)","rgb(0,0,0)",1,1,0,0,0,0
222,button,"rgb(32, 34, 36)","rgb(230, 232, 234)","rgb(32,34,36)","rgb(230,232,234)",12.99,12.99,1,1,0,0
222,div,"rgb(0, 0, 0)","rgb(230, 232, 234)","rgb(0,0,0)","rgb(230,232,234)",17.1,17.1,1,1,0,0
222,section,"rgb(190, 190, 190)","rgb(50, 50, 50)","rgb(190,190,190)","rgb(50,50,50)",6.9,6.9,1,1,0,0
223,button,"rgb(19, 15, 53)","rgb(35, 230, 168)","rgb(19,15,53)","rgb(35,230,168)",11.29,11.29,1,1,0,0
223,button,"rgb(19, 15, 53)","rgb(255, 255, 255)","rgb(19,15,53)","rgb(255,255,255)",18.3,18.3,1,1,0,0
223,a,"rgb(255, 255, 255)","rgb(0, 0, 0)","rgb(255,255,255)","rgb(0,0,0)",21,21,1,1,0,0
223,div,"rgb(19, 15, 53)","rgba(19, 15, 53, 0.05)","rgb(19,15,53)","rgb(243,243,245)",1,16.52,0,1,0,1
223,button,"rgb(247, 247, 253)","rgb(19, 15, 53)","rgb(247,247,253)","rgb(19,15,53)",17.15,17.15,1,1,0,0
223,section,"rgb(0, 0, 0)","rgb(255, 255, 255)","rgb(0,0,0)","rgb(255,255,255)",21,21,1,1,0,0
223,div,"rgb(0, 0, 0)","rgb(19, 25, 30)","rgb(0,0,0)","rgb(19,25,30)",1.19,1.19,0,0,0,0
223,button,"rgb(19, 15, 53)","rgb(247, 247, 253)","rgb(19,15,53)","rgb(247,247,253)",17.15,17.15,1,1,0,0
223,div,"rgb(0, 0, 0)","rgba(19, 15, 53, 0.05)","rgb(0,0,0)","rgb(243,243,245)",1.15,18.96,0,1,0,1
223,div,"rgb(0, 0, 0)","rgb(0, 0, 0)","rgb(0,0,0)","rgb(0,0,0)",1,1,0,0,0,0
223,a,"rgb(255, 255, 255)","rgba(255, 255, 255, 0.1)","rgb(255,255,255)","rgb(255,255,255)",1,1,0,0,0,0
223,div,"rgb(0, 0, 0)","rgba(126, 14, 255, 0.1)","rgb(0,0,0)","rgb(242,231,255)",3.39,17.64,0,1,0,1
223,div,"rgb(0, 0, 0)","rgba(0, 116, 244, 0.1)","rgb(0,0,0)","rgb(230,241,254)",4.8,18.37,1,1,0,0
223,span,"rgb(0, 33, 117)","rgba(0, 116, 244, 0.2)","rgb(0,33,117)","rgb(204,227,253)",3.26,10.85,0,1,0,1
223,div,"rgb(0, 0, 0)","rgba(255, 255, 255, 0.1)","rgb(0,0,0)","rgb(255,255,255)",21,21,1,1,0,0
223,div,"rgb(0, 0, 0)","rgb(208, 236, 255)","rgb(0,0,0)","rgb(208,236,255)",17.12,17.12,1,1,0,0
223,div,"rgb(0, 0, 0)","rgba(0, 0, 0, 0.7)","rgb(0,0,0)","rgb(77,77,77)",1,2.46,0,0,0,0
223,div,"rgb(0, 0, 0)","rgb(255, 218, 226)","rgb(0,0,0)","rgb(255,218,226)",16.38,16.38,1,1,0,0
223,div,"rgb(0, 0, 0)","rgb(242, 255, 207)","rgb(0,0,0)","rgb(242,255,207)",19.98,19.98,1,1,0,0
223,div,"rgb(0, 0, 0)","rgb(214, 223, 231)","rgb(0,0,0)","rgb(214,223,231)",15.57,15.57,1,1,0,0
223,section,"rgb(0, 0, 0)","rgb(246, 229, 255)","rgb(0,0,0)","rgb(246,229,255)",17.57,17.57,1,1,0,0
223,div,"rgb(0, 0, 0)","rgb(245, 246, 250)","rgb(0,0,0)","rgb(245,246,250)",19.45,19.45,1,1,0,0
223,section,"rgb(0, 0, 0)","rgb(248, 249, 252)","rgb(0,0,0)","rgb(248,249,252)",19.95,19.95,1,1,0,0
223,span,"rgb(52, 60, 90)","rgba(19, 15, 53, 0.1)","rgb(52,60,90)","rgb(231,231,235)",1.69,8.78,0,1,0,1
223,span,"rgb(4, 76, 82)","rgba(35, 230, 168, 0.4)","rgb(4,76,82)","rgb(167,245,220)",6,7.75,1,1,0,0
223,span,"rgb(66, 5, 111)","rgba(211, 29, 232, 0.2)","rgb(66,5,111)","rgb(246,210,250)",3.45,10.46,0,1,0,1
223,div,"rgb(0, 0, 0)","rgb(231, 254, 238)","rgb(0,0,0)","rgb(231,254,238)",19.81,19.81,1,1,0,0
225,a,"rgb(255, 255, 255)","rgb(0, 0, 0)","rgb(255,255,255)","rgb(0,0,0)",21,21,1,1,0,0
225,a,"rgb(255, 20, 35)","rgb(255, 20, 35)","rgb(255,20,35)","rgb(255,20,35)",1,1,0,0,0,0
225,div,"rgb(0, 0, 0)","rgb(255, 255, 255)","rgb(0,0,0)","rgb(255,255,255)",21,21,1,1,0,0
225,div,"rgb(0, 0, 0)","rgb(212, 212, 212)","rgb(0,0,0)","rgb(212,212,212)",14.17,14.17,1,1,0,0
225,div,"rgb(0, 0, 0)","rgb(98, 0, 17)","rgb(0,0,0)","rgb(98,0,17)",1.53,1.53,0,0,0,0
226,div,"rgb(64, 64, 64)","rgb(255, 255, 255)","rgb(64,64,64)","rgb(255,255,255)",10.37,10.37,1,1,0,0
229,div,"rgb(23, 27, 38)","rgb(247, 249, 252)","rgb(23,27,38)","rgb(247,249,252)",16.3,16.3,1,1,0,0
229,div,"rgb(23, 27, 38)","rgb(255, 255, 255)","rgb(23,27,38)","rgb(255,255,255)",17.2,17.2,1,1,0,0
229,button,"rgb(247, 249, 252)","rgb(226, 0, 116)","rgb(247,249,252)","rgb(226,0,116)",4.44,4.44,0,0,0,0
229,button,"rgb(226, 0, 116)","rgb(255, 255, 255)","rgb(226,0,116)","rgb(255,255,255)",4.68,4.68,1,1,0,0
229,button,"rgb(255, 255, 255)","rgb(226, 0, 116)","rgb(255,255,255)","rgb(226,0,116)",4.68,4.68,1,1,0,0
229,div,"rgb(247, 249, 252)","rgb(141, 147, 166)","rgb(247,249,252)","rgb(141,147,166)",2.9,2.9,0,0,0,0
229,div,"rgb(247, 249, 252)","rgb(234, 179, 5)","rgb(247,249,252)","rgb(234,179,5)",1.82,1.82,0,0,0,0
229,div,"rgb(247, 249, 252)","rgb(33, 197, 93)","rgb(247,249,252)","rgb(33,197,93)",2.16,2.16,0,0,0,0
229,button,"rgb(71, 76, 89)","rgb(235, 239, 247)","rgb(71,76,89)","rgb(235,239,247)",7.45,7.45,1,1,0,0
229,div,"rgb(23, 27, 38)","rgb(235, 239, 247)","rgb(23,27,38)","rgb(235,239,247)",14.92,14.92,1,1,0,0
229,span,"rgb(226, 0, 116)","rgba(255, 255, 255, 0.8)","rgb(226,0,116)","rgb(255,255,255)",4.68,4.68,1,1,0,0
229,div,"rgb(71, 76, 89)","rgb(255, 255, 255)","rgb(71,76,89)","rgb(255,255,255)",8.59,8.59,1,1,0,0
229,section,"rgb(23, 27, 38)","rgb(23, 27, 38)","rgb(23,27,38)","rgb(23,27,38)",1,1,0,0,0,0
231,a,"rgb(255, 255, 255)","rgb(0, 128, 19)","rgb(255,255,255)","rgb(0,128,19)",5.13,5.13,1,1,0,0
231,div,"rgb(255, 255, 255)","rgb(38, 38, 38)","rgb(255,255,255)","rgb(38,38,38)",15.13,15.13,1,1,0,0
231,div,"rgb(255, 255, 255)","rgb(32, 32, 32)","rgb(255,255,255)","rgb(32,32,32)",16.29,16.29,1,1,0,0
232,button,"rgb(255, 255, 255)","rgb(26, 115, 232)","rgb(255,255,255)","rgb(26,115,232)",4.51,4.51,1,1,0,0
232,a,"rgb(255, 255, 255)","rgb(32, 33, 36)","rgb(255,255,255)","rgb(32,33,36)",16.1,16.1,1,1,0,0
232,div,"rgb(32, 33, 36)","rgb(245, 245, 245)","rgb(32,33,36)","rgb(245,245,245)",14.77,14.77,1,1,0,0
232,div,"rgb(32, 33, 36)","rgba(255, 255, 255, 0.9)","rgb(32,33,36)","rgb(255,255,255)",16.1,16.1,1,1,0,0
232,div,"rgb(32, 33, 36)","rgb(250, 250, 250)","rgb(32,33,36)","rgb(250,250,250)",15.42,15.42,1,1,0,0
232,div,"rgb(32, 33, 36)","rgb(205, 220, 219)","rgb(32,33,36)","rgb(205,220,219)",11.39,11.39,1,1,0,0
232,div,"rgb(32, 33, 36)","rgb(255, 255, 255)","rgb(32,33,36)","rgb(255,255,255)",16.1,16.1,1,1,0,0
232,div,"rgb(255, 255, 255)","rgba(32, 33, 36, 0.9)","rgb(255,255,255)","rgb(54,55,58)",16.1,11.87,1,1,0,0
232,div,"rgb(32, 33, 36)","rgb(236, 242, 255)","rgb(32,33,36)","rgb(236,242,255)",14.34,14.34,1,1,0,0
232,span,"rgb(255, 255, 255)","rgb(60, 64, 67)","rgb(255,255,255)","rgb(60,64,67)",10.47,10.47,1,1,0,0
232,a,"rgb(95, 99, 104)","rgb(241, 243, 244)","rgb(95,99,104)","rgb(241,243,244)",5.44,5.44,1,1,0,0
232,a,"rgb(32, 33, 36)","rgb(241, 243, 244)","rgb(32,33,36)","rgb(241,243,244)",14.46,14.46,1,1,0,0
233,section,"rgb(0, 0, 0)","rgb(199, 213, 237)","rgb(0,0,0)","rgb(199,213,237)",14.17,14.17,1,1,0,0
233,section,"rgb(112, 112, 112)","rgb(244, 244, 244)","rgb(112,112,112)","rgb(244,244,244)",4.5,4.5,1,1,0,0
233,section,"rgb(112, 112, 112)","rgb(92, 114, 146)","rgb(112,112,112)","rgb(92,114,146)",1.01,1.01,0,0,0,0
234,div,"rgb(57, 57, 57)","rgb(0, 0, 0)","rgb(57,57,57)","rgb(0,0,0)",1.82,1.82,0,0,0,0
234,div,"rgb(57, 57, 57)","rgb(255, 255, 255)","rgb(57,57,57)","rgb(255,255,255)",11.55,11.55,1,1,0,0
234,a,"rgb(255, 255, 255)","rgb(2, 85, 70)","rgb(255,255,255)","rgb(2,85,70)",8.79,8.79,1,1,0,0
234,div,"rgb(57, 57, 57)","rgb(157, 203, 137)","rgb(57,57,57)","rgb(157,203,137)",6.24,6.24,1,1,0,0
234,a,"rgb(255, 255, 255)","rgb(233, 102, 46)","rgb(255,255,255)","rgb(233,102,46)",3.28,3.28,0,0,0,0
234,div,"rgb(57, 57, 57)","rgb(231, 244, 244)","rgb(57,57,57)","rgb(231,244,244)",10.25,10.25,1,1,0,0
234,div,"rgb(57, 57, 57)","rgb(2, 85, 70)","rgb(57,57,57)","rgb(2,85,70)",1.31,1.31,0,0,0,0
234,div,"rgb(255, 255, 255)","rgb(136, 202, 201)","rgb(255,255,255)","rgb(136,202,201)",1.85,1.85,0,0,0,0
234,a,"rgb(2, 85, 70)","rgb(255, 255, 255)","rgb(2,85,70)","rgb(255,255,255)",8.79,8.79,1,1,0,0
234,button,"rgb(10, 96, 255)","rgb(255, 255, 255)","rgb(10,96,255)","rgb(255,255,255)",5.08,5.08,1,1,0,0
234,button,"rgb(255, 255, 255)","rgb(10, 96, 255)","rgb(255,255,255)","rgb(10,96,255)",5.08,5.08,1,1,0,0
235,section,"rgb(27, 27, 27)","rgb(240, 240, 240)","rgb(27,27,27)","rgb(240,240,240)",15.11,15.11,1,1,0,0
235,div,"rgb(27, 27, 27)","rgb(0, 0, 0)","rgb(27,27,27)","rgb(0,0,0)",1.22,1.22,0,0,0,0
235,h3,"rgb(255, 255, 255)","rgba(0, 0, 0, 0.8)","rgb(255,255,255)","rgb(51,51,51)",21,12.63,1,1,0,0
235,div,"rgb(255, 255, 255)","rgb(0, 136, 23)","rgb(255,255,255)","rgb(0,136,23)",4.63,4.63,1,1,0,0
235,div,"rgb(27, 27, 27)","rgb(239, 246, 251)","rgb(27,27,27)","rgb(239,246,251)",15.79,15.79,1,1,0,0
235,a,"rgb(0, 94, 162)","rgb(255, 255, 255)","rgb(0,94,162)","rgb(255,255,255)",6.72,6.72,1,1,0,0
235,a,"rgb(255, 255, 255)","rgb(0, 94, 162)","rgb(255,255,255)","rgb(0,94,162)",6.72,6.72,1,1,0,0
236,div,"rgb(255, 255, 255)","rgb(0, 0, 0)","rgb(255,255,255)","rgb(0,0,0)",21,21,1,1,0,0
236,div,"rgb(29, 29, 31)","rgb(255, 255, 255)","rgb(29,29,31)","rgb(255,255,255)",16.83,16.83,1,1,0,0
236,a,"rgb(255, 255, 255)","rgb(52, 130, 255)","rgb(255,255,255)","rgb(52,130,255)",3.63,3.63,0,0,0,0
236,div,"rgb(0, 0, 0)","rgb(245, 245, 245)","rgb(0,0,0)","rgb(245,245,245)",19.26,19.26,1,1,0,0
236,div,"rgb(0, 0, 0)","rgb(255, 255, 255)","rgb(0,0,0)","rgb(255,255,255)",21,21,1,1,0,0
236,div,"rgba(29, 29, 31, 0.6)","rgb(255, 255, 255)","rgb(119,119,121)","rgb(255,255,255)",16.83,4.45,1,0,1,0
237,a,"rgb(255, 255, 255)","rgb(134, 133, 117)","rgb(255,255,255)","rgb(134,133,117)",3.73,3.73,0,0,0,0
241,div,"rgb(97, 99, 102)","rgb(255, 255, 255)","rgb(97,99,102)","rgb(255,255,255)",6.03,6.03,1,1,0,0
241,a,"rgb(255, 255, 255)","rgb(0, 154, 222)","rgb(255,255,255)","rgb(0,154,222)",3.15,3.15,0,0,0,0
243,a,"rgb(255, 255, 255)","rgb(83, 58, 253)","rgb(255,255,255)","rgb(83,58,253)",6.19,6.19,1,1,0,0
243,section,"rgb(0, 0, 0)","rgb(255, 255, 255)","rgb(0,0,0)","rgb(255,255,255)",21,21,1,1,0,0
243,a,"rgb(83, 58, 253)","rgba(255, 255, 255, 0.65)","rgb(83,58,253)","rgb(255,255,255)",6.19,6.19,1,1,0,0
243,div,"rgb(255, 97, 24)","rgb(255, 224, 209)","rgb(255,97,24)","rgb(255,224,209)",2.41,2.41,0,0,0,0
243,div,"rgb(0, 0, 0)","rgba(248, 250, 253, 0.45)","rgb(0,0,0)","rgb(252,253,254)",20.08,20.58,1,1,0,0
243,div,"rgb(0, 0, 0)","rgba(255, 255, 255, 0.38)","rgb(0,0,0)","rgb(255,255,255)",21,21,1,1,0,0
243,div,"rgb(6, 27, 49)","rgb(255, 255, 255)","rgb(6,27,49)","rgb(255,255,255)",17.37,17.37,1,1,0,0
243,div,"rgb(100, 116, 141)","rgb(255, 255, 255)","rgb(100,116,141)","rgb(255,255,255)",4.75,4.75,1,1,0,0
243,div,"rgb(100, 116, 141)","rgb(248, 250, 253)","rgb(100,116,141)","rgb(248,250,253)",4.54,4.54,1,1,0,0
243,a,"rgb(83, 58, 253)","rgb(255, 255, 255)","rgb(83,58,253)","rgb(255,255,255)",6.19,6.19,1,1,0,0
243,a,"rgb(83, 58, 253)","rgba(255, 255, 255, 0)","rgb(83,58,253)","rgb(255,255,255)",6.19,6.19,1,1,0,0
243,a,"rgb(83, 58, 253)","rgb(226, 228, 255)","rgb(83,58,253)","rgb(226,228,255)",4.95,4.95,1,1,0,0
243,div,"rgb(0, 0, 238)","rgb(248, 250, 253)","rgb(0,0,238)","rgb(248,250,253)",8.99,8.99,1,1,0,0
243,section,"rgb(0, 0, 0)","rgb(13, 23, 56)","rgb(0,0,0)","rgb(13,23,56)",1.2,1.2,0,0,0,0
243,a,"rgb(255, 255, 255)","rgba(255, 255, 255, 0)","rgb(255,255,255)","rgb(255,255,255)",1,1,0,0,0,0
243,h4,"rgb(255, 255, 255)","rgb(227, 236, 247)","rgb(255,255,255)","rgb(227,236,247)",1.19,1.19,0,0,0,0
243,div,"rgb(0, 0, 0)","rgb(248, 250, 253)","rgb(0,0,0)","rgb(248,250,253)",20.08,20.08,1,1,0,0
243,div,"rgb(90, 102, 119)","rgb(255, 255, 255)","rgb(90,102,119)","rgb(255,255,255)",5.83,5.83,1,1,0,0
243,button,"rgb(99, 91, 255)","rgb(255, 255, 255)","rgb(99,91,255)","rgb(255,255,255)",4.7,4.7,1,1,0,0
247,div,"rgb(33, 37, 41)","rgb(250, 250, 250)","rgb(33,37,41)","rgb(250,250,250)",14.78,14.78,1,1,0,0
247,a,"rgb(0, 41, 31)","rgb(233, 233, 233)","rgb(0,41,31)","rgb(233,233,233)",12.94,12.94,1,1,0,0
247,div,"rgb(33, 37, 41)","rgb(234, 254, 253)","rgb(33,37,41)","rgb(234,254,253)",14.76,14.76,1,1,0,0
247,div,"rgb(33, 37, 41)","rgb(0, 41, 31)","rgb(33,37,41)","rgb(0,41,31)",1.02,1.02,0,0,0,0
247,div,"rgb(33, 37, 41)","rgb(255, 255, 255)","rgb(33,37,41)","rgb(255,255,255)",15.43,15.43,1,1,0,0
247,div,"rgb(18, 98, 235)","rgb(233, 233, 233)","rgb(18,98,235)","rgb(233,233,233)",4.35,4.35,0,0,0,0
247,span,"rgb(255, 255, 255)","rgb(0, 41, 31)","rgb(255,255,255)","rgb(0,41,31)",15.71,15.71,1,1,0,0
247,button,"rgb(0, 0, 0)","rgb(183, 183, 183)","rgb(0,0,0)","rgb(183,183,183)",10.47,10.47,1,1,0,0
247,div,"rgb(33, 37, 41)","rgb(233, 233, 233)","rgb(33,37,41)","rgb(233,233,233)",12.71,12.71,1,1,0,0
247,a,"rgb(0, 41, 31)","rgb(76, 211, 204)","rgb(0,41,31)","rgb(76,211,204)",8.6,8.6,1,1,0,0
247,button,"rgb(230, 230, 230)","rgb(0, 41, 31)","rgb(230,230,230)","rgb(0,41,31)",12.59,12.59,1,1,0,0
247,button,"rgb(0, 41, 31)","rgb(230, 230, 230)","rgb(0,41,31)","rgb(230,230,230)",12.59,12.59,1,1,0,0
248,div,"rgb(7, 24, 45)","rgb(0, 0, 0)","rgb(7,24,45)","rgb(0,0,0)",1.18,1.18,0,0,0,0
248,div,"rgb(7, 24, 45)","rgb(255, 255, 255)","rgb(7,24,45)","rgb(255,255,255)",17.83,17.83,1,1,0,0
248,section,"rgb(147, 149, 149)","rgb(7, 24, 45)","rgb(147,149,149)","rgb(7,24,45)",5.92,5.92,1,1,0,0
248,button,"rgb(7, 24, 45)","rgb(7, 24, 45)","rgb(7,24,45)","rgb(7,24,45)",1,1,0,0,0,0
248,div,"rgb(255, 255, 255)","rgb(0, 0, 0)","rgb(255,255,255)","rgb(0,0,0)",21,21,1,1,0,0
248,div,"rgb(7, 24, 45)","rgba(255, 255, 255, 0.1)","rgb(7,24,45)","rgb(255,255,255)",17.83,17.83,1,1,0,0
248,div,"rgb(255, 255, 255)","rgb(7, 24, 41)","rgb(255,255,255)","rgb(7,24,41)",17.92,17.92,1,1,0,0
248,button,"rgb(10, 96, 255)","rgb(255, 255, 255)","rgb(10,96,255)","rgb(255,255,255)",5.08,5.08,1,1,0,0
248,button,"rgb(255, 255, 255)","rgb(10, 96, 255)","rgb(255,255,255)","rgb(10,96,255)",5.08,5.08,1,1,0,0
249,button,"rgb(102, 45, 145)","rgb(255, 255, 255)","rgb(102,45,145)","rgb(255,255,255)",8.94,8.94,1,1,0,0
249,button,"rgb(51, 51, 51)","rgb(240, 240, 240)","rgb(51,51,51)","rgb(240,240,240)",11.09,11.09,1,1,0,0
249,div,"rgb(51, 51, 51)","rgb(250, 250, 250)","rgb(51,51,51)","rgb(250,250,250)",12.1,12.1,1,1,0,0
249,div,"rgb(51, 51, 51)","rgb(243, 243, 243)","rgb(51,51,51)","rgb(243,243,243)",11.39,11.39,1,1,0,0
251,a,"rgb(255, 255, 255)","rgb(0, 120, 212)","rgb(255,255,255)","rgb(0,120,212)",4.53,4.53,1,1,0,0
251,div,"rgb(60, 66, 69)","rgb(255, 255, 255)","rgb(60,66,69)","rgb(255,255,255)",10.21,10.21,1,1,0,0
251,div,"rgb(255, 255, 255)","rgb(39, 67, 117)","rgb(255,255,255)","rgb(39,67,117)",9.79,9.79,1,1,0,0
251,div,"rgb(60, 66, 69)","rgb(12, 43, 100)","rgb(60,66,69)","rgb(12,43,100)",1.33,1.33,0,0,0,0
251,span,"rgb(255, 255, 255)","rgba(0, 32, 92, 0.85)","rgb(255,255,255)","rgb(38,65,116)",15.43,9.98,1,1,0,0
251,div,"rgb(255, 255, 255)","rgb(0, 32, 92)","rgb(255,255,255)","rgb(0,32,92)",15.43,15.43,1,1,0,0
251,div,"rgb(60, 66, 69)","rgb(246, 247, 249)","rgb(60,66,69)","rgb(246,247,249)",9.52,9.52,1,1,0,0
251,div,"rgb(255, 255, 255)","rgb(12, 43, 100)","rgb(255,255,255)","rgb(12,43,100)",13.59,13.59,1,1,0,0
251,a,"rgb(255, 255, 255)","rgb(42, 69, 119)","rgb(255,255,255)","rgb(42,69,119)",9.48,9.48,1,1,0,0
252,div,"rgb(21, 41, 90)","rgb(31, 31, 31)","rgb(21,41,90)","rgb(31,31,31)",1.17,1.17,0,0,0,0
252,button,"rgb(31, 31, 31)","rgb(255, 255, 255)","rgb(31,31,31)","rgb(255,255,255)",16.48,16.48,1,1,0,0
252,a,"rgb(255, 255, 255)","rgb(31, 31, 31)","rgb(255,255,255)","rgb(31,31,31)",16.48,16.48,1,1,0,0
252,a,"rgb(31, 31, 31)","rgb(252, 252, 250)","rgb(31,31,31)","rgb(252,252,250)",16.05,16.05,1,1,0,0
252,button,"rgb(31, 31, 31)","rgba(0, 0, 0, 0.05)","rgb(31,31,31)","rgb(242,242,242)",1.27,14.76,0,1,0,1
252,a,"rgb(255, 255, 255)","rgb(255, 72, 0)","rgb(255,255,255)","rgb(255,72,0)",3.4,3.4,0,0,0,0
252,a,"rgb(255, 72, 0)","rgb(255, 255, 255)","rgb(255,72,0)","rgb(255,255,255)",3.4,3.4,0,0,0,0
252,section,"rgb(248, 245, 238)","rgb(4, 39, 41)","rgb(248,245,238)","rgb(4,39,41)",14.53,14.53,1,1,0,0
252,button,"rgb(0, 0, 0)","rgba(0, 0, 0, 0.02)","rgb(0,0,0)","rgb(250,250,250)",1,20.1,0,1,0,1
252,button,"rgb(0, 0, 0)","rgb(255, 255, 255)","rgb(0,0,0)","rgb(255,255,255)",21,21,1,1,0,0
252,section,"rgb(31, 31, 31)","rgb(252, 222, 210)","rgb(31,31,31)","rgb(252,222,210)",12.97,12.97,1,1,0,0
252,a,"rgb(248, 245, 238)","rgba(0, 0, 0, 0.11)","rgb(248,245,238)","rgb(227,227,227)",19.29,1.18,1,0,1,0
253,a,"rgb(255, 255, 255)","rgb(199, 0, 153)","rgb(255,255,255)","rgb(199,0,153)",5.4,5.4,1,1,0,0
253,div,"rgb(110, 44, 181)","rgb(245, 240, 250)","rgb(110,44,181)","rgb(245,240,250)",6.96,6.96,1,1,0,0
253,div,"rgb(20, 17, 59)","rgb(237, 247, 247)","rgb(20,17,59)","rgb(237,247,247)",16.41,16.41,1,1,0,0
253,div,"rgb(20, 17, 59)","rgb(250, 240, 248)","rgb(20,17,59)","rgb(250,240,248)",16.1,16.1,1,1,0,0
253,div,"rgb(20, 17, 59)","rgb(237, 247, 237)","rgb(20,17,59)","rgb(237,247,237)",16.31,16.31,1,1,0,0
253,div,"rgba(255, 255, 255, 0.8)","rgb(28, 25, 84)","rgb(210,209,221)","rgb(28,25,84)",15.95,10.55,1,1,0,0
253,div,"rgb(20, 17, 59)","rgb(245, 240, 250)","rgb(20,17,59)","rgb(245,240,250)",15.96,15.96,1,1,0,0
253,div,"rgb(20, 17, 59)","rgb(255, 255, 255)","rgb(20,17,59)","rgb(255,255,255)",17.9,17.9,1,1,0,0
253,a,"rgb(255, 255, 255)","rgb(110, 44, 181)","rgb(255,255,255)","rgb(110,44,181)",7.81,7.81,1,1,0,0
253,div,"rgba(255, 255, 255, 0.8)","rgb(240, 240, 240)","rgb(252,252,252)","rgb(240,240,240)",1.14,1.11,0,0,0,0
255,div,"rgb(210, 232, 35)","rgb(235, 255, 197)","rgb(210,232,35)","rgb(235,255,197)",1.28,1.28,0,0,0,0
255,div,"rgb(0, 0, 0)","rgba(255, 255, 255, 0)","rgb(0,0,0)","rgb(255,255,255)",21,21,1,1,0,0
255,div,"rgb(0, 0, 0)","rgb(255, 255, 255)","rgb(0,0,0)","rgb(255,255,255)",21,21,1,1,0,0
255,a,"rgb(0, 0, 0)","rgb(239, 240, 236)","rgb(0,0,0)","rgb(239,240,236)",18.35,18.35,1,1,0,0
255,a,"rgb(255, 255, 255)","rgb(30, 35, 48)","rgb(255,255,255)","rgb(30,35,48)",15.69,15.69,1,1,0,0
255,section,"rgb(0, 0, 0)","rgb(210, 232, 35)","rgb(0,0,0)","rgb(210,232,35)",15.31,15.31,1,1,0,0
255,section,"rgb(0, 0, 0)","rgb(38, 101, 214)","rgb(0,0,0)","rgb(38,101,214)",3.91,3.91,0,0,0,0
255,section,"rgb(0, 0, 0)","rgb(120, 0, 22)","rgb(0,0,0)","rgb(120,0,22)",1.81,1.81,0,0,0,0
255,a,"rgb(0, 0, 0)","rgb(233, 192, 233)","rgb(0,0,0)","rgb(233,192,233)",13.18,13.18,1,1,0,0
255,section,"rgb(0, 0, 0)","rgb(232, 239, 214)","rgb(0,0,0)","rgb(232,239,214)",17.75,17.75,1,1,0,0
255,section,"rgb(0, 0, 0)","rgb(243, 243, 241)","rgb(0,0,0)","rgb(243,243,241)",18.9,18.9,1,1,0,0
255,div,"rgb(0, 0, 0)","rgb(214, 163, 55)","rgb(0,0,0)","rgb(214,163,55)",9.15,9.15,1,1,0,0
255,div,"rgb(0, 0, 0)","rgb(233, 191, 233)","rgb(0,0,0)","rgb(233,191,233)",13.09,13.09,1,1,0,0
255,div,"rgb(0, 0, 0)","rgb(121, 0, 22)","rgb(0,0,0)","rgb(121,0,22)",1.82,1.82,0,0,0,0
255,div,"rgb(0, 0, 0)","rgb(6, 20, 146)","rgb(0,0,0)","rgb(6,20,146)",1.52,1.52,0,0,0,0
255,div,"rgb(0, 0, 0)","rgb(37, 79, 26)","rgb(0,0,0)","rgb(37,79,26)",2.21,2.21,0,0,0,0
255,div,"rgb(0, 0, 0)","rgba(0, 0, 0, 0.32)","rgb(0,0,0)","rgb(173,173,173)",1,9.4,0,1,0,1
255,section,"rgb(0, 0, 0)","rgb(80, 34, 116)","rgb(0,0,0)","rgb(80,34,116)",1.82,1.82,0,0,0,0
255,a,"rgb(30, 35, 48)","rgb(210, 232, 35)","rgb(30,35,48)","rgb(210,232,35)",11.44,11.44,1,1,0,0
255,a,"rgb(0, 0, 0)","rgb(30, 35, 48)","rgb(0,0,0)","rgb(30,35,48)",1.34,1.34,0,0,0,0
258,a,"rgb(26, 114, 219)","rgba(255, 255, 255, 0.8)","rgb(26,114,219)","rgb(255,255,255)",4.69,4.69,1,1,0,0
258,a,"rgb(26, 114, 219)","rgba(255, 255, 255, 0)","rgb(26,114,219)","rgb(255,255,255)",4.69,4.69,1,1,0,0
258,a,"rgb(33, 37, 41)","rgb(194, 194, 194)","rgb(33,37,41)","rgb(194,194,194)",8.66,8.66,1,1,0,0
258,section,"rgb(255, 255, 255)","rgb(66, 66, 66)","rgb(255,255,255)","rgb(66,66,66)",10.05,10.05,1,1,0,0
260,div,"rgb(26, 26, 26)","rgb(255, 255, 255)","rgb(26,26,26)","rgb(255,255,255)",17.4,17.4,1,1,0,0
260,a,"rgb(0, 108, 228)","rgb(255, 255, 255)","rgb(0,108,228)","rgb(255,255,255)",4.92,4.92,1,1,0,0
260,div,"rgb(26, 26, 26)","rgb(0, 59, 149)","rgb(26,26,26)","rgb(0,59,149)",1.71,1.71,0,0,0,0
260,div,"rgb(26, 26, 26)","rgb(255, 183, 0)","rgb(26,26,26)","rgb(255,183,0)",9.97,9.97,1,1,0,0
260,div,"rgb(26, 26, 26)","rgb(245, 245, 245)","rgb(26,26,26)","rgb(245,245,245)",15.96,15.96,1,1,0,0
260,div,"rgb(255, 255, 255)","rgb(0, 59, 149)","rgb(255,255,255)","rgb(0,59,149)",10.2,10.2,1,1,0,0
261,div,"rgb(255, 255, 255)","rgb(0, 37, 71)","rgb(255,255,255)","rgb(0,37,71)",15.49,15.49,1,1,0,0
261,div,"rgb(0, 0, 0)","rgb(255, 255, 255)","rgb(0,0,0)","rgb(255,255,255)",21,21,1,1,0,0
261,a,"rgb(255, 255, 255)","rgb(0, 93, 232)","rgb(255,255,255)","rgb(0,93,232)",5.63,5.63,1,1,0,0
261,a,"rgb(11, 27, 43)","rgb(255, 255, 255)","rgb(11,27,43)","rgb(255,255,255)",17.41,17.41,1,1,0,0
261,button,"rgb(0, 93, 232)","rgb(255, 255, 255)","rgb(0,93,232)","rgb(255,255,255)",5.63,5.63,1,1,0,0
265,button,"rgb(255, 255, 255)","rgb(14, 132, 32)","rgb(255,255,255)","rgb(14,132,32)",4.84,4.84,1,1,0,0
266,div,"rgb(29, 32, 35)","rgb(255, 255, 255)","rgb(29,32,35)","rgb(255,255,255)",16.37,16.37,1,1,0,0
266,button,"rgb(250, 250, 250)","rgb(29, 32, 35)","rgb(250,250,250)","rgb(29,32,35)",15.68,15.68,1,1,0,0
266,button,"rgb(29, 32, 35)","rgb(242, 243, 247)","rgb(29,32,35)","rgb(242,243,247)",14.76,14.76,1,1,0,0
266,a,"rgb(255, 255, 255)","rgb(255, 0, 50)","rgb(255,255,255)","rgb(255,0,50)",3.96,3.96,0,0,0,0
266,a,"rgb(0, 112, 229)","rgb(255, 255, 255)","rgb(0,112,229)","rgb(255,255,255)",4.72,4.72,1,1,0,0
266,span,"rgb(0, 112, 229)","rgb(29, 32, 35)","rgb(0,112,229)","rgb(29,32,35)",3.47,3.47,0,0,0,0
266,a,"rgb(0, 112, 229)","rgb(242, 243, 247)","rgb(0,112,229)","rgb(242,243,247)",4.26,4.26,0,0,0,0
266,div,"rgb(29, 32, 35)","rgb(37, 39, 58)","rgb(29,32,35)","rgb(37,39,58)",1.11,1.11,0,0,0,0
266,div,"rgb(255, 255, 255)","rgb(242, 243, 247)","rgb(255,255,255)","rgb(242,243,247)",1.11,1.11,0,0,0,0
268,div,"rgb(32, 33, 34)","rgb(234, 236, 240)","rgb(32,33,34)","rgb(234,236,240)",13.64,13.64,1,1,0,0
268,div,"rgb(32, 33, 34)","rgb(232, 238, 255)","rgb(32,33,34)","rgb(232,238,255)",13.9,13.9,1,1,0,0
268,a,"rgb(255, 255, 255)","rgb(51, 102, 204)","rgb(255,255,255)","rgb(51,102,204)",5.37,5.37,1,1,0,0
269,a,"rgb(255, 255, 255)","rgb(0, 0, 0)","rgb(255,255,255)","rgb(0,0,0)",21,21,1,1,0,0
269,a,"rgb(0, 0, 0)","rgb(255, 255, 255)","rgb(0,0,0)","rgb(255,255,255)",21,21,1,1,0,0
269,a,"rgb(255, 255, 255)","rgb(2, 74, 216)","rgb(255,255,255)","rgb(2,74,216)",7.06,7.06,1,1,0,0
269,button,"rgb(255, 255, 255)","rgb(22, 93, 186)","rgb(255,255,255)","rgb(22,93,186)",6.35,6.35,1,1,0,0
270,div,"rgb(255, 255, 255)","rgb(1, 50, 75)","rgb(255,255,255)","rgb(1,50,75)",13.47,13.47,1,1,0,0
270,button,"rgb(2, 94, 141)","rgb(255, 255, 255)","rgb(2,94,141)","rgb(255,255,255)",7.03,7.03,1,1,0,0
270,div,"rgb(34, 34, 34)","rgb(255, 255, 255)","rgb(34,34,34)","rgb(255,255,255)",15.91,15.91,1,1,0,0
272,div,"rgb(44, 44, 44)","rgb(226, 0, 116)","rgb(44,44,44)","rgb(226,0,116)",2.98,2.98,0,0,0,0
272,div,"rgb(44, 44, 44)","rgb(56, 56, 56)","rgb(44,44,44)","rgb(56,56,56)",1.19,1.19,0,0,0,0
272,div,"rgb(44, 44, 44)","rgb(255, 255, 255)","rgb(44,44,44)","rgb(255,255,255)",13.97,13.97,1,1,0,0
272,div,"rgb(44, 44, 44)","rgb(203, 228, 244)","rgb(44,44,44)","rgb(203,228,244)",10.6,10.6,1,1,0,0
272,a,"rgb(255, 255, 255)","rgb(226, 0, 116)","rgb(255,255,255)","rgb(226,0,116)",4.68,4.68,1,1,0,0
272,div,"rgb(194, 194, 194)","rgb(56, 56, 56)","rgb(194,194,194)","rgb(56,56,56)",6.58,6.58,1,1,0,0
272,div,"rgb(255, 255, 255)","rgb(38, 38, 38)","rgb(255,255,255)","rgb(38,38,38)",15.13,15.13,1,1,0,0
276,div,"rgba(255, 255, 255, 0.92)","rgb(22, 22, 23)","rgb(236,236,236)","rgb(22,22,23)",18.08,15.36,1,1,0,0
276,a,"rgb(0, 0, 0)","rgb(245, 245, 247)","rgb(0,0,0)","rgb(245,245,247)",19.29,19.29,1,1,0,0
276,div,"rgb(29, 29, 31)","rgba(29, 29, 31, 0.8)","rgb(29,29,31)","rgb(74,74,76)",1,1.91,0,0,0,0
276,div,"rgb(29, 29, 31)","rgb(0, 0, 0)","rgb(29,29,31)","rgb(0,0,0)",1.25,1.25,0,0,0,0
276,a,"rgb(255, 255, 255)","rgb(0, 113, 227)","rgb(255,255,255)","rgb(0,113,227)",4.7,4.7,1,1,0,0
276,div,"rgb(29, 29, 31)","rgb(245, 245, 247)","rgb(29,29,31)","rgb(245,245,247)",15.46,15.46,1,1,0,0
276,a,"rgb(41, 151, 255)","rgb(0, 0, 0)","rgb(41,151,255)","rgb(0,0,0)",6.96,6.96,1,1,0,0
276,div,"rgb(41, 151, 255)","rgb(244, 248, 251)","rgb(41,151,255)","rgb(244,248,251)",2.82,2.82,0,0,0,0
276,div,"rgb(41, 151, 255)","rgb(39, 24, 16)","rgb(41,151,255)","rgb(39,24,16)",5.69,5.69,1,1,0,0
276,div,"rgb(41, 151, 255)","rgb(159, 198, 244)","rgb(41,151,255)","rgb(159,198,244)",1.7,1.7,0,0,0,0
276,div,"rgb(41, 151, 255)","rgb(164, 97, 141)","rgb(41,151,255)","rgb(164,97,141)",1.49,1.49,0,0,0,0
276,div,"rgb(41, 151, 255)","rgb(234, 51, 192)","rgb(41,151,255)","rgb(234,51,192)",1.21,1.21,0,0,0,0
276,div,"rgb(41, 151, 255)","rgb(51, 151, 212)","rgb(41,151,255)","rgb(51,151,212)",1.07,1.07,0,0,0,0
276,div,"rgb(41, 151, 255)","rgb(36, 23, 12)","rgb(41,151,255)","rgb(36,23,12)",5.79,5.79,1,1,0,0
276,div,"rgb(41, 151, 255)","rgb(222, 148, 68)","rgb(41,151,255)","rgb(222,148,68)",1.21,1.21,0,0,0,0
277,a,"rgb(0, 90, 240)","rgb(255, 255, 255)","rgb(0,90,240)","rgb(255,255,255)",5.64,5.64,1,1,0,0
277,button,"rgb(255, 255, 255)","rgb(0, 90, 240)","rgb(255,255,255)","rgb(0,90,240)",5.64,5.64,1,1,0,0
278,div,"rgb(226, 233, 248)","rgb(0, 0, 0)","rgb(226,233,248)","rgb(0,0,0)",17.24,17.24,1,1,0,0
278,div,"rgb(255, 255, 255)","rgba(0, 0, 0, 0.8)","rgb(255,255,255)","rgb(51,51,51)",21,12.63,1,1,0,0
278,div,"rgb(0, 0, 0)","rgb(20, 118, 252)","rgb(0,0,0)","rgb(20,118,252)",5.03,5.03,1,1,0,0
278,div,"rgb(0, 0, 0)","rgb(254, 213, 48)","rgb(0,0,0)","rgb(254,213,48)",14.77,14.77,1,1,0,0
278,div,"rgb(0, 0, 0)","rgb(252, 82, 63)","rgb(0,0,0)","rgb(252,82,63)",6.42,6.42,1,1,0,0
278,div,"rgb(226, 233, 248)","rgb(255, 255, 255)","rgb(226,233,248)","rgb(255,255,255)",1.22,1.22,0,0,0,0
278,a,"rgb(255, 255, 255)","rgb(0, 0, 0)","rgb(255,255,255)","rgb(0,0,0)",21,21,1,1,0,0
279,a,"rgb(255, 255, 255)","rgb(39, 125, 250)","rgb(255,255,255)","rgb(39,125,250)",3.89,3.89,0,0,0,0
279,div,"rgb(33, 33, 33)","rgb(248, 250, 255)","rgb(33,33,33)","rgb(248,250,255)",15.42,15.42,1,1,0,0
279,div,"rgb(33, 33, 33)","rgb(255, 255, 255)","rgb(33,33,33)","rgb(255,255,255)",16.1,16.1,1,1,0,0
279,section,"rgb(255, 255, 255)","rgb(40, 125, 250)","rgb(255,255,255)","rgb(40,125,250)",3.89,3.89,0,0,0,0
279,button,"rgb(255, 255, 255)","rgb(50, 100, 255)","rgb(255,255,255)","rgb(50,100,255)",4.77,4.77,1,1,0,0
280,div,"rgb(33, 37, 41)","rgb(255, 255, 255)","rgb(33,37,41)","rgb(255,255,255)",15.43,15.43,1,1,0,0
280,button,"rgb(255, 255, 255)","rgb(13, 118, 147)","rgb(255,255,255)","rgb(13,118,147)",5.21,5.21,1,1,0,0
280,div,"rgb(33, 37, 41)","rgb(248, 249, 250)","rgb(33,37,41)","rgb(248,249,250)",14.63,14.63,1,1,0,0
280,div,"rgb(33, 37, 41)","rgb(0, 35, 66)","rgb(33,37,41)","rgb(0,35,66)",1.03,1.03,0,0,0,0
280,button,"rgb(255, 255, 255)","rgb(31, 130, 68)","rgb(255,255,255)","rgb(31,130,68)",4.84,4.84,1,1,0,0
280,div,"rgb(33, 37, 41)","rgb(13, 118, 147)","rgb(33,37,41)","rgb(13,118,147)",2.96,2.96,0,0,0,0
280,a,"rgb(255, 255, 255)","rgb(0, 35, 66)","rgb(255,255,255)","rgb(0,35,66)",15.92,15.92,1,1,0,0
280,section,"rgb(33, 37, 41)","rgb(230, 242, 246)","rgb(33,37,41)","rgb(230,242,246)",13.51,13.51,1,1,0,0
281,div,"rgb(0, 0, 0)","rgb(255, 255, 255)","rgb(0,0,0)","rgb(255,255,255)",21,21,1,1,0,0
281,div,"rgb(0, 0, 0)","rgba(0, 0, 0, 0.2)","rgb(0,0,0)","rgb(204,204,204)",1,13.08,0,1,0,1
281,button,"rgb(252, 252, 255)","rgb(3, 129, 254)","rgb(252,252,255)","rgb(3,129,254)",3.68,3.68,0,0,0,0
284,a,"rgb(255, 255, 255)","rgb(0, 96, 223)","rgb(255,255,255)","rgb(0,96,223)",5.62,5.62,1,1,0,0
285,section,"rgb(22, 22, 22)","rgb(255, 255, 255)","rgb(22,22,22)","rgb(255,255,255)",18.1,18.1,1,1,0,0
285,li,"rgb(22, 22, 22)","rgb(244, 244, 244)","rgb(22,22,22)","rgb(244,244,244)",16.45,16.45,1,1,0,0
285,button,"rgb(141, 141, 141)","rgb(198, 198, 198)","rgb(141,141,141)","rgb(198,198,198)",1.94,1.94,0,0,0,0
285,button,"rgb(255, 255, 255)","rgb(57, 57, 57)","rgb(255,255,255)","rgb(57,57,57)",11.55,11.55,1,1,0,0
285,button,"rgb(255, 255, 255)","rgb(15, 98, 254)","rgb(255,255,255)","rgb(15,98,254)",5,5,1,1,0,0
287,a,"rgb(29, 31, 32)","rgb(243, 243, 244)","rgb(29,31,32)","rgb(243,243,244)",14.92,14.92,1,1,0,0
287,div,"rgb(255, 255, 255)","rgb(29, 31, 32)","rgb(255,255,255)","rgb(29,31,32)",16.55,16.55,1,1,0,0
287,div,"rgb(29, 31, 32)","rgb(36, 41, 46)","rgb(29,31,32)","rgb(36,41,46)",1.13,1.13,0,0,0,0
287,div,"rgb(29, 31, 32)","rgb(246, 248, 250)","rgb(29,31,32)","rgb(246,248,250)",15.54,15.54,1,1,0,0
287,div,"rgb(255, 255, 255)","rgb(14, 90, 217)","rgb(255,255,255)","rgb(14,90,217)",6.03,6.03,1,1,0,0
287,div,"rgb(29, 31, 32)","rgb(255, 255, 255)","rgb(29,31,32)","rgb(255,255,255)",16.55,16.55,1,1,0,0
287,a,"rgb(162, 79, 11)","rgba(248, 173, 76, 0.12)","rgb(162,79,11)","rgb(254,245,234)",3.03,5.32,0,1,0,1
287,button,"rgba(29, 31, 32, 0.75)","rgb(240, 240, 240)","rgb(82,83,84)","rgb(240,240,240)",14.52,6.75,1,1,0,0
287,button,"rgb(74, 146, 191)","rgb(255, 255, 255)","rgb(74,146,191)","rgb(255,255,255)",3.41,3.41,0,0,0,0
287,button,"rgb(255, 255, 255)","rgb(39, 109, 155)","rgb(255,255,255)","rgb(39,109,155)",5.6,5.6,1,1,0,0
288,div,"rgb(170, 170, 170)","rgb(27, 27, 27)","rgb(170,170,170)","rgb(27,27,27)",7.41,7.41,1,1,0,0
288,div,"rgb(204, 204, 204)","rgb(0, 102, 153)","rgb(204,204,204)","rgb(0,102,153)",3.89,3.89,0,0,0,0
288,span,"rgb(204, 204, 204)","rgb(255, 255, 255)","rgb(204,204,204)","rgb(255,255,255)",1.61,1.61,0,0,0,0
288,span,"rgb(255, 255, 255)","rgb(233, 138, 10)","rgb(255,255,255)","rgb(233,138,10)",2.59,2.59,0,0,0,0
288,span,"rgb(233, 138, 10)","rgb(255, 255, 255)","rgb(233,138,10)","rgb(255,255,255)",2.59,2.59,0,0,0,0
291,div,"rgb(86, 86, 86)","rgb(255, 255, 255)","rgb(86,86,86)","rgb(255,255,255)",7.34,7.34,1,1,0,0
291,div,"rgb(0, 0, 0)","rgb(0, 0, 0)","rgb(0,0,0)","rgb(0,0,0)",1,1,0,0,0,0
291,a,"rgb(255, 255, 255)","rgb(0, 0, 0)","rgb(255,255,255)","rgb(0,0,0)",21,21,1,1,0,0
291,a,"rgb(255, 255, 255)","rgb(26, 31, 35)","rgb(255,255,255)","rgb(26,31,35)",16.61,16.61,1,1,0,0
291,a,"rgb(23, 23, 23)","rgb(255, 255, 255)","rgb(23,23,23)","rgb(255,255,255)",17.93,17.93,1,1,0,0
291,span,"rgb(0, 0, 0)","rgb(0, 82, 242)","rgb(0,0,0)","rgb(0,82,242)",3.49,3.49,0,0,0,0
291,a,"rgb(0, 0, 0)","rgb(255, 255, 255)","rgb(0,0,0)","rgb(255,255,255)",21,21,1,1,0,0
291,div,"rgb(86, 86, 86)","rgb(242, 244, 248)","rgb(86,86,86)","rgb(242,244,248)",6.67,6.67,1,1,0,0
291,div,"rgb(86, 86, 86)","rgba(0, 0, 0, 0.6)","rgb(86,86,86)","rgb(102,102,102)",2.86,1.28,0,0,0,0
291,section,"rgb(86, 86, 86)","rgb(241, 244, 249)","rgb(86,86,86)","rgb(241,244,249)",6.66,6.66,1,1,0,0
291,button,"rgb(86, 86, 86)","rgb(0, 0, 0)","rgb(86,86,86)","rgb(0,0,0)",2.86,2.86,0,0,0,0
292,div,"rgb(0, 0, 0)","rgb(244, 248, 251)","rgb(0,0,0)","rgb(244,248,251)",19.67,19.67,1,1,0,0
292,button,"rgb(255, 255, 255)","rgb(0, 112, 60)","rgb(255,255,255)","rgb(0,112,60)",6.21,6.21,1,1,0,0
292,div,"rgb(0, 0, 0)","rgb(29, 112, 184)","rgb(0,0,0)","rgb(29,112,184)",4.06,4.06,0,0,0,0
292,a,"rgb(255, 255, 255)","rgb(29, 112, 184)","rgb(255,255,255)","rgb(29,112,184)",5.17,5.17,1,1,0,0
292,div,"rgb(0, 0, 0)","rgb(255, 255, 255)","rgb(0,0,0)","rgb(255,255,255)",21,21,1,1,0,0
292,button,"rgb(29, 112, 184)","rgb(210, 226, 241)","rgb(29,112,184)","rgb(210,226,241)",3.91,3.91,0,0,0,0
292,div,"rgb(11, 12, 12)","rgb(244, 248, 251)","rgb(11,12,12)","rgb(244,248,251)",18.34,18.34,1,1,0,0
293,div,"rgb(255, 255, 255)","rgb(0, 0, 0)","rgb(255,255,255)","rgb(0,0,0)",21,21,1,1,0,0
293,div,"rgba(255, 255, 255, 0.8)","rgb(0, 0, 0)","rgb(204,204,204)","rgb(0,0,0)",21,13.08,1,1,0,0
293,a,"rgb(255, 255, 255)","rgb(219, 0, 26)","rgb(255,255,255)","rgb(219,0,26)",5.21,5.21,1,1,0,0
293,div,"rgb(0, 0, 0)","rgb(255, 255, 255)","rgb(0,0,0)","rgb(255,255,255)",21,21,1,1,0,0
293,div,"rgb(0, 0, 238)","rgb(255, 255, 255)","rgb(0,0,238)","rgb(255,255,255)",9.4,9.4,1,1,0,0
293,div,"rgb(0, 0, 238)","rgb(255, 249, 214)","rgb(0,0,238)","rgb(255,249,214)",8.85,8.85,1,1,0,0
293,div,"rgb(0, 0, 0)","rgb(74, 75, 59)","rgb(0,0,0)","rgb(74,75,59)",2.36,2.36,0,0,0,0
293,div,"rgb(0, 0, 0)","rgb(91, 68, 60)","rgb(0,0,0)","rgb(91,68,60)",2.34,2.34,0,0,0,0
293,div,"rgb(0, 0, 0)","rgb(199, 141, 96)","rgb(0,0,0)","rgb(199,141,96)",7.41,7.41,1,1,0,0
293,div,"rgb(0, 0, 0)","rgb(65, 63, 90)","rgb(0,0,0)","rgb(65,63,90)",2.08,2.08,0,0,0,0
293,div,"rgb(255, 255, 255)","rgba(61, 177, 255, 0.85)","rgb(255,255,255)","rgb(90,189,255)",2.35,2.07,0,0,0,0
293,div,"rgb(0, 0, 0)","rgb(245, 245, 245)","rgb(0,0,0)","rgb(245,245,245)",19.26,19.26,1,1,0,0
293,button,"rgb(255, 255, 255)","rgb(26, 118, 203)","rgb(255,255,255)","rgb(26,118,203)",4.67,4.67,1,1,0,0
293,button,"rgb(255, 255, 255)","rgb(83, 139, 230)","rgb(255,255,255)","rgb(83,139,230)",3.39,3.39,0,0,0,0
293,div,"rgb(0, 0, 0)","rgb(226, 231, 238)","rgb(0,0,0)","rgb(226,231,238)",16.9,16.9,1,1,0,0
294,div,"rgb(255, 255, 255)","rgb(34, 34, 34)","rgb(255,255,255)","rgb(34,34,34)",15.91,15.91,1,1,0,0
294,div,"rgb(34, 34, 34)","rgb(255, 255, 255)","rgb(34,34,34)","rgb(255,255,255)",15.91,15.91,1,1,0,0
294,div,"rgb(255, 255, 255)","rgb(255, 102, 0)","rgb(255,255,255)","rgb(255,102,0)",2.94,2.94,0,0,0,0
294,div,"rgb(34, 34, 34)","rgb(244, 244, 244)","rgb(34,34,34)","rgb(244,244,244)",14.47,14.47,1,1,0,0
294,div,"rgb(34, 34, 34)","rgb(203, 234, 255)","rgb(34,34,34)","rgb(203,234,255)",12.69,12.69,1,1,0,0
294,div,"rgb(255, 255, 255)","rgb(0, 52, 109)","rgb(255,255,255)","rgb(0,52,109)",12.27,12.27,1,1,0,0
294,a,"rgb(34, 34, 34)","rgb(247, 247, 247)","rgb(34,34,34)","rgb(247,247,247)",14.85,14.85,1,1,0,0
294,a,"rgb(255, 255, 255)","rgb(0, 152, 101)","rgb(255,255,255)","rgb(0,152,101)",3.7,3.7,0,0,0,0
294,div,"rgb(34, 34, 34)","rgb(242, 247, 231)","rgb(34,34,34)","rgb(242,247,231)",14.57,14.57,1,1,0,0
294,div,"rgb(255, 255, 255)","rgb(127, 175, 13)","rgb(255,255,255)","rgb(127,175,13)",2.61,2.61,0,0,0,0
294,div,"rgb(34, 34, 34)","rgb(255, 243, 235)","rgb(34,34,34)","rgb(255,243,235)",14.6,14.6,1,1,0,0
294,span,"rgb(255, 255, 255)","rgb(214, 64, 0)","rgb(255,255,255)","rgb(214,64,0)",4.57,4.57,1,1,0,0
294,div,"rgb(0, 0, 0)","rgb(255, 255, 255)","rgb(0,0,0)","rgb(255,255,255)",21,21,1,1,0,0
294,div,"rgb(118, 118, 118)","rgb(255, 255, 255)","rgb(118,118,118)","rgb(255,255,255)",4.54,4.54,1,1,0,0
294,div,"rgb(0, 0, 0)","rgb(255, 248, 243)","rgb(0,0,0)","rgb(255,248,243)",19.97,19.97,1,1,0,0
294,section,"rgb(0, 0, 0)","rgb(248, 248, 248)","rgb(0,0,0)","rgb(248,248,248)",19.77,19.77,1,1,0,0
294,div,"rgb(0, 0, 0)","rgb(244, 244, 244)","rgb(0,0,0)","rgb(244,244,244)",19.09,19.09,1,1,0,0
296,div,"rgb(255, 255, 255)","rgb(1, 50, 75)","rgb(255,255,255)","rgb(1,50,75)",13.47,13.47,1,1,0,0
296,button,"rgb(2, 94, 141)","rgb(255, 255, 255)","rgb(2,94,141)","rgb(255,255,255)",7.03,7.03,1,1,0,0
296,a,"rgb(255, 255, 255)","rgb(0, 102, 153)","rgb(255,255,255)","rgb(0,102,153)",6.25,6.25,1,1,0,0
296,div,"rgb(255, 255, 255)","rgb(41, 48, 60)","rgb(255,255,255)","rgb(41,48,60)",13.27,13.27,1,1,0,0
297,div,"rgb(37, 37, 37)","rgba(255, 255, 255, 0.82)","rgb(37,37,37)","rgb(255,255,255)",15.33,15.33,1,1,0,0
297,div,"rgb(37, 37, 37)","rgb(255, 255, 255)","rgb(37,37,37)","rgb(255,255,255)",15.33,15.33,1,1,0,0
297,a,"rgb(255, 255, 255)","rgb(1, 116, 195)","rgb(255,255,255)","rgb(1,116,195)",4.9,4.9,1,1,0,0
297,a,"rgb(255, 255, 255)","rgb(89, 195, 195)","rgb(255,255,255)","rgb(89,195,195)",2.1,2.1,0,0,0,0
297,a,"rgb(36, 36, 36)","rgba(2, 1, 1, 0)","rgb(36,36,36)","rgb(255,255,255)",1.34,15.52,0,1,0,1
297,a,"rgb(255, 255, 255)","rgba(1, 116, 195, 0)","rgb(255,255,255)","rgb(255,255,255)",4.9,1,1,0,1,0
297,div,"rgb(37, 37, 37)","rgb(237, 242, 247)","rgb(37,37,37)","rgb(237,242,247)",13.61,13.61,1,1,0,0
297,a,"rgb(255, 255, 255)","rgb(15, 157, 255)","rgb(255,255,255)","rgb(15,157,255)",2.88,2.88,0,0,0,0
297,a,"rgb(1, 116, 195)","rgb(255, 255, 255)","rgb(1,116,195)","rgb(255,255,255)",4.9,4.9,1,1,0,0
297,a,"rgb(1, 116, 195)","rgba(2, 1, 1, 0)","rgb(1,116,195)","rgb(255,255,255)",4.26,4.9,0,1,0,1
298,a,"rgb(255, 255, 255)","rgb(254, 80, 0)","rgb(255,255,255)","rgb(254,80,0)",3.3,3.3,0,0,0,0
298,div,"rgb(51, 51, 51)","rgba(255, 255, 255, 0)","rgb(51,51,51)","rgb(255,255,255)",12.63,12.63,1,1,0,0
298,div,"rgb(51, 51, 51)","rgba(87, 125, 164, 0.1)","rgb(51,51,51)","rgb(238,242,246)",2.93,11.23,0,1,0,1
298,div,"rgb(51, 51, 51)","rgb(255, 255, 255)","rgb(51,51,51)","rgb(255,255,255)",12.63,12.63,1,1,0,0
298,section,"rgb(51, 51, 51)","rgb(15, 17, 21)","rgb(51,51,51)","rgb(15,17,21)",1.5,1.5,0,0,0,0
298,a,"rgb(34, 34, 34)","rgba(255, 255, 255, 0)","rgb(34,34,34)","rgb(255,255,255)",15.91,15.91,1,1,0,0
298,div,"rgb(15, 17, 21)","rgb(254, 80, 0)","rgb(15,17,21)","rgb(254,80,0)",5.72,5.72,1,1,0,0
298,div,"rgb(15, 17, 21)","rgb(255, 255, 255)","rgb(15,17,21)","rgb(255,255,255)",18.9,18.9,1,1,0,0
298,div,"rgb(15, 17, 21)","rgb(255, 155, 0)","rgb(15,17,21)","rgb(255,155,0)",8.94,8.94,1,1,0,0
298,div,"rgb(15, 17, 21)","rgb(0, 94, 218)","rgb(15,17,21)","rgb(0,94,218)",3.25,3.25,0,0,0,0
298,div,"rgb(15, 17, 21)","rgb(118, 203, 170)","rgb(15,17,21)","rgb(118,203,170)",9.8,9.8,1,1,0,0
299,div,"rgb(46, 47, 51)","rgb(255, 255, 255)","rgb(46,47,51)","rgb(255,255,255)",13.37,13.37,1,1,0,0
299,div,"rgb(46, 47, 51)","rgba(255, 255, 255, 0.64)","rgb(46,47,51)","rgb(255,255,255)",13.37,13.37,1,1,0,0
299,div,"rgb(46, 47, 51)","rgb(46, 47, 51)","rgb(46,47,51)","rgb(46,47,51)",1,1,0,0,0,0
299,div,"rgb(46, 47, 51)","rgb(252, 244, 236)","rgb(46,47,51)","rgb(252,244,236)",12.28,12.28,1,1,0,0
299,button,"rgb(255, 255, 255)","rgb(255, 119, 0)","rgb(255,255,255)","rgb(255,119,0)",2.66,2.66,0,0,0,0
299,div,"rgb(129, 140, 153)","rgb(255, 255, 255)","rgb(129,140,153)","rgb(255,255,255)",3.42,3.42,0,0,0,0
299,button,"rgb(0, 0, 0)","rgba(0, 0, 0, 0.04)","rgb(0,0,0)","rgb(245,245,245)",1,19.23,0,1,0,1
299,div,"rgb(46, 47, 51)","rgb(0, 95, 249)","rgb(46,47,51)","rgb(0,95,249)",2.55,2.55,0,0,0,0
299,a,"rgb(0, 95, 197)","rgb(255, 255, 255)","rgb(0,95,197)","rgb(255,255,255)",6.1,6.1,1,1,0,0
300,div,"rgb(113, 118, 125)","rgb(255, 255, 255)","rgb(113,118,125)","rgb(255,255,255)",4.58,4.58,1,1,0,0
300,div,"rgb(113, 118, 125)","rgb(248, 248, 248)","rgb(113,118,125)","rgb(248,248,248)",4.31,4.31,0,0,0,0
300,a,"rgb(255, 255, 255)","rgb(23, 23, 23)","rgb(255,255,255)","rgb(23,23,23)",17.93,17.93,1,1,0,0
300,div,"rgb(113, 118, 125)","rgb(23, 23, 23)","rgb(113,118,125)","rgb(23,23,23)",3.92,3.92,0,0,0,0
300,button,"rgb(255, 255, 255)","rgb(155, 107, 255)","rgb(255,255,255)","rgb(155,107,255)",3.53,3.53,0,0,0,0
301,button,"rgb(255, 255, 255)","rgb(26, 115, 232)","rgb(255,255,255)","rgb(26,115,232)",4.51,4.51,1,1,0,0
301,a,"rgb(26, 115, 232)","rgb(241, 243, 244)","rgb(26,115,232)","rgb(241,243,244)",4.05,4.05,0,0,0,0
301,div,"rgb(95, 99, 104)","rgb(255, 255, 255)","rgb(95,99,104)","rgb(255,255,255)",6.05,6.05,1,1,0,0
301,div,"rgb(95, 99, 104)","rgb(248, 249, 250)","rgb(95,99,104)","rgb(248,249,250)",5.74,5.74,1,1,0,0
301,button,"rgb(26, 115, 232)","rgb(255, 255, 255)","rgb(26,115,232)","rgb(255,255,255)",4.51,4.51,1,1,0,0
302,button,"rgb(255, 255, 255)","rgb(14, 14, 14)","rgb(255,255,255)","rgb(14,14,14)",19.3,19.3,1,1,0,0
302,div,"rgb(30, 30, 30)","rgb(14, 14, 14)","rgb(30,30,30)","rgb(14,14,14)",1.16,1.16,0,0,0,0
302,section,"rgb(243, 244, 244)","rgb(165, 28, 48)","rgb(243,244,244)","rgb(165,28,48)",6.79,6.79,1,1,0,0
302,section,"rgb(30, 30, 30)","rgb(243, 244, 244)","rgb(30,30,30)","rgb(243,244,244)",15.13,15.13,1,1,0,0
302,section,"rgb(30, 30, 30)","rgb(227, 229, 229)","rgb(30,30,30)","rgb(227,229,229)",13.18,13.18,1,1,0,0
304,div,"rgb(64, 64, 64)","rgb(255, 255, 255)","rgb(64,64,64)","rgb(255,255,255)",10.37,10.37,1,1,0,0
305,a,"rgb(0, 58, 112)","rgb(255, 255, 255)","rgb(0,58,112)","rgb(255,255,255)",11.42,11.42,1,1,0,0
305,a,"rgb(0, 58, 112)","rgb(255, 163, 0)","rgb(0,58,112)","rgb(255,163,0)",5.7,5.7,1,1,0,0
305,section,"rgb(255, 255, 255)","rgb(0, 58, 112)","rgb(255,255,255)","rgb(0,58,112)",11.42,11.42,1,1,0,0
306,div,"rgb(17, 17, 17)","rgba(236, 234, 241, 0.9)","rgb(17,17,17)","rgb(238,236,242)",15.83,16.12,1,1,0,0
306,div,"rgb(232, 230, 237)","rgb(66, 37, 166)","rgb(232,230,237)","rgb(66,37,166)",8.29,8.29,1,1,0,0
306,span,"rgb(17, 17, 17)","rgb(209, 202, 229)","rgb(17,17,17)","rgb(209,202,229)",11.95,11.95,1,1,0,0
306,a,"rgb(76, 76, 76)","rgb(213, 18, 84)","rgb(76,76,76)","rgb(213,18,84)",1.65,1.65,0,0,0,0
306,div,"rgb(27, 27, 27)","rgb(233, 30, 99)","rgb(27,27,27)","rgb(233,30,99)",3.96,3.96,0,0,0,0
307,div,"rgb(198, 212, 223)","rgb(23, 29, 37)","rgb(198,212,223)","rgb(23,29,37)",11.21,11.21,1,1,0,0
307,div,"rgb(229, 228, 220)","rgb(92, 126, 16)","rgb(229,228,220)","rgb(92,126,16)",3.7,3.7,0,0,0,0
307,a,"rgb(247, 248, 248)","rgba(163, 186, 211, 0.2)","rgb(247,248,248)","rgb(237,241,246)",1.88,1.07,0,0,0,0
307,div,"rgb(255, 255, 255)","rgba(255, 255, 255, 0.2)","rgb(255,255,255)","rgb(255,255,255)",1,1,0,0,0,0
307,div,"rgb(190, 238, 17)","rgb(76, 107, 34)","rgb(190,238,17)","rgb(76,107,34)",4.49,4.49,0,0,0,0
307,div,"rgb(255, 255, 255)","rgb(52, 70, 84)","rgb(255,255,255)","rgb(52,70,84)",9.77,9.77,1,1,0,0
307,div,"rgb(255, 255, 255)","rgb(0, 0, 0)","rgb(255,255,255)","rgb(0,0,0)",21,21,1,1,0,0
307,div,"rgb(172, 219, 245)","rgb(52, 70, 84)","rgb(172,219,245)","rgb(52,70,84)",6.61,6.61,1,1,0,0
307,div,"rgb(255, 255, 255)","rgba(20, 31, 44, 0.8)","rgb(255,255,255)","rgb(67,76,86)",16.64,8.74,1,1,0,0
307,span,"rgb(40, 129, 167)","rgb(255, 255, 255)","rgb(40,129,167)","rgb(255,255,255)",4.39,4.39,0,0,0,0
307,div,"rgb(255, 255, 255)","rgba(20, 31, 44, 0.4)","rgb(255,255,255)","rgb(161,165,171)",16.64,2.47,1,0,1,0
307,div,"rgb(143, 152, 160)","rgba(0, 0, 0, 0.2)","rgb(143,152,160)","rgb(204,204,204)",7.17,1.82,1,0,1,0
307,div,"rgb(255, 255, 255)","rgb(42, 71, 94)","rgb(255,255,255)","rgb(42,71,94)",9.72,9.72,1,1,0,0
307,a,"rgb(255, 255, 255)","rgba(0, 0, 0, 0.2)","rgb(255,255,255)","rgb(204,204,204)",21,1.61,1,0,1,0
307,div,"rgb(198, 212, 223)","rgba(0, 0, 0, 0.2)","rgb(198,212,223)","rgb(204,204,204)",13.88,1.06,1,0,1,0
307,div,"rgb(198, 212, 223)","rgba(38, 54, 69, 0.6)","rgb(198,212,223)","rgb(125,134,143)",8.19,2.44,1,0,1,0
307,a,"rgba(255, 255, 255, 0.6)","rgba(38, 54, 69, 0.3)","rgb(229,231,233)","rgb(190,195,199)",12.38,1.43,1,0,1,0
307,div,"rgb(198, 212, 223)","rgb(0, 0, 0)","rgb(198,212,223)","rgb(0,0,0)",13.88,13.88,1,1,0,0
308,div,"rgb(255, 255, 255)","rgb(255, 255, 255)","rgb(255,255,255)","rgb(255,255,255)",1,1,0,0,0,0
308,a,"rgb(255, 255, 255)","rgb(0, 0, 0)","rgb(255,255,255)","rgb(0,0,0)",21,21,1,1,0,0
308,section,"rgb(255, 255, 255)","rgb(37, 60, 78)","rgb(255,255,255)","rgb(37,60,78)",11.44,11.44,1,1,0,0
308,a,"rgb(0, 0, 238)","rgb(238, 238, 238)","rgb(0,0,238)","rgb(238,238,238)",8.1,8.1,1,1,0,0
308,div,"rgb(37, 60, 78)","rgb(255, 255, 255)","rgb(37,60,78)","rgb(255,255,255)",11.44,11.44,1,1,0,0
308,button,"rgb(255, 255, 255)","rgb(244, 123, 32)","rgb(255,255,255)","rgb(244,123,32)",2.73,2.73,0,0,0,0
308,button,"rgb(37, 60, 78)","rgb(238, 238, 238)","rgb(37,60,78)","rgb(238,238,238)",9.86,9.86,1,1,0,0
308,a,"rgb(0, 0, 238)","rgb(0, 0, 0)","rgb(0,0,238)","rgb(0,0,0)",2.23,2.23,0,0,0,0
308,span,"rgb(0, 0, 0)","rgb(255, 255, 255)","rgb(0,0,0)","rgb(255,255,255)",21,21,1,1,0,0
308,section,"rgb(0, 0, 0)","rgb(238, 238, 238)","rgb(0,0,0)","rgb(238,238,238)",18.1,18.1,1,1,0,0
310,div,"rgb(34, 34, 34)","rgb(38, 71, 91)","rgb(34,34,34)","rgb(38,71,91)",1.62,1.62,0,0,0,0
310,div,"rgb(0, 0, 0)","rgb(220, 220, 220)","rgb(0,0,0)","rgb(220,220,220)",15.31,15.31,1,1,0,0
310,a,"rgb(255, 255, 255)","rgba(9, 9, 9, 0.753)","rgb(255,255,255)","rgb(70,70,70)",19.91,9.47,1,1,0,0
310,a,"rgb(255, 255, 255)","rgb(255, 102, 0)","rgb(255,255,255)","rgb(255,102,0)",2.94,2.94,0,0,0,0
312,button,"rgb(185, 195, 244)","rgb(64, 79, 130)","rgb(185,195,244)","rgb(64,79,130)",4.58,4.58,1,1,0,0
312,a,"rgb(255, 255, 255)","rgb(79, 91, 147)","rgb(255,255,255)","rgb(79,91,147)",6.46,6.46,1,1,0,0
312,section,"rgb(51, 51, 51)","rgb(242, 242, 242)","rgb(51,51,51)","rgb(242,242,242)",11.29,11.29,1,1,0,0
312,div,"rgb(204, 204, 204)","rgb(51, 51, 51)","rgb(204,204,204)","rgb(51,51,51)",7.87,7.87,1,1,0,0
313,div,"rgb(24, 24, 24)","rgb(255, 255, 255)","rgb(24,24,24)","rgb(255,255,255)",17.76,17.76,1,1,0,0
313,a,"rgb(24, 24, 24)","rgb(244, 244, 244)","rgb(24,24,24)","rgb(244,244,244)",16.14,16.14,1,1,0,0
313,a,"rgb(255, 255, 255)","rgb(255, 106, 0)","rgb(255,255,255)","rgb(255,106,0)",2.87,2.87,0,0,0,0
313,div,"rgb(24, 24, 24)","rgba(255, 255, 255, 0.5)","rgb(24,24,24)","rgb(255,255,255)",17.76,17.76,1,1,0,0
313,span,"rgb(19, 102, 236)","rgb(226, 236, 254)","rgb(19,102,236)","rgb(226,236,254)",4.27,4.27,0,0,0,0
313,span,"rgb(140, 140, 140)","rgb(245, 245, 246)","rgb(140,140,140)","rgb(245,245,246)",3.09,3.09,0,0,0,0
313,div,"rgb(24, 24, 24)","rgb(23, 96, 218)","rgb(24,24,24)","rgb(23,96,218)",3.15,3.15,0,0,0,0
313,div,"rgb(24, 24, 24)","rgb(245, 245, 246)","rgb(24,24,24)","rgb(245,245,246)",16.3,16.3,1,1,0,0
313,div,"rgb(24, 24, 24)","rgb(248, 250, 255)","rgb(24,24,24)","rgb(248,250,255)",17,17,1,1,0,0
313,a,"rgb(19, 102, 236)","rgb(255, 255, 255)","rgb(19,102,236)","rgb(255,255,255)",5.07,5.07,1,1,0,0
313,a,"rgb(255, 255, 255)","rgb(19, 102, 236)","rgb(255,255,255)","rgb(19,102,236)",5.07,5.07,1,1,0,0
315,div,"rgb(15, 17, 17)","rgb(255, 255, 255)","rgb(15,17,17)","rgb(255,255,255)",18.94,18.94,1,1,0,0
315,span,"rgb(15, 17, 17)","rgb(255, 216, 20)","rgb(15,17,17)","rgb(255,216,20)",13.61,13.61,1,1,0,0
315,span,"rgb(15, 17, 17)","rgb(240, 242, 242)","rgb(15,17,17)","rgb(240,242,242)",16.86,16.86,1,1,0,0
315,div,"rgb(15, 17, 17)","rgb(19, 25, 33)","rgb(15,17,17)","rgb(19,25,33)",1.07,1.07,0,0,0,0
315,div,"rgb(15, 17, 17)","rgb(230, 230, 230)","rgb(15,17,17)","rgb(230,230,230)",15.18,15.18,1,1,0,0
315,div,"rgb(15, 17, 17)","rgb(35, 47, 62)","rgb(15,17,17)","rgb(35,47,62)",1.4,1.4,0,0,0,0
315,div,"rgb(15, 17, 17)","rgb(227, 230, 230)","rgb(15,17,17)","rgb(227,230,230)",15.09,15.09,1,1,0,0
315,div,"rgb(15, 17, 17)","rgb(35, 35, 35)","rgb(15,17,17)","rgb(35,35,35)",1.21,1.21,0,0,0,0
315,div,"rgb(255, 255, 255)","rgb(0, 0, 0)","rgb(255,255,255)","rgb(0,0,0)",21,21,1,1,0,0
315,button,"rgb(255, 255, 255)","rgba(15, 17, 17, 0.6)","rgb(255,255,255)","rgb(111,112,112)",18.94,4.96,1,1,0,0
315,div,"rgb(255, 255, 255)","rgb(204, 12, 57)","rgb(255,255,255)","rgb(204,12,57)",5.71,5.71,1,1,0,0
315,div,"rgb(204, 12, 57)","rgb(255, 255, 255)","rgb(204,12,57)","rgb(255,255,255)",5.71,5.71,1,1,0,0
315,a,"rgb(33, 98, 161)","rgb(255, 255, 255)","rgb(33,98,161)","rgb(255,255,255)",6.31,6.31,1,1,0,0
315,div,"rgb(255, 255, 255)","rgb(55, 71, 90)","rgb(255,255,255)","rgb(55,71,90)",9.5,9.5,1,1,0,0
315,div,"rgb(221, 221, 221)","rgb(19, 26, 34)","rgb(221,221,221)","rgb(19,26,34)",12.9,12.9,1,1,0,0
317,a,"rgb(255, 255, 255)","rgb(64, 91, 255)","rgb(255,255,255)","rgb(64,91,255)",5.05,5.05,1,1,0,0
317,section,"rgb(255, 255, 255)","rgb(25, 25, 25)","rgb(255,255,255)","rgb(25,25,25)",17.58,17.58,1,1,0,0
317,div,"rgb(209, 214, 217)","rgb(44, 44, 44)","rgb(209,214,217)","rgb(44,44,44)",9.53,9.53,1,1,0,0
317,a,"rgb(25, 25, 25)","rgb(221, 255, 70)","rgb(25,25,25)","rgb(221,255,70)",15.46,15.46,1,1,0,0
317,div,"rgb(255, 255, 255)","rgb(0, 0, 0)","rgb(255,255,255)","rgb(0,0,0)",21,21,1,1,0,0
317,div,"rgb(255, 255, 255)","rgb(33, 33, 33)","rgb(255,255,255)","rgb(33,33,33)",16.1,16.1,1,1,0,0
317,div,"rgb(255, 255, 255)","rgba(255, 255, 255, 0.04)","rgb(255,255,255)","rgb(255,255,255)",1,1,0,0,0,0
317,div,"rgb(147, 149, 152)","rgb(25, 25, 25)","rgb(147,149,152)","rgb(25,25,25)",5.85,5.85,1,1,0,0
317,span,"rgb(171, 173, 176)","rgb(46, 46, 46)","rgb(171,173,176)","rgb(46,46,46)",6.04,6.04,1,1,0,0
317,button,"rgb(171, 173, 176)","rgb(33, 33, 33)","rgb(171,173,176)","rgb(33,33,33)",7.16,7.16,1,1,0,0
317,div,"rgb(255, 255, 255)","rgb(248, 248, 248)","rgb(255,255,255)","rgb(248,248,248)",1.06,1.06,0,0,0,0
317,button,"rgb(25, 25, 25)","rgb(199, 250, 76)","rgb(25,25,25)","rgb(199,250,76)",14.41,14.41,1,1,0,0
317,a,"rgb(25, 25, 25)","rgb(248, 248, 248)","rgb(25,25,25)","rgb(248,248,248)",16.56,16.56,1,1,0,0
317,a,"rgb(25, 25, 25)","rgb(255, 157, 41)","rgb(25,25,25)","rgb(255,157,41)",8.46,8.46,1,1,0,0
317,div,"rgb(12, 12, 12)","rgb(255, 255, 255)","rgb(12,12,12)","rgb(255,255,255)",19.56,19.56,1,1,0,0
317,div,"rgb(12, 12, 12)","rgb(216, 221, 230)","rgb(12,12,12)","rgb(216,221,230)",14.35,14.35,1,1,0,0
317,a,"rgb(25, 25, 25)","rgb(255, 255, 255)","rgb(25,25,25)","rgb(255,255,255)",17.58,17.58,1,1,0,0
321,div,"rgb(0, 0, 0)","rgb(255, 255, 255)","rgb(0,0,0)","rgb(255,255,255)",21,21,1,1,0,0
321,button,"rgb(255, 255, 255)","rgb(38, 136, 235)","rgb(255,255,255)","rgb(38,136,235)",3.62,3.62,0,0,0,0
322,a,"rgb(17, 17, 17)","rgb(255, 255, 255)","rgb(17,17,17)","rgb(255,255,255)",18.88,18.88,1,1,0,0
322,div,"rgb(17, 17, 17)","rgb(245, 247, 248)","rgb(17,17,17)","rgb(245,247,248)",17.57,17.57,1,1,0,0
322,a,"rgb(255, 255, 255)","rgb(17, 17, 17)","rgb(255,255,255)","rgb(17,17,17)",18.88,18.88,1,1,0,0
322,div,"rgb(0, 0, 0)","rgb(232, 234, 235)","rgb(0,0,0)","rgb(232,234,235)",17.4,17.4,1,1,0,0
322,div,"rgb(17, 17, 17)","rgb(17, 17, 17)","rgb(17,17,17)","rgb(17,17,17)",1,1,0,0,0,0
323,a,"rgb(255, 255, 255)","rgb(0, 0, 0)","rgb(255,255,255)","rgb(0,0,0)",21,21,1,1,0,0
327,a,"rgb(255, 255, 255)","rgb(97, 31, 105)","rgb(255,255,255)","rgb(97,31,105)",11,11,1,1,0,0
327,a,"rgb(97, 31, 105)","rgb(255, 255, 255)","rgb(97,31,105)","rgb(255,255,255)",11,11,1,1,0,0
327,div,"rgb(255, 255, 255)","rgb(46, 0, 57)","rgb(255,255,255)","rgb(46,0,57)",17.87,17.87,1,1,0,0
327,div,"rgb(72, 26, 84)","rgb(255, 255, 255)","rgb(72,26,84)","rgb(255,255,255)",13.54,13.54,1,1,0,0
327,section,"rgb(0, 0, 0)","rgb(74, 21, 75)","rgb(0,0,0)","rgb(74,21,75)",1.5,1.5,0,0,0,0
327,button,"rgb(0, 0, 0)","rgb(255, 255, 255)","rgb(0,0,0)","rgb(255,255,255)",21,21,1,1,0,0
327,span,"rgb(11, 76, 140)","rgb(232, 245, 250)","rgb(11,76,140)","rgb(232,245,250)",7.78,7.78,1,1,0,0
327,a,"rgb(18, 100, 163)","rgb(255, 255, 255)","rgb(18,100,163)","rgb(255,255,255)",6.22,6.22,1,1,0,0
327,span,"rgb(115, 3, 148)","rgb(249, 240, 255)","rgb(115,3,148)","rgb(249,240,255)",8.73,8.73,1,1,0,0
327,div,"rgb(0, 0, 0)","rgb(249, 240, 255)","rgb(0,0,0)","rgb(249,240,255)",18.94,18.94,1,1,0,0
327,div,"rgb(0, 0, 0)","rgba(249, 237, 255, 0.25)","rgb(0,0,0)","rgb(254,251,255)",18.59,20.38,1,1,0,0
327,div,"rgb(18, 100, 163)","rgba(0, 0, 0, 0.5)","rgb(18,100,163)","rgb(128,128,128)",3.38,1.56,0,0,0,0
327,div,"rgb(0, 0, 0)","rgb(72, 26, 84)","rgb(0,0,0)","rgb(72,26,84)",1.55,1.55,0,0,0,0
327,button,"rgb(74, 21, 75)","rgb(255, 255, 255)","rgb(74,21,75)","rgb(255,255,255)",14,14,1,1,0,0
327,button,"rgb(255, 255, 255)","rgb(89, 36, 102)","rgb(255,255,255)","rgb(89,36,102)",11.24,11.24,1,1,0,0
330,div,"rgb(35, 42, 49)","rgb(255, 211, 39)","rgb(35,42,49)","rgb(255,211,39)",10.09,10.09,1,1,0,0
330,button,"rgb(0, 0, 0)","rgb(255, 211, 39)","rgb(0,0,0)","rgb(255,211,39)",14.6,14.6,1,1,0,0
330,div,"rgb(35, 42, 49)","rgb(255, 255, 255)","rgb(35,42,49)","rgb(255,255,255)",14.51,14.51,1,1,0,0
330,div,"rgb(35, 42, 49)","rgb(224, 228, 233)","rgb(35,42,49)","rgb(224,228,233)",11.36,11.36,1,1,0,0
330,a,"rgb(0, 71, 255)","rgb(255, 255, 255)","rgb(0,71,255)","rgb(255,255,255)",6.28,6.28,1,1,0,0
330,button,"rgb(0, 0, 0)","rgba(0, 71, 255, 0.08)","rgb(0,0,0)","rgb(235,240,255)",3.35,18.46,0,1,0,1
330,button,"rgb(0, 0, 0)","rgb(255, 255, 255)","rgb(0,0,0)","rgb(255,255,255)",21,21,1,1,0,0
330,div,"rgb(35, 42, 49)","rgb(247, 250, 252)","rgb(35,42,49)","rgb(247,250,252)",13.85,13.85,1,1,0,0
330,li,"rgb(35, 42, 49)","rgb(235, 240, 255)","rgb(35,42,49)","rgb(235,240,255)",12.74,12.74,1,1,0,0
332,button,"rgb(255, 255, 255)","rgb(16, 50, 207)","rgb(255,255,255)","rgb(16,50,207)",8.83,8.83,1,1,0,0
332,div,"rgb(0, 0, 0)","rgb(255, 255, 255)","rgb(0,0,0)","rgb(255,255,255)",21,21,1,1,0,0
332,button,"rgb(26, 26, 26)","rgb(255, 255, 255)","rgb(26,26,26)","rgb(255,255,255)",17.4,17.4,1,1,0,0
332,a,"rgb(255, 255, 255)","rgb(95, 93, 228)","rgb(255,255,255)","rgb(95,93,228)",5.03,5.03,1,1,0,0
332,a,"rgb(0, 0, 0)","rgb(245, 245, 255)","rgb(0,0,0)","rgb(245,245,255)",19.39,19.39,1,1,0,0
332,div,"rgb(0, 0, 0)","rgb(250, 250, 255)","rgb(0,0,0)","rgb(250,250,255)",20.18,20.18,1,1,0,0
333,a,"rgb(85, 85, 187)","rgb(255, 255, 255)","rgb(85,85,187)","rgb(255,255,255)",6.17,6.17,1,1,0,0
333,p,"rgb(0, 0, 0)","rgb(255, 255, 255)","rgb(0,0,0)","rgb(255,255,255)",21,21,1,1,0,0
336,button,"rgb(255, 255, 255)","rgb(26, 115, 232)","rgb(255,255,255)","rgb(26,115,232)",4.51,4.51,1,1,0,0
336,div,"rgba(0, 0, 0, 0.67)","rgb(255, 255, 255)","rgb(84,84,84)","rgb(255,255,255)",21,7.55,1,1,0,0
336,div,"rgba(0, 0, 0, 0.67)","rgb(241, 243, 244)","rgb(80,80,81)","rgb(241,243,244)",18.87,7.24,1,1,0,0
336,div,"rgba(0, 0, 0, 0.67)","rgb(30, 30, 30)","rgb(10,10,10)","rgb(30,30,30)",1.26,1.19,0,0,0,0
336,div,"rgb(255, 255, 255)","rgb(255, 255, 255)","rgb(255,255,255)","rgb(255,255,255)",1,1,0,0,0,0
337,div,"rgb(0, 0, 0)","rgb(255, 255, 255)","rgb(0,0,0)","rgb(255,255,255)",21,21,1,1,0,0
337,div,"rgb(0, 0, 0)","rgb(244, 244, 244)","rgb(0,0,0)","rgb(244,244,244)",19.09,19.09,1,1,0,0
337,a,"rgb(41, 144, 234)","rgb(51, 116, 255)","rgb(41,144,234)","rgb(51,116,255)",1.23,1.23,0,0,0,0
337,a,"rgb(255, 255, 255)","rgb(51, 116, 255)","rgb(255,255,255)","rgb(51,116,255)",4.13,4.13,0,0,0,0
337,div,"rgb(0, 0, 0)","rgb(245, 246, 247)","rgb(0,0,0)","rgb(245,246,247)",19.41,19.41,1,1,0,0
337,button,"rgb(0, 90, 217)","rgba(0, 0, 0, 0.05)","rgb(0,90,217)","rgb(242,242,242)",3.46,5.43,0,1,0,1
337,button,"rgb(255, 255, 255)","rgb(0, 106, 255)","rgb(255,255,255)","rgb(0,106,255)",4.66,4.66,1,1,0,0
339,div,"rgb(113, 118, 125)","rgb(255, 255, 255)","rgb(113,118,125)","rgb(255,255,255)",4.58,4.58,1,1,0,0
339,div,"rgb(113, 118, 125)","rgb(248, 248, 248)","rgb(113,118,125)","rgb(248,248,248)",4.31,4.31,0,0,0,0
339,a,"rgb(255, 255, 255)","rgb(23, 23, 23)","rgb(255,255,255)","rgb(23,23,23)",17.93,17.93,1,1,0,0
339,div,"rgb(23, 23, 23)","rgb(243, 244, 251)","rgb(23,23,23)","rgb(243,244,251)",16.34,16.34,1,1,0,0
339,div,"rgb(113, 118, 125)","rgb(23, 23, 23)","rgb(113,118,125)","rgb(23,23,23)",3.92,3.92,0,0,0,0
339,button,"rgb(255, 255, 255)","rgb(155, 107, 255)","rgb(255,255,255)","rgb(155,107,255)",3.53,3.53,0,0,0,0
340,div,"rgb(255, 255, 255)","rgb(0, 94, 162)","rgb(255,255,255)","rgb(0,94,162)",6.72,6.72,1,1,0,0
340,section,"rgb(28, 29, 31)","rgba(255, 255, 255, 0.75)","rgb(28,29,31)","rgb(255,255,255)",16.87,16.87,1,1,0,0
340,div,"rgb(28, 29, 31)","rgb(255, 255, 255)","rgb(28,29,31)","rgb(255,255,255)",16.87,16.87,1,1,0,0
340,div,"rgb(28, 29, 31)","rgb(17, 47, 78)","rgb(28,29,31)","rgb(17,47,78)",1.24,1.24,0,0,0,0
341,section,"rgb(0, 0, 0)","rgb(41, 41, 52)","rgb(0,0,0)","rgb(41,41,52)",1.46,1.46,0,0,0,0
341,a,"rgb(67, 67, 86)","rgb(255, 255, 255)","rgb(67,67,86)","rgb(255,255,255)",9.65,9.65,1,1,0,0
341,h2,"rgb(255, 255, 255)","rgb(45, 45, 57)","rgb(255,255,255)","rgb(45,45,57)",13.58,13.58,1,1,0,0
341,div,"rgb(0, 0, 0)","rgb(38, 38, 49)","rgb(0,0,0)","rgb(38,38,49)",1.4,1.4,0,0,0,0
341,button,"rgb(10, 96, 255)","rgb(255, 255, 255)","rgb(10,96,255)","rgb(255,255,255)",5.08,5.08,1,1,0,0
341,button,"rgb(255, 255, 255)","rgb(10, 96, 255)","rgb(255,255,255)","rgb(10,96,255)",5.08,5.08,1,1,0,0
343,a,"rgb(17, 16, 17)","rgb(121, 157, 250)","rgb(17,16,17)","rgb(121,157,250)",7.25,7.25,1,1,0,0
343,div,"rgb(0, 0, 0)","rgb(243, 240, 236)","rgb(0,0,0)","rgb(243,240,236)",18.49,18.49,1,1,0,0
343,div,"rgb(0, 0, 0)","rgb(45, 47, 41)","rgb(0,0,0)","rgb(45,47,41)",1.55,1.55,0,0,0,0
343,div,"rgb(0, 0, 0)","rgb(255, 255, 255)","rgb(0,0,0)","rgb(255,255,255)",21,21,1,1,0,0
343,div,"rgb(0, 0, 0)","rgb(255, 255, 254)","rgb(0,0,0)","rgb(255,255,254)",20.99,20.99,1,1,0,0
343,div,"rgb(0, 0, 0)","rgb(252, 251, 243)","rgb(0,0,0)","rgb(252,251,243)",20.23,20.23,1,1,0,0
343,a,"rgb(60, 87, 188)","rgb(255, 255, 254)","rgb(60,87,188)","rgb(255,255,254)",6.4,6.4,1,1,0,0
343,section,"rgb(0, 0, 0)","rgb(255, 221, 232)","rgb(0,0,0)","rgb(255,221,232)",16.76,16.76,1,1,0,0
343,a,"rgb(255, 255, 254)","rgb(18, 21, 17)","rgb(255,255,254)","rgb(18,21,17)",18.39,18.39,1,1,0,0
343,section,"rgb(0, 0, 0)","rgb(255, 238, 215)","rgb(0,0,0)","rgb(255,238,215)",18.46,18.46,1,1,0,0
343,section,"rgb(0, 0, 0)","rgb(178, 248, 204)","rgb(0,0,0)","rgb(178,248,204)",17.19,17.19,1,1,0,0
343,div,"rgb(0, 0, 0)","rgb(0, 85, 44)","rgb(0,0,0)","rgb(0,85,44)",2.34,2.34,0,0,0,0
343,div,"rgb(0, 0, 0)","rgb(27, 26, 27)","rgb(0,0,0)","rgb(27,26,27)",1.21,1.21,0,0,0,0
343,button,"rgb(26, 102, 255)","rgb(255, 255, 255)","rgb(26,102,255)","rgb(255,255,255)",4.79,4.79,1,1,0,0
343,button,"rgb(255, 255, 255)","rgb(26, 102, 255)","rgb(255,255,255)","rgb(26,102,255)",4.79,4.79,1,1,0,0
346,a,"rgb(46, 46, 46)","rgb(51, 51, 51)","rgb(46,46,46)","rgb(51,51,51)",1.07,1.07,0,0,0,0
346,div,"rgb(46, 46, 46)","rgb(255, 249, 234)","rgb(46,46,46)","rgb(255,249,234)",12.93,12.93,1,1,0,0
346,a,"rgb(255, 255, 255)","rgb(0, 0, 0)","rgb(255,255,255)","rgb(0,0,0)",21,21,1,1,0,0
346,div,"rgb(46, 46, 46)","rgb(255, 255, 255)","rgb(46,46,46)","rgb(255,255,255)",13.58,13.58,1,1,0,0
346,span,"rgb(46, 46, 46)","rgb(50, 131, 253)","rgb(46,46,46)","rgb(50,131,253)",3.75,3.75,0,0,0,0
346,span,"rgb(255, 255, 255)","rgb(244, 54, 30)","rgb(255,255,255)","rgb(244,54,30)",3.89,3.89,0,0,0,0
346,div,"rgb(46, 46, 46)","rgb(248, 249, 250)","rgb(46,46,46)","rgb(248,249,250)",12.88,12.88,1,1,0,0
346,a,"rgb(255, 255, 255)","rgb(3, 169, 77)","rgb(255,255,255)","rgb(3,169,77)",3.09,3.09,0,0,0,0
346,a,"rgb(115, 115, 115)","rgb(255, 255, 255)","rgb(115,115,115)","rgb(255,255,255)",4.74,4.74,1,1,0,0
346,div,"rgb(255, 255, 255)","rgb(33, 150, 243)","rgb(255,255,255)","rgb(33,150,243)",3.12,3.12,0,0,0,0
346,div,"rgb(46, 46, 46)","rgb(41, 183, 115)","rgb(46,46,46)","rgb(41,183,115)",5.25,5.25,1,1,0,0
350,div,"rgb(15, 15, 15)","rgb(255, 255, 255)","rgb(15,15,15)","rgb(255,255,255)",19.17,19.17,1,1,0,0
350,button,"rgb(140, 140, 140)","rgb(46, 46, 46)","rgb(140,140,140)","rgb(46,46,46)",4.04,4.04,0,0,0,0
350,div,"rgb(15, 15, 15)","rgb(0, 0, 0)","rgb(15,15,15)","rgb(0,0,0)",1.1,1.1,0,0,0,0
350,a,"rgb(255, 255, 255)","rgb(46, 46, 46)","rgb(255,255,255)","rgb(46,46,46)",13.58,13.58,1,1,0,0
350,div,"rgb(15, 15, 15)","rgba(255, 255, 255, 0.6)","rgb(15,15,15)","rgb(255,255,255)",19.17,19.17,1,1,0,0
350,span,"rgb(15, 15, 15)","rgb(242, 242, 242)","rgb(15,15,15)","rgb(242,242,242)",17.12,17.12,1,1,0,0
350,span,"rgb(15, 15, 15)","rgb(235, 235, 235)","rgb(15,15,15)","rgb(235,235,235)",16.08,16.08,1,1,0,0
350,p,"rgb(15, 15, 15)","rgb(249, 249, 249)","rgb(15,15,15)","rgb(249,249,249)",18.21,18.21,1,1,0,0
350,span,"rgb(255, 255, 255)","rgb(235, 235, 235)","rgb(255,255,255)","rgb(235,235,235)",1.19,1.19,0,0,0,0
350,div,"rgb(255, 255, 255)","rgb(6, 128, 107)","rgb(255,255,255)","rgb(6,128,107)",4.87,4.87,1,1,0,0
350,div,"rgb(255, 255, 255)","rgb(204, 47, 60)","rgb(255,255,255)","rgb(204,47,60)",5.2,5.2,1,1,0,0
350,a,"rgb(255, 255, 255)","rgb(15, 15, 15)","rgb(255,255,255)","rgb(15,15,15)",19.17,19.17,1,1,0,0
350,span,"rgb(255, 255, 255)","rgb(0, 0, 0)","rgb(255,255,255)","rgb(0,0,0)",21,21,1,1,0,0
350,button,"rgb(15, 15, 15)","rgba(255, 255, 255, 0)","rgb(15,15,15)","rgb(255,255,255)",19.17,19.17,1,1,0,0
356,div,"rgb(24, 25, 28)","rgb(255, 255, 255)","rgb(24,25,28)","rgb(255,255,255)",17.58,17.58,1,1,0,0
356,div,"rgb(255, 255, 255)","rgb(0, 174, 236)","rgb(255,255,255)","rgb(0,174,236)",2.54,2.54,0,0,0,0
356,div,"rgb(255, 255, 255)","rgb(251, 114, 153)","rgb(255,255,255)","rgb(251,114,153)",2.64,2.64,0,0,0,0
356,a,"rgb(97, 102, 109)","rgb(246, 247, 248)","rgb(97,102,109)","rgb(246,247,248)",5.39,5.39,1,1,0,0
356,div,"rgb(24, 25, 28)","rgb(241, 242, 243)","rgb(24,25,28)","rgb(241,242,243)",15.68,15.68,1,1,0,0
356,div,"rgb(24, 25, 28)","rgba(47, 50, 56, 0.9)","rgb(24,25,28)","rgb(68,71,76)",1.37,1.87,0,0,0,0
357,div,"rgb(92, 111, 138)","rgb(255, 255, 255)","rgb(92,111,138)","rgb(255,255,255)",5.13,5.13,1,1,0,0
357,div,"rgb(92, 111, 138)","rgb(240, 242, 245)","rgb(92,111,138)","rgb(240,242,245)",4.57,4.57,1,1,0,0
357,a,"rgb(255, 255, 255)","rgb(38, 45, 56)","rgb(255,255,255)","rgb(38,45,56)",13.86,13.86,1,1,0,0
357,a,"rgb(38, 45, 56)","rgb(255, 255, 255)","rgb(38,45,56)","rgb(255,255,255)",13.86,13.86,1,1,0,0
357,div,"rgb(92, 111, 138)","rgb(1, 55, 51)","rgb(92,111,138)","rgb(1,55,51)",2.57,2.57,0,0,0,0
357,a,"rgb(255, 255, 255)","rgb(6, 97, 92)","rgb(255,255,255)","rgb(6,97,92)",7.31,7.31,1,1,0,0
357,div,"rgb(255, 255, 255)","rgb(1, 55, 51)","rgb(255,255,255)","rgb(1,55,51)",13.16,13.16,1,1,0,0
357,a,"rgb(0, 0, 0)","rgb(255, 255, 255)","rgb(0,0,0)","rgb(255,255,255)",21,21,1,1,0,0
358,a,"rgb(255, 106, 0)","rgb(237, 242, 255)","rgb(255,106,0)","rgb(237,242,255)",2.56,2.56,0,0,0,0
358,a,"rgb(255, 255, 255)","rgb(19, 84, 238)","rgb(255,255,255)","rgb(19,84,238)",5.95,5.95,1,1,0,0
358,a,"rgb(13, 13, 14)","rgb(221, 232, 255)","rgb(13,13,14)","rgb(221,232,255)",15.78,15.78,1,1,0,0
358,div,"rgb(24, 24, 24)","rgba(255, 255, 255, 0.75)","rgb(24,24,24)","rgb(255,255,255)",17.76,17.76,1,1,0,0
358,div,"rgb(24, 24, 24)","rgb(255, 255, 255)","rgb(24,24,24)","rgb(255,255,255)",17.76,17.76,1,1,0,0
358,a,"rgb(255, 106, 0)","rgb(255, 255, 255)","rgb(255,106,0)","rgb(255,255,255)",2.87,2.87,0,0,0,0
358,div,"rgb(24, 24, 24)","rgb(97, 92, 237)","rgb(24,24,24)","rgb(97,92,237)",3.6,3.6,0,0,0,0
358,div,"rgb(255, 106, 0)","rgb(19, 84, 238)","rgb(255,106,0)","rgb(19,84,238)",2.07,2.07,0,0,0,0
358,div,"rgb(24, 24, 24)","rgb(247, 247, 247)","rgb(24,24,24)","rgb(247,247,247)",16.57,16.57,1,1,0,0
358,a,"rgb(255, 255, 255)","rgb(0, 51, 204)","rgb(255,255,255)","rgb(0,51,204)",8.95,8.95,1,1,0,0
358,a,"rgb(255, 255, 255)","rgb(0, 51, 255)","rgb(255,255,255)","rgb(0,51,255)",7.2,7.2,1,1,0,0
358,button,"rgb(255, 255, 255)","rgb(255, 106, 0)","rgb(255,255,255)","rgb(255,106,0)",2.87,2.87,0,0,0,0
358,div,"rgb(24, 24, 24)","rgb(248, 250, 255)","rgb(24,24,24)","rgb(248,250,255)",17,17,1,1,0,0
358,button,"rgb(19, 102, 236)","rgb(226, 236, 254)","rgb(19,102,236)","rgb(226,236,254)",4.27,4.27,0,0,0,0
358,a,"rgb(0, 51, 204)","rgb(247, 247, 247)","rgb(0,51,204)","rgb(247,247,247)",8.36,8.36,1,1,0,0
361,div,"rgb(0, 0, 0)","rgb(0, 0, 0)","rgb(0,0,0)","rgb(0,0,0)",1,1,0,0,0,0
361,div,"rgb(255, 255, 255)","rgba(27, 25, 35, 0)","rgb(255,255,255)","rgb(255,255,255)",17.36,1,1,0,1,0
361,div,"rgb(0, 0, 0)","rgb(243, 7, 69)","rgb(0,0,0)","rgb(243,7,69)",4.93,4.93,1,1,0,0
361,a,"rgb(0, 0, 0)","rgba(27, 25, 35, 0)","rgb(0,0,0)","rgb(255,255,255)",1.21,21,0,1,0,1
361,div,"rgb(0, 0, 0)","rgb(27, 25, 35)","rgb(0,0,0)","rgb(27,25,35)",1.21,1.21,0,0,0,0
361,a,"rgb(0, 0, 0)","rgb(75, 71, 103)","rgb(0,0,0)","rgb(75,71,103)",2.4,2.4,0,0,0,0
361,div,"rgb(0, 0, 0)","rgb(255, 84, 46)","rgb(0,0,0)","rgb(255,84,46)",6.56,6.56,1,1,0,0
361,div,"rgb(0, 0, 0)","rgb(0, 191, 76)","rgb(0,0,0)","rgb(0,191,76)",8.56,8.56,1,1,0,0
361,div,"rgb(0, 0, 0)","rgba(7, 5, 14, 0.8)","rgb(0,0,0)","rgb(57,55,62)",1.04,1.79,0,0,0,0
362,div,"rgb(9, 36, 51)","rgb(255, 255, 255)","rgb(9,36,51)","rgb(255,255,255)",16.01,16.01,1,1,0,0
362,span,"rgb(0, 154, 99)","rgb(239, 250, 243)","rgb(0,154,99)","rgb(239,250,243)",3.38,3.38,0,0,0,0
362,span,"rgb(235, 66, 71)","rgb(255, 223, 224)","rgb(235,66,71)","rgb(255,223,224)",3.12,3.12,0,0,0,0
362,div,"rgb(9, 36, 51)","rgba(9, 36, 51, 0.05)","rgb(9,36,51)","rgb(243,244,245)",1,14.53,0,1,0,1
362,button,"rgb(255, 255, 255)","rgb(9, 36, 51)","rgb(255,255,255)","rgb(9,36,51)",16.01,16.01,1,1,0,0
362,a,"rgb(255, 255, 255)","rgb(235, 66, 71)","rgb(255,255,255)","rgb(235,66,71)",3.89,3.89,0,0,0,0
362,div,"rgb(235, 66, 71)","rgb(255, 255, 255)","rgb(235,66,71)","rgb(255,255,255)",3.89,3.89,0,0,0,0
362,div,"rgb(255, 255, 255)","rgb(10, 208, 136)","rgb(255,255,255)","rgb(10,208,136)",2.02,2.02,0,0,0,0
362,div,"rgb(255, 255, 255)","rgb(156, 109, 255)","rgb(255,255,255)","rgb(156,109,255)",3.47,3.47,0,0,0,0
362,div,"rgb(255, 255, 255)","rgb(87, 180, 232)","rgb(255,255,255)","rgb(87,180,232)",2.31,2.31,0,0,0,0
362,section,"rgb(9, 36, 51)","rgb(9, 36, 51)","rgb(9,36,51)","rgb(9,36,51)",1,1,0,0,0,0
362,div,"rgb(9, 36, 51)","rgba(255, 255, 255, 0.2)","rgb(9,36,51)","rgb(255,255,255)",16.01,16.01,1,1,0,0
362,span,"rgb(9, 36, 51)","rgba(9, 36, 51, 0.1)","rgb(9,36,51)","rgb(230,233,235)",1,13.14,0,1,0,1
362,div,"rgb(9, 36, 51)","rgb(255, 74, 80)","rgb(9,36,51)","rgb(255,74,80)",4.84,4.84,1,1,0,0
362,span,"rgb(0, 154, 99)","rgb(255, 255, 255)","rgb(0,154,99)","rgb(255,255,255)",3.62,3.62,0,0,0,0
362,span,"rgb(255, 255, 255)","rgb(0, 154, 99)","rgb(255,255,255)","rgb(0,154,99)",3.62,3.62,0,0,0,0
362,span,"rgb(144, 91, 255)","rgb(255, 255, 255)","rgb(144,91,255)","rgb(255,255,255)",4.1,4.1,0,0,0,0
362,span,"rgb(255, 255, 255)","rgb(144, 91, 255)","rgb(255,255,255)","rgb(144,91,255)",4.1,4.1,0,0,0,0
368,div,"rgb(68, 68, 68)","rgb(247, 247, 249)","rgb(68,68,68)","rgb(247,247,249)",9.1,9.1,1,1,0,0
370,a,"rgb(255, 255, 255)","rgb(51, 51, 51)","rgb(255,255,255)","rgb(51,51,51)",12.63,12.63,1,1,0,0
370,section,"rgb(0, 0, 0)","rgb(255, 255, 255)","rgb(0,0,0)","rgb(255,255,255)",21,21,1,1,0,0
370,a,"rgb(255, 255, 255)","rgb(177, 4, 14)","rgb(255,255,255)","rgb(177,4,14)",7.26,7.26,1,1,0,0
370,section,"rgb(0, 0, 0)","rgb(244, 244, 244)","rgb(0,0,0)","rgb(244,244,244)",19.09,19.09,1,1,0,0
370,section,"rgb(255, 255, 255)","rgb(84, 73, 72)","rgb(255,255,255)","rgb(84,73,72)",8.66,8.66,1,1,0,0
370,section,"rgb(255, 255, 255)","rgb(47, 36, 36)","rgb(255,255,255)","rgb(47,36,36)",15.01,15.01,1,1,0,0
370,section,"rgb(255, 255, 255)","rgb(140, 21, 21)","rgb(255,255,255)","rgb(140,21,21)",9.4,9.4,1,1,0,0
371,section,"rgb(0, 0, 0)","rgb(255, 255, 255)","rgb(0,0,0)","rgb(255,255,255)",21,21,1,1,0,0
371,div,"rgb(0, 0, 0)","rgb(242, 242, 242)","rgb(0,0,0)","rgb(242,242,242)",18.76,18.76,1,1,0,0
371,a,"rgb(255, 255, 255)","rgb(0, 0, 0)","rgb(255,255,255)","rgb(0,0,0)",21,21,1,1,0,0
372,a,"rgb(13, 13, 13)","rgb(255, 255, 255)","rgb(13,13,13)","rgb(255,255,255)",19.44,19.44,1,1,0,0
372,button,"rgb(13, 13, 13)","rgb(248, 248, 248)","rgb(13,13,13)","rgb(248,248,248)",18.3,18.3,1,1,0,0
372,button,"rgb(255, 255, 255)","rgb(13, 13, 13)","rgb(255,255,255)","rgb(13,13,13)",19.44,19.44,1,1,0,0
372,button,"rgba(13, 13, 13, 0.6)","rgb(255, 255, 255)","rgb(110,110,110)","rgb(255,255,255)",19.44,5.11,1,1,0,0
373,div,"rgb(255, 255, 255)","rgb(255, 255, 255)","rgb(255,255,255)","rgb(255,255,255)",1,1,0,0,0,0
373,div,"rgb(0, 0, 0)","rgb(238, 238, 238)","rgb(0,0,0)","rgb(238,238,238)",18.1,18.1,1,1,0,0
373,div,"rgb(0, 0, 0)","rgb(247, 247, 247)","rgb(0,0,0)","rgb(247,247,247)",19.6,19.6,1,1,0,0
373,span,"rgb(102, 102, 102)","rgb(255, 255, 255)","rgb(102,102,102)","rgb(255,255,255)",5.74,5.74,1,1,0,0
373,div,"rgb(0, 0, 0)","rgb(0, 0, 0)","rgb(0,0,0)","rgb(0,0,0)",1,1,0,0,0,0
373,div,"rgb(238, 238, 238)","rgb(0, 0, 0)","rgb(238,238,238)","rgb(0,0,0)",18.1,18.1,1,1,0,0
373,a,"rgb(0, 0, 0)","rgb(118, 185, 0)","rgb(0,0,0)","rgb(118,185,0)",8.71,8.71,1,1,0,0
373,div,"rgb(0, 0, 0)","rgb(255, 255, 255)","rgb(0,0,0)","rgb(255,255,255)",21,21,1,1,0,0
376,div,"rgb(27, 27, 27)","rgb(255, 255, 255)","rgb(27,27,27)","rgb(255,255,255)",17.22,17.22,1,1,0,0
376,div,"rgb(27, 27, 27)","rgb(0, 0, 0)","rgb(27,27,27)","rgb(0,0,0)",1.22,1.22,0,0,0,0
376,a,"rgb(255, 255, 255)","rgb(216, 57, 51)","rgb(255,255,255)","rgb(216,57,51)",4.61,4.61,1,1,0,0
376,div,"rgb(0, 0, 238)","rgb(0, 0, 0)","rgb(0,0,238)","rgb(0,0,0)",2.23,2.23,0,0,0,0
376,div,"rgb(255, 255, 255)","rgb(0, 0, 0)","rgb(255,255,255)","rgb(0,0,0)",21,21,1,1,0,0
376,div,"rgb(27, 27, 27)","rgb(246, 246, 246)","rgb(27,27,27)","rgb(246,246,246)",15.94,15.94,1,1,0,0
377,div,"rgb(0, 0, 0)","rgb(13, 24, 36)","rgb(0,0,0)","rgb(13,24,36)",1.17,1.17,0,0,0,0
377,div,"rgb(255, 255, 255)","rgb(13, 211, 153)","rgb(255,255,255)","rgb(13,211,153)",1.95,1.95,0,0,0,0
377,div,"rgb(50, 60, 70)","rgb(255, 255, 255)","rgb(50,60,70)","rgb(255,255,255)",11.23,11.23,1,1,0,0
378,div,"rgb(123, 123, 123)","rgb(255, 255, 255)","rgb(123,123,123)","rgb(255,255,255)",4.23,4.23,0,0,0,0
378,a,"rgb(2, 118, 212)","rgb(255, 255, 255)","rgb(2,118,212)","rgb(255,255,255)",4.62,4.62,1,1,0,0
378,a,"rgb(255, 255, 255)","rgb(2, 118, 212)","rgb(255,255,255)","rgb(2,118,212)",4.62,4.62,1,1,0,0
378,div,"rgb(123, 123, 123)","rgb(234, 246, 251)","rgb(123,123,123)","rgb(234,246,251)",3.84,3.84,0,0,0,0
378,section,"rgb(123, 123, 123)","rgb(2, 118, 212)","rgb(123,123,123)","rgb(2,118,212)",1.09,1.09,0,0,0,0
378,section,"rgb(123, 123, 123)","rgb(240, 240, 240)","rgb(123,123,123)","rgb(240,240,240)",3.71,3.71,0,0,0,0
378,a,"rgb(2, 118, 212)","rgba(83, 188, 230, 0)","rgb(2,118,212)","rgb(255,255,255)",2.14,4.62,0,1,0,1
378,div,"rgb(123, 123, 123)","rgb(27, 45, 66)","rgb(123,123,123)","rgb(27,45,66)",3.31,3.31,0,0,0,0
378,section,"rgb(123, 123, 123)","rgb(34, 34, 34)","rgb(123,123,123)","rgb(34,34,34)",3.76,3.76,0,0,0,0
378,button,"rgb(255, 255, 255)","rgb(83, 188, 230)","rgb(255,255,255)","rgb(83,188,230)",2.16,2.16,0,0,0,0
380,div,"rgb(0, 0, 0)","rgb(255, 255, 255)","rgb(0,0,0)","rgb(255,255,255)",21,21,1,1,0,0
380,div,"rgb(0, 0, 0)","rgb(17, 170, 227)","rgb(0,0,0)","rgb(17,170,227)",7.88,7.88,1,1,0,0
380,div,"rgb(0, 0, 0)","rgba(17, 170, 227, 0.8)","rgb(0,0,0)","rgb(65,187,233)",7.88,9.5,1,1,0,0
380,div,"rgb(0, 0, 0)","rgb(0, 0, 0)","rgb(0,0,0)","rgb(0,0,0)",1,1,0,0,0,0
380,div,"rgb(255, 255, 255)","rgb(255, 255, 255)","rgb(255,255,255)","rgb(255,255,255)",1,1,0,0,0,0
380,div,"rgb(255, 255, 255)","rgb(10, 136, 0)","rgb(255,255,255)","rgb(10,136,0)",4.63,4.63,1,1,0,0
380,div,"rgb(0, 0, 0)","rgba(0, 0, 0, 0.8)","rgb(0,0,0)","rgb(51,51,51)",1,1.66,0,0,0,0
382,a,"rgb(0, 47, 108)","rgb(232, 232, 232)","rgb(0,47,108)","rgb(232,232,232)",10.56,10.56,1,1,0,0
382,div,"rgb(0, 0, 0)","rgb(0, 30, 90)","rgb(0,0,0)","rgb(0,30,90)",1.33,1.33,0,0,0,0
382,button,"rgb(255, 255, 255)","rgba(255, 255, 255, 0.13)","rgb(255,255,255)","rgb(255,255,255)",1,1,0,0,0,0
382,div,"rgb(0, 47, 108)","rgb(255, 255, 255)","rgb(0,47,108)","rgb(255,255,255)",12.94,12.94,1,1,0,0
382,section,"rgb(0, 0, 0)","rgb(255, 255, 255)","rgb(0,0,0)","rgb(255,255,255)",21,21,1,1,0,0
382,a,"rgb(255, 255, 255)","rgb(155, 155, 155)","rgb(255,255,255)","rgb(155,155,155)",2.78,2.78,0,0,0,0
382,a,"rgb(255, 255, 255)","rgb(0, 132, 86)","rgb(255,255,255)","rgb(0,132,86)",4.74,4.74,1,1,0,0
382,a,"rgb(255, 255, 255)","rgb(206, 43, 43)","rgb(255,255,255)","rgb(206,43,43)",5.24,5.24,1,1,0,0
382,span,"rgb(0, 0, 0)","rgb(237, 239, 243)","rgb(0,0,0)","rgb(237,239,243)",18.24,18.24,1,1,0,0
382,div,"rgb(0, 0, 0)","rgb(7, 29, 57)","rgb(0,0,0)","rgb(7,29,57)",1.24,1.24,0,0,0,0
382,div,"rgb(0, 0, 0)","rgb(248, 248, 248)","rgb(0,0,0)","rgb(248,248,248)",19.77,19.77,1,1,0,0
382,div,"rgb(0, 0, 0)","rgb(252, 183, 0)","rgb(0,0,0)","rgb(252,183,0)",11.91,11.91,1,1,0,0
382,section,"rgb(0, 0, 0)","rgba(207, 216, 226, 0.1)","rgb(0,0,0)","rgb(250,251,252)",14.57,20.29,1,1,0,0
382,div,"rgb(255, 255, 255)","rgb(215, 225, 228)","rgb(255,255,255)","rgb(215,225,228)",1.33,1.33,0,0,0,0
382,div,"rgb(255, 255, 255)","rgb(252, 183, 0)","rgb(255,255,255)","rgb(252,183,0)",1.76,1.76,0,0,0,0
382,span,"rgba(7, 29, 57, 0)","rgb(252, 183, 0)","rgb(252,183,0)","rgb(252,183,0)",9.58,1,1,0,1,0
383,div,"rgb(255, 255, 255)","rgb(74, 75, 75)","rgb(255,255,255)","rgb(74,75,75)",8.75,8.75,1,1,0,0
383,div,"rgb(0, 0, 0)","rgb(255, 255, 255)","rgb(0,0,0)","rgb(255,255,255)",21,21,1,1,0,0
383,span,"rgb(33, 33, 33)","rgb(255, 203, 0)","rgb(33,33,33)","rgb(255,203,0)",10.58,10.58,1,1,0,0
383,span,"rgb(29, 37, 41)","rgb(74, 203, 214)","rgb(29,37,41)","rgb(74,203,214)",8.01,8.01,1,1,0,0
383,a,"rgb(54, 68, 75)","rgb(248, 249, 251)","rgb(54,68,75)","rgb(248,249,251)",9.56,9.56,1,1,0,0
383,div,"rgb(255, 255, 255)","rgb(51, 51, 51)","rgb(255,255,255)","rgb(51,51,51)",12.63,12.63,1,1,0,0
386,div,"rgb(0, 0, 0)","rgb(255, 255, 255)","rgb(0,0,0)","rgb(255,255,255)",21,21,1,1,0,0
386,div,"rgb(47, 55, 71)","rgb(255, 221, 87)","rgb(47,55,71)","rgb(255,221,87)",8.95,8.95,1,1,0,0
386,div,"rgb(255, 255, 255)","rgba(176, 189, 214, 0.2)","rgb(255,255,255)","rgb(239,242,247)",1.89,1.12,0,0,0,0
390,a,"rgb(255, 255, 255)","rgb(0, 107, 255)","rgb(255,255,255)","rgb(0,107,255)",4.62,4.62,1,1,0,0
390,div,"rgb(10, 10, 10)","rgb(255, 255, 255)","rgb(10,10,10)","rgb(255,255,255)",19.8,19.8,1,1,0,0
390,div,"rgb(10, 10, 10)","rgb(248, 249, 251)","rgb(10,10,10)","rgb(248,249,251)",18.79,18.79,1,1,0,0
390,button,"rgb(255, 255, 255)","rgb(11, 53, 88)","rgb(255,255,255)","rgb(11,53,88)",12.62,12.62,1,1,0,0
390,div,"rgb(10, 10, 10)","rgb(240, 243, 248)","rgb(10,10,10)","rgb(240,243,248)",17.8,17.8,1,1,0,0
390,div,"rgb(0, 78, 186)","rgb(230, 240, 255)","rgb(0,78,186)","rgb(230,240,255)",6.53,6.53,1,1,0,0
390,span,"rgb(10, 10, 10)","rgb(0, 107, 255)","rgb(10,10,10)","rgb(0,107,255)",4.29,4.29,0,0,0,0
390,a,"rgb(11, 53, 88)","rgb(231, 237, 246)","rgb(11,53,88)","rgb(231,237,246)",10.72,10.72,1,1,0,0
390,a,"rgb(71, 103, 136)","rgb(240, 243, 248)","rgb(71,103,136)","rgb(240,243,248)",5.3,5.3,1,1,0,0
391,a,"rgb(255, 255, 255)","rgb(37, 87, 167)","rgb(255,255,255)","rgb(37,87,167)",7,7,1,1,0,0
393,div,"rgb(23, 19, 33)","rgb(255, 255, 255)","rgb(23,19,33)","rgb(255,255,255)",18.24,18.24,1,1,0,0
393,a,"rgb(255, 255, 255)","rgb(23, 19, 33)","rgb(255,255,255)","rgb(23,19,33)",18.24,18.24,1,1,0,0
393,a,"rgb(23, 19, 33)","rgb(242, 241, 245)","rgb(23,19,33)","rgb(242,241,245)",16.22,16.22,1,1,0,0
393,div,"rgb(119, 89, 194)","rgb(6, 10, 15)","rgb(119,89,194)","rgb(6,10,15)",3.77,3.77,0,0,0,0
393,div,"rgb(23, 19, 33)","rgb(235, 234, 236)","rgb(23,19,33)","rgb(235,234,236)",15.21,15.21,1,1,0,0
393,a,"rgb(23, 19, 33)","rgb(23, 19, 33)","rgb(23,19,33)","rgb(23,19,33)",1,1,0,0,0,0
393,a,"rgb(255, 255, 255)","rgb(31, 28, 46)","rgb(255,255,255)","rgb(31,28,46)",16.62,16.62,1,1,0,0
393,button,"rgb(119, 89, 194)","rgb(255, 255, 255)","rgb(119,89,194)","rgb(255,255,255)",5.26,5.26,1,1,0,0
394,div,"rgb(15, 17, 17)","rgb(255, 255, 255)","rgb(15,17,17)","rgb(255,255,255)",18.94,18.94,1,1,0,0
394,span,"rgb(15, 17, 17)","rgb(255, 216, 20)","rgb(15,17,17)","rgb(255,216,20)",13.61,13.61,1,1,0,0
394,span,"rgb(15, 17, 17)","rgb(240, 242, 242)","rgb(15,17,17)","rgb(240,242,242)",16.86,16.86,1,1,0,0
394,div,"rgb(15, 17, 17)","rgb(19, 25, 33)","rgb(15,17,17)","rgb(19,25,33)",1.07,1.07,0,0,0,0
394,div,"rgb(15, 17, 17)","rgb(230, 230, 230)","rgb(15,17,17)","rgb(230,230,230)",15.18,15.18,1,1,0,0
394,div,"rgb(15, 17, 17)","rgb(35, 47, 62)","rgb(15,17,17)","rgb(35,47,62)",1.4,1.4,0,0,0,0
394,div,"rgb(15, 17, 17)","rgb(227, 230, 230)","rgb(15,17,17)","rgb(227,230,230)",15.09,15.09,1,1,0,0
394,span,"rgb(15, 17, 17)","rgba(15, 17, 17, 0.6)","rgb(15,17,17)","rgb(111,112,112)",1,3.82,0,0,0,0
394,div,"rgb(15, 17, 17)","rgb(35, 35, 35)","rgb(15,17,17)","rgb(35,35,35)",1.21,1.21,0,0,0,0
394,div,"rgb(255, 255, 255)","rgb(0, 0, 0)","rgb(255,255,255)","rgb(0,0,0)",21,21,1,1,0,0
394,button,"rgb(255, 255, 255)","rgba(15, 17, 17, 0.6)","rgb(255,255,255)","rgb(111,112,112)",18.94,4.96,1,1,0,0
394,div,"rgb(255, 255, 255)","rgb(204, 12, 57)","rgb(255,255,255)","rgb(204,12,57)",5.71,5.71,1,1,0,0
394,div,"rgb(204, 12, 57)","rgb(255, 255, 255)","rgb(204,12,57)","rgb(255,255,255)",5.71,5.71,1,1,0,0
394,div,"rgb(255, 255, 255)","rgb(55, 71, 90)","rgb(255,255,255)","rgb(55,71,90)",9.5,9.5,1,1,0,0
394,div,"rgb(221, 221, 221)","rgb(19, 26, 34)","rgb(221,221,221)","rgb(19,26,34)",12.9,12.9,1,1,0,0
395,a,"rgb(255, 255, 255)","rgb(0, 49, 255)","rgb(255,255,255)","rgb(0,49,255)",7.28,7.28,1,1,0,0
395,div,"rgb(47, 49, 52)","rgb(255, 255, 255)","rgb(47,49,52)","rgb(255,255,255)",13.05,13.05,1,1,0,0
395,button,"rgb(0, 49, 255)","rgb(255, 255, 255)","rgb(0,49,255)","rgb(255,255,255)",7.28,7.28,1,1,0,0
395,div,"rgb(47, 49, 52)","rgb(6, 170, 72)","rgb(47,49,52)","rgb(6,170,72)",4.26,4.26,0,0,0,0
395,div,"rgb(47, 49, 52)","rgb(255, 22, 22)","rgb(47,49,52)","rgb(255,22,22)",3.34,3.34,0,0,0,0
395,a,"rgb(47, 49, 52)","rgb(81, 51, 84)","rgb(47,49,52)","rgb(81,51,84)",1.21,1.21,0,0,0,0
395,a,"rgb(47, 49, 52)","rgb(196, 23, 12)","rgb(47,49,52)","rgb(196,23,12)",2.16,2.16,0,0,0,0
395,div,"rgb(47, 49, 52)","rgb(238, 238, 238)","rgb(47,49,52)","rgb(238,238,238)",11.24,11.24,1,1,0,0
395,a,"rgb(47, 49, 52)","rgb(255, 103, 0)","rgb(47,49,52)","rgb(255,103,0)",4.47,4.47,0,0,0,0
395,div,"rgb(47, 49, 52)","rgb(16, 16, 17)","rgb(47,49,52)","rgb(16,16,17)",1.46,1.46,0,0,0,0
395,div,"rgb(47, 49, 52)","rgb(47, 49, 52)","rgb(47,49,52)","rgb(47,49,52)",1,1,0,0,0,0
395,div,"rgb(47, 49, 52)","rgba(0, 157, 219, 0.05)","rgb(47,49,52)","rgb(242,250,253)",4.25,12.36,0,1,0,1
395,span,"rgb(0, 157, 219)","rgb(255, 255, 255)","rgb(0,157,219)","rgb(255,255,255)",3.07,3.07,0,0,0,0
395,div,"rgb(255, 255, 255)","rgb(245, 2, 52)","rgb(255,255,255)","rgb(245,2,52)",4.25,4.25,0,0,0,0
395,span,"rgb(0, 157, 219)","rgb(230, 241, 255)","rgb(0,157,219)","rgb(230,241,255)",2.69,2.69,0,0,0,0
395,div,"rgb(255, 255, 255)","rgb(47, 49, 52)","rgb(255,255,255)","rgb(47,49,52)",13.05,13.05,1,1,0,0
395,div,"rgb(47, 49, 52)","rgb(245, 246, 247)","rgb(47,49,52)","rgb(245,246,247)",12.06,12.06,1,1,0,0
395,div,"rgb(47, 49, 52)","rgb(0, 49, 255)","rgb(47,49,52)","rgb(0,49,255)",1.79,1.79,0,0,0,0
395,button,"rgb(255, 255, 255)","rgb(0, 105, 222)","rgb(255,255,255)","rgb(0,105,222)",5.15,5.15,1,1,0,0
401,a,"rgb(17, 17, 13)","rgb(255, 255, 255)","rgb(17,17,13)","rgb(255,255,255)",18.92,18.92,1,1,0,0
401,div,"rgb(0, 0, 0)","rgb(255, 255, 255)","rgb(0,0,0)","rgb(255,255,255)",21,21,1,1,0,0
401,div,"rgb(0, 0, 0)","rgba(255, 255, 255, 0.9)","rgb(0,0,0)","rgb(255,255,255)",21,21,1,1,0,0
401,a,"rgb(17, 17, 13)","rgb(209, 244, 112)","rgb(17,17,13)","rgb(209,244,112)",15.21,15.21,1,1,0,0
401,div,"rgb(0, 0, 0)","rgb(66, 67, 62)","rgb(0,0,0)","rgb(66,67,62)",2.1,2.1,0,0,0,0
401,div,"rgb(0, 0, 0)","rgb(53, 94, 52)","rgb(0,0,0)","rgb(53,94,52)",2.8,2.8,0,0,0,0
401,a,"rgb(255, 255, 255)","rgb(209, 244, 112)","rgb(255,255,255)","rgb(209,244,112)",1.24,1.24,0,0,0,0
401,div,"rgb(0, 0, 0)","rgb(32, 53, 36)","rgb(0,0,0)","rgb(32,53,36)",1.6,1.6,0,0,0,0
401,section,"rgb(0, 0, 0)","rgb(245, 245, 242)","rgb(0,0,0)","rgb(245,245,242)",19.23,19.23,1,1,0,0
401,a,"rgb(17, 17, 13)","rgb(245, 245, 242)","rgb(17,17,13)","rgb(245,245,242)",17.32,17.32,1,1,0,0
401,div,"rgb(0, 0, 0)","rgb(17, 17, 13)","rgb(0,0,0)","rgb(17,17,13)",1.11,1.11,0,0,0,0
401,button,"rgb(23, 73, 77)","rgb(255, 255, 255)","rgb(23,73,77)","rgb(255,255,255)",10.02,10.02,1,1,0,0
401,button,"rgb(255, 255, 255)","rgb(23, 73, 77)","rgb(255,255,255)","rgb(23,73,77)",10.02,10.02,1,1,0,0
405,button,"rgb(255, 255, 255)","rgb(30, 115, 190)","rgb(255,255,255)","rgb(30,115,190)",4.94,4.94,1,1,0,0
405,button,"rgb(34, 34, 34)","rgb(249, 249, 249)","rgb(34,34,34)","rgb(249,249,249)",15.11,15.11,1,1,0,0
405,button,"rgb(51, 51, 51)","rgb(249, 249, 249)","rgb(51,51,51)","rgb(249,249,249)",12,12,1,1,0,0
405,section,"rgb(51, 51, 51)","rgb(255, 255, 255)","rgb(51,51,51)","rgb(255,255,255)",12.63,12.63,1,1,0,0
405,section,"rgb(51, 51, 51)","rgb(0, 0, 0)","rgb(51,51,51)","rgb(0,0,0)",1.66,1.66,0,0,0,0
406,button,"rgb(255, 255, 255)","rgb(70, 73, 78)","rgb(255,255,255)","rgb(70,73,78)",9.04,9.04,1,1,0,0
406,div,"rgb(51, 51, 51)","rgb(255, 255, 255)","rgb(51,51,51)","rgb(255,255,255)",12.63,12.63,1,1,0,0
406,button,"rgb(70, 73, 78)","rgb(237, 237, 237)","rgb(70,73,78)","rgb(237,237,237)",7.72,7.72,1,1,0,0
406,button,"rgb(255, 255, 255)","rgb(255, 105, 33)","rgb(255,255,255)","rgb(255,105,33)",2.88,2.88,0,0,0,0
406,span,"rgb(51, 51, 51)","rgb(237, 237, 237)","rgb(51,51,51)","rgb(237,237,237)",10.79,10.79,1,1,0,0
406,button,"rgb(70, 73, 78)","rgb(214, 214, 214)","rgb(70,73,78)","rgb(214,214,214)",6.22,6.22,1,1,0,0
406,button,"rgb(255, 105, 33)","rgb(255, 255, 255)","rgb(255,105,33)","rgb(255,255,255)",2.88,2.88,0,0,0,0
408,a,"rgb(0, 0, 0)","rgb(255, 255, 255)","rgb(0,0,0)","rgb(255,255,255)",21,21,1,1,0,0
408,div,"rgb(179, 179, 179)","rgb(248, 248, 248)","rgb(179,179,179)","rgb(248,248,248)",1.97,1.97,0,0,0,0
408,div,"rgb(51, 51, 51)","rgb(15, 126, 203)","rgb(51,51,51)","rgb(15,126,203)",2.93,2.93,0,0,0,0
408,div,"rgb(51, 51, 51)","rgb(250, 250, 250)","rgb(51,51,51)","rgb(250,250,250)",12.1,12.1,1,1,0,0
410,div,"rgb(72, 73, 74)","rgb(237, 238, 240)","rgb(72,73,74)","rgb(237,238,240)",7.77,7.77,1,1,0,0
410,section,"rgb(72, 73, 74)","rgb(241, 242, 243)","rgb(72,73,74)","rgb(241,242,243)",8.05,8.05,1,1,0,0
410,button,"rgb(0, 0, 0)","rgb(240, 240, 240)","rgb(0,0,0)","rgb(240,240,240)",18.43,18.43,1,1,0,0
410,button,"rgb(72, 73, 74)","rgb(249, 249, 251)","rgb(72,73,74)","rgb(249,249,251)",8.58,8.58,1,1,0,0
410,div,"rgb(72, 73, 74)","rgb(255, 255, 255)","rgb(72,73,74)","rgb(255,255,255)",9.02,9.02,1,1,0,0
410,div,"rgb(72, 73, 74)","rgb(43, 44, 45)","rgb(72,73,74)","rgb(43,44,45)",1.55,1.55,0,0,0,0
410,a,"rgb(16, 17, 19)","rgb(255, 255, 255)","rgb(16,17,19)","rgb(255,255,255)",18.89,18.89,1,1,0,0
410,a,"rgb(255, 255, 255)","rgb(55, 114, 223)","rgb(255,255,255)","rgb(55,114,223)",4.53,4.53,1,1,0,0
410,div,"rgb(29, 30, 31)","rgba(255, 255, 255, 0.8)","rgb(29,30,31)","rgb(255,255,255)",16.7,16.7,1,1,0,0
410,div,"rgb(220, 221, 223)","rgba(72, 73, 74, 0.7)","rgb(220,221,223)","rgb(127,128,128)",6.64,2.93,1,0,1,0
410,div,"rgb(72, 73, 74)","rgb(108, 109, 111)","rgb(72,73,74)","rgb(108,109,111)",1.74,1.74,0,0,0,0
410,span,"rgb(29, 30, 31)","rgba(255, 255, 255, 0.6)","rgb(29,30,31)","rgb(255,255,255)",16.7,16.7,1,1,0,0
410,a,"rgb(16, 17, 19)","rgb(255, 100, 95)","rgb(16,17,19)","rgb(255,100,95)",6.51,6.51,1,1,0,0
410,a,"rgb(16, 17, 19)","rgb(255, 119, 0)","rgb(16,17,19)","rgb(255,119,0)",7.1,7.1,1,1,0,0
410,div,"rgb(165, 166, 167)","rgb(249, 249, 251)","rgb(165,166,167)","rgb(249,249,251)",2.32,2.32,0,0,0,0
410,button,"rgb(0, 0, 0)","rgb(255, 255, 255)","rgb(0,0,0)","rgb(255,255,255)",21,21,1,1,0,0
410,button,"rgb(255, 255, 255)","rgb(0, 121, 188)","rgb(255,255,255)","rgb(0,121,188)",4.71,4.71,1,1,0,0
412,section,"rgb(10, 10, 10)","rgb(255, 255, 255)","rgb(10,10,10)","rgb(255,255,255)",19.8,19.8,1,1,0,0
412,button,"rgb(0, 42, 255)","rgb(216, 222, 255)","rgb(0,42,255)","rgb(216,222,255)",5.7,5.7,1,1,0,0
412,div,"rgb(0, 42, 255)","rgb(250, 250, 250)","rgb(0,42,255)","rgb(250,250,250)",7.25,7.25,1,1,0,0
412,button,"rgb(255, 255, 255)","rgb(10, 10, 10)","rgb(255,255,255)","rgb(10,10,10)",19.8,19.8,1,1,0,0
412,span,"rgba(0, 0, 0, 0)","rgb(237, 238, 241)","rgb(237,238,241)","rgb(237,238,241)",18.1,1,1,0,1,0
412,div,"rgb(10, 10, 10)","rgb(250, 250, 250)","rgb(10,10,10)","rgb(250,250,250)",18.97,18.97,1,1,0,0
412,button,"rgb(255, 255, 255)","rgb(0, 42, 255)","rgb(255,255,255)","rgb(0,42,255)",7.57,7.57,1,1,0,0
413,div,"rgb(0, 0, 0)","rgb(0, 0, 0)","rgb(0,0,0)","rgb(0,0,0)",1,1,0,0,0,0
413,button,"rgb(255, 255, 255)","rgb(45, 133, 243)","rgb(255,255,255)","rgb(45,133,243)",3.65,3.65,0,0,0,0
413,a,"rgb(0, 0, 0)","rgb(255, 255, 255)","rgb(0,0,0)","rgb(255,255,255)",21,21,1,1,0,0
413,div,"rgb(0, 0, 0)","rgb(31, 122, 235)","rgb(0,0,0)","rgb(31,122,235)",5.04,5.04,1,1,0,0
413,button,"rgb(255, 255, 255)","rgb(0, 139, 247)","rgb(255,255,255)","rgb(0,139,247)",3.48,3.48,0,0,0,0
415,div,"rgb(17, 22, 23)","rgb(255, 255, 255)","rgb(17,22,23)","rgb(255,255,255)",18.25,18.25,1,1,0,0
415,div,"rgb(17, 22, 23)","rgb(248, 251, 253)","rgb(17,22,23)","rgb(248,251,253)",17.56,17.56,1,1,0,0
415,a,"rgb(0, 0, 238)","rgb(220, 60, 63)","rgb(0,0,238)","rgb(220,60,63)",2.13,2.13,0,0,0,0
415,div,"rgb(17, 22, 23)","rgb(17, 58, 96)","rgb(17,22,23)","rgb(17,58,96)",1.56,1.56,0,0,0,0
415,a,"rgb(255, 255, 255)","rgb(220, 60, 63)","rgb(255,255,255)","rgb(220,60,63)",4.41,4.41,0,0,0,0
415,div,"rgb(17, 22, 23)","rgb(236, 242, 247)","rgb(17,22,23)","rgb(236,242,247)",16.17,16.17,1,1,0,0
415,section,"rgb(17, 22, 23)","rgb(201, 58, 63)","rgb(17,22,23)","rgb(201,58,63)",3.61,3.61,0,0,0,0
415,div,"rgb(17, 22, 23)","rgb(55, 90, 121)","rgb(17,22,23)","rgb(55,90,121)",2.52,2.52,0,0,0,0
415,button,"rgb(0, 0, 0)","rgba(255, 255, 255, 0.16)","rgb(0,0,0)","rgb(255,255,255)",21,21,1,1,0,0
415,div,"rgb(17, 22, 23)","rgb(12, 54, 92)","rgb(17,22,23)","rgb(12,54,92)",1.48,1.48,0,0,0,0
416,a,"rgb(255, 255, 255)","rgb(80, 161, 255)","rgb(255,255,255)","rgb(80,161,255)",2.66,2.66,0,0,0,0
416,section,"rgb(73, 73, 73)","rgb(250, 251, 251)","rgb(73,73,73)","rgb(250,251,251)",8.68,8.68,1,1,0,0
416,a,"rgb(73, 73, 73)","rgb(233, 236, 240)","rgb(73,73,73)","rgb(233,236,240)",7.6,7.6,1,1,0,0
419,div,"rgb(255, 255, 255)","rgb(51, 51, 51)","rgb(255,255,255)","rgb(51,51,51)",12.63,12.63,1,1,0,0
419,div,"rgb(255, 255, 255)","rgb(214, 0, 0)","rgb(255,255,255)","rgb(214,0,0)",5.44,5.44,1,1,0,0
419,span,"rgb(255, 255, 255)","rgba(0, 0, 0, 0.6)","rgb(255,255,255)","rgb(102,102,102)",21,5.74,1,1,0,0
419,div,"rgb(64, 64, 64)","rgb(248, 248, 248)","rgb(64,64,64)","rgb(248,248,248)",9.76,9.76,1,1,0,0
419,div,"rgb(79, 124, 135)","rgb(209, 218, 225)","rgb(79,124,135)","rgb(209,218,225)",3.25,3.25,0,0,0,0
419,div,"rgb(64, 64, 64)","rgb(246, 246, 246)","rgb(64,64,64)","rgb(246,246,246)",9.59,9.59,1,1,0,0
419,div,"rgb(97, 97, 97)","rgb(51, 51, 51)","rgb(97,97,97)","rgb(51,51,51)",2.04,2.04,0,0,0,0
420,span,"rgb(15, 17, 17)","rgb(240, 242, 242)","rgb(15,17,17)","rgb(240,242,242)",16.86,16.86,1,1,0,0
420,div,"rgb(15, 17, 17)","rgb(19, 25, 33)","rgb(15,17,17)","rgb(19,25,33)",1.07,1.07,0,0,0,0
420,div,"rgb(15, 17, 17)","rgb(230, 230, 230)","rgb(15,17,17)","rgb(230,230,230)",15.18,15.18,1,1,0,0
420,div,"rgb(15, 17, 17)","rgb(255, 255, 255)","rgb(15,17,17)","rgb(255,255,255)",18.94,18.94,1,1,0,0
420,span,"rgb(15, 17, 17)","rgb(255, 216, 20)","rgb(15,17,17)","rgb(255,216,20)",13.61,13.61,1,1,0,0
420,div,"rgb(15, 17, 17)","rgb(35, 47, 62)","rgb(15,17,17)","rgb(35,47,62)",1.4,1.4,0,0,0,0
420,div,"rgb(0, 0, 0)","rgb(255, 255, 255)","rgb(0,0,0)","rgb(255,255,255)",21,21,1,1,0,0
420,a,"rgb(33, 98, 161)","rgb(255, 216, 20)","rgb(33,98,161)","rgb(255,216,20)",4.53,4.53,1,1,0,0
420,div,"rgb(15, 17, 17)","rgb(239, 243, 245)","rgb(15,17,17)","rgb(239,243,245)",16.97,16.97,1,1,0,0
420,div,"rgb(15, 17, 17)","rgb(245, 245, 245)","rgb(15,17,17)","rgb(245,245,245)",17.38,17.38,1,1,0,0
420,span,"rgb(255, 255, 255)","rgb(31, 77, 245)","rgb(255,255,255)","rgb(31,77,245)",6.11,6.11,1,1,0,0
420,div,"rgb(15, 17, 17)","rgb(244, 244, 244)","rgb(15,17,17)","rgb(244,244,244)",17.22,17.22,1,1,0,0
420,span,"rgb(15, 17, 17)","rgb(247, 254, 255)","rgb(15,17,17)","rgb(247,254,255)",18.56,18.56,1,1,0,0
420,a,"rgb(33, 98, 161)","rgb(255, 255, 255)","rgb(33,98,161)","rgb(255,255,255)",6.31,6.31,1,1,0,0
420,div,"rgb(255, 255, 255)","rgb(55, 71, 90)","rgb(255,255,255)","rgb(55,71,90)",9.5,9.5,1,1,0,0
420,div,"rgb(221, 221, 221)","rgb(19, 26, 34)","rgb(221,221,221)","rgb(19,26,34)",12.9,12.9,1,1,0,0
423,section,"rgb(0, 0, 0)","rgb(247, 248, 249)","rgb(0,0,0)","rgb(247,248,249)",19.75,19.75,1,1,0,0
425,div,"rgb(150, 150, 150)","rgb(23, 29, 37)","rgb(150,150,150)","rgb(23,29,37)",5.73,5.73,1,1,0,0
425,div,"rgb(229, 228, 220)","rgb(92, 126, 16)","rgb(229,228,220)","rgb(92,126,16)",3.7,3.7,0,0,0,0
425,div,"rgb(150, 150, 150)","rgba(0, 0, 0, 0.4)","rgb(150,150,150)","rgb(153,153,153)",7.1,1.04,1,0,1,0
425,a,"rgb(235, 235, 235)","rgb(0, 0, 0)","rgb(235,235,235)","rgb(0,0,0)",17.62,17.62,1,1,0,0
425,div,"rgb(150, 150, 150)","rgb(13, 19, 27)","rgb(150,150,150)","rgb(13,19,27)",6.3,6.3,1,1,0,0
425,a,"rgb(235, 235, 235)","rgba(0, 0, 0, 0.4)","rgb(235,235,235)","rgb(153,153,153)",17.62,2.39,1,0,1,0
425,div,"rgb(255, 255, 255)","rgb(39, 47, 56)","rgb(255,255,255)","rgb(39,47,56)",13.55,13.55,1,1,0,0
425,div,"rgb(154, 199, 243)","rgb(77, 108, 139)","rgb(154,199,243)","rgb(77,108,139)",3.09,3.09,0,0,0,0
425,div,"rgb(143, 152, 160)","rgb(0, 0, 0)","rgb(143,152,160)","rgb(0,0,0)",7.17,7.17,1,1,0,0
426,div,"rgb(28, 28, 29)","rgb(250, 250, 251)","rgb(28,28,29)","rgb(250,250,251)",16.32,16.32,1,1,0,0
426,button,"rgb(255, 255, 255)","rgb(67, 79, 207)","rgb(255,255,255)","rgb(67,79,207)",6.45,6.45,1,1,0,0
426,div,"rgb(28, 28, 29)","rgb(255, 255, 255)","rgb(28,28,29)","rgb(255,255,255)",17.03,17.03,1,1,0,0
426,a,"rgb(28, 28, 29)","rgb(233, 243, 255)","rgb(28,28,29)","rgb(233,243,255)",15.19,15.19,1,1,0,0
426,a,"rgb(28, 28, 29)","rgb(255, 225, 212)","rgb(28,28,29)","rgb(255,225,212)",13.76,13.76,1,1,0,0
426,section,"rgb(228, 228, 229)","rgb(28, 28, 29)","rgb(228,228,229)","rgb(28,28,29)",13.4,13.4,1,1,0,0
426,section,"rgb(228, 228, 229)","rgb(58, 46, 205)","rgb(228,228,229)","rgb(58,46,205)",6.74,6.74,1,1,0,0
426,a,"rgb(67, 79, 207)","rgb(255, 255, 255)","rgb(67,79,207)","rgb(255,255,255)",6.45,6.45,1,1,0,0
427,div,"rgb(15, 20, 26)","rgb(252, 252, 253)","rgb(15,20,26)","rgb(252,252,253)",18.04,18.04,1,1,0,0
427,div,"rgb(15, 20, 26)","rgb(255, 255, 255)","rgb(15,20,26)","rgb(255,255,255)",18.5,18.5,1,1,0,0
427,button,"rgb(255, 255, 255)","rgb(0, 108, 224)","rgb(255,255,255)","rgb(0,108,224)",4.97,4.97,1,1,0,0
427,a,"rgb(0, 108, 224)","rgb(255, 255, 255)","rgb(0,108,224)","rgb(255,255,255)",4.97,4.97,1,1,0,0
430,div,"rgb(0, 0, 0)","rgb(255, 255, 255)","rgb(0,0,0)","rgb(255,255,255)",21,21,1,1,0,0
430,div,"rgb(0, 0, 0)","rgba(31, 31, 31, 0.09)","rgb(0,0,0)","rgb(235,235,235)",1.27,17.59,0,1,0,1
430,a,"rgb(34, 34, 34)","rgba(0, 0, 0, 0.06)","rgb(34,34,34)","rgb(240,240,240)",1.32,13.92,0,1,0,1
430,div,"rgb(0, 0, 0)","rgb(76, 186, 60)","rgb(0,0,0)","rgb(76,186,60)",8.4,8.4,1,1,0,0
430,a,"rgb(255, 255, 255)","rgb(57, 105, 239)","rgb(255,255,255)","rgb(57,105,239)",4.73,4.73,1,1,0,0
430,button,"rgba(0, 0, 0, 0.84)","rgb(250, 250, 250)","rgb(40,40,40)","rgb(250,250,250)",20.12,14.13,1,1,0,0
430,div,"rgb(0, 0, 0)","rgb(250, 250, 250)","rgb(0,0,0)","rgb(250,250,250)",20.12,20.12,1,1,0,0
430,div,"rgb(0, 0, 0)","rgb(249, 250, 255)","rgb(0,0,0)","rgb(249,250,255)",20.15,20.15,1,1,0,0
430,button,"rgb(34, 34, 34)","rgb(255, 255, 255)","rgb(34,34,34)","rgb(255,255,255)",15.91,15.91,1,1,0,0
430,span,"rgb(255, 255, 255)","rgba(0, 0, 0, 0.92)","rgb(255,255,255)","rgb(20,20,20)",21,18.36,1,1,0,0
430,span,"rgba(0, 0, 0, 0.84)","rgba(0, 0, 0, 0.06)","rgb(38,38,38)","rgb(240,240,240)",1,13.18,0,1,0,1
430,div,"rgb(0, 0, 0)","rgba(255, 255, 255, 0.7)","rgb(0,0,0)","rgb(255,255,255)",21,21,1,1,0,0
430,h3,"rgb(0, 0, 0)","rgba(255, 255, 255, 0.5)","rgb(0,0,0)","rgb(255,255,255)",21,21,1,1,0,0
431,div,"rgb(40, 40, 40)","rgb(238, 238, 238)","rgb(40,40,40)","rgb(238,238,238)",12.71,12.71,1,1,0,0
431,div,"rgb(51, 51, 51)","rgb(243, 243, 243)","rgb(51,51,51)","rgb(243,243,243)",11.39,11.39,1,1,0,0
431,div,"rgb(51, 51, 51)","rgb(255, 255, 255)","rgb(51,51,51)","rgb(255,255,255)",12.63,12.63,1,1,0,0
431,a,"rgb(255, 255, 255)","rgb(199, 0, 11)","rgb(255,255,255)","rgb(199,0,11)",6.12,6.12,1,1,0,0
431,div,"rgb(51, 51, 51)","rgb(248, 248, 248)","rgb(51,51,51)","rgb(248,248,248)",11.9,11.9,1,1,0,0
431,div,"rgb(51, 51, 51)","rgb(230, 230, 230)","rgb(51,51,51)","rgb(230,230,230)",10.12,10.12,1,1,0,0
432,div,"rgb(0, 0, 0)","rgb(255, 255, 255)","rgb(0,0,0)","rgb(255,255,255)",21,21,1,1,0,0
432,button,"rgb(255, 255, 255)","rgb(255, 80, 0)","rgb(255,255,255)","rgb(255,80,0)",3.28,3.28,0,0,0,0
432,div,"rgb(0, 0, 0)","rgb(247, 247, 247)","rgb(0,0,0)","rgb(247,247,247)",19.6,19.6,1,1,0,0
432,div,"rgb(0, 0, 0)","rgb(255, 241, 235)","rgb(0,0,0)","rgb(255,241,235)",19.03,19.03,1,1,0,0
432,div,"rgb(255, 255, 255)","rgba(0, 0, 0, 0.92)","rgb(255,255,255)","rgb(20,20,20)",21,18.36,1,1,0,0
433,a,"rgb(0, 102, 255)","rgb(255, 255, 255)","rgb(0,102,255)","rgb(255,255,255)",4.83,4.83,1,1,0,0
433,a,"rgb(0, 102, 255)","rgb(0, 102, 255)","rgb(0,102,255)","rgb(0,102,255)",1,1,0,0,0,0
433,div,"rgb(0, 0, 0)","rgb(255, 255, 255)","rgb(0,0,0)","rgb(255,255,255)",21,21,1,1,0,0
433,section,"rgb(0, 0, 0)","rgb(244, 245, 250)","rgb(0,0,0)","rgb(244,245,250)",19.29,19.29,1,1,0,0
433,div,"rgb(0, 0, 0)","rgba(255, 255, 255, 0.5)","rgb(0,0,0)","rgb(255,255,255)",21,21,1,1,0,0
433,div,"rgb(255, 255, 255)","rgb(0, 102, 255)","rgb(255,255,255)","rgb(0,102,255)",4.83,4.83,1,1,0,0
433,a,"rgb(0, 102, 255)","rgb(244, 245, 250)","rgb(0,102,255)","rgb(244,245,250)",4.44,4.44,0,0,0,0
433,div,"rgb(0, 102, 255)","rgb(230, 240, 255)","rgb(0,102,255)","rgb(230,240,255)",4.21,4.21,0,0,0,0
433,div,"rgb(0, 0, 0)","rgb(53, 53, 53)","rgb(0,0,0)","rgb(53,53,53)",1.71,1.71,0,0,0,0
433,div,"rgb(0, 0, 0)","rgb(0, 102, 255)","rgb(0,0,0)","rgb(0,102,255)",4.34,4.34,0,0,0,0
433,div,"rgb(69, 85, 98)","rgb(244, 245, 250)","rgb(69,85,98)","rgb(244,245,250)",7.07,7.07,1,1,0,0
433,div,"rgb(53, 53, 53)","rgb(244, 245, 250)","rgb(53,53,53)","rgb(244,245,250)",11.27,11.27,1,1,0,0
433,div,"rgb(53, 53, 53)","rgb(255, 255, 255)","rgb(53,53,53)","rgb(255,255,255)",12.27,12.27,1,1,0,0
433,button,"rgba(16, 16, 16, 0.3)","rgb(245, 245, 245)","rgb(176,176,176)","rgb(245,245,245)",17.45,1.98,1,0,1,0
434,div,"rgb(0, 0, 238)","rgb(0, 79, 159)","rgb(0,0,238)","rgb(0,79,159)",1.17,1.17,0,0,0,0
434,div,"rgb(255, 255, 255)","rgba(0, 0, 0, 0.75)","rgb(255,255,255)","rgb(64,64,64)",21,10.41,1,1,0,0
434,a,"rgb(255, 255, 255)","rgb(99, 175, 230)","rgb(255,255,255)","rgb(99,175,230)",2.38,2.38,0,0,0,0
435,div,"rgb(0, 0, 0)","rgb(232, 232, 232)","rgb(0,0,0)","rgb(232,232,232)",17.14,17.14,1,1,0,0
435,span,"rgb(219, 219, 219)","rgb(255, 255, 255)","rgb(219,219,219)","rgb(255,255,255)",1.38,1.38,0,0,0,0
436,a,"rgb(255, 255, 255)","rgb(0, 70, 200)","rgb(255,255,255)","rgb(0,70,200)",7.75,7.75,1,1,0,0
436,div,"rgb(0, 15, 40)","rgb(255, 255, 255)","rgb(0,15,40)","rgb(255,255,255)",19.11,19.11,1,1,0,0
436,div,"rgb(0, 15, 40)","rgb(0, 15, 40)","rgb(0,15,40)","rgb(0,15,40)",1,1,0,0,0,0
436,div,"rgb(0, 15, 40)","rgb(0, 0, 0)","rgb(0,15,40)","rgb(0,0,0)",1.1,1.1,0,0,0,0
436,a,"rgb(255, 255, 255)","rgb(9, 83, 222)","rgb(255,255,255)","rgb(9,83,222)",6.36,6.36,1,1,0,0
436,div,"rgb(0, 15, 40)","rgb(238, 244, 254)","rgb(0,15,40)","rgb(238,244,254)",17.3,17.3,1,1,0,0
436,a,"rgb(0, 70, 200)","rgb(238, 244, 254)","rgb(0,70,200)","rgb(238,244,254)",7.01,7.01,1,1,0,0
436,button,"rgb(255, 255, 255)","rgb(0, 113, 197)","rgb(255,255,255)","rgb(0,113,197)",5.04,5.04,1,1,0,0
436,button,"rgb(0, 113, 197)","rgb(255, 255, 255)","rgb(0,113,197)","rgb(255,255,255)",5.04,5.04,1,1,0,0
437,div,"rgb(255, 255, 255)","rgb(56, 88, 233)","rgb(255,255,255)","rgb(56,88,233)",5.61,5.61,1,1,0,0
437,a,"rgb(56, 88, 233)","rgb(255, 255, 255)","rgb(56,88,233)","rgb(255,255,255)",5.61,5.61,1,1,0,0
437,div,"rgb(60, 67, 74)","rgb(246, 247, 247)","rgb(60,67,74)","rgb(246,247,247)",9.34,9.34,1,1,0,0
437,section,"rgb(60, 67, 74)","rgb(255, 255, 255)","rgb(60,67,74)","rgb(255,255,255)",10.03,10.03,1,1,0,0
437,div,"rgb(60, 67, 74)","rgba(0, 0, 0, 0.5)","rgb(60,67,74)","rgb(128,128,128)",2.09,2.52,0,0,0,0
437,a,"rgb(255, 255, 255)","rgb(16, 21, 23)","rgb(255,255,255)","rgb(16,21,23)",18.39,18.39,1,1,0,0
437,div,"rgba(16, 21, 23, 0.85)","rgb(246, 247, 247)","rgb(51,55,57)","rgb(246,247,247)",17.14,11.24,1,1,0,0
437,section,"rgba(255, 255, 255, 0.85)","rgb(16, 21, 23)","rgb(219,220,220)","rgb(16,21,23)",18.39,13.38,1,1,0,0
437,a,"rgb(255, 255, 255)","rgb(0, 0, 0)","rgb(255,255,255)","rgb(0,0,0)",21,21,1,1,0,0
439,div,"rgb(0, 0, 0)","rgb(255, 255, 255)","rgb(0,0,0)","rgb(255,255,255)",21,21,1,1,0,0
440,div,"rgb(69, 95, 124)","rgb(255, 255, 255)","rgb(69,95,124)","rgb(255,255,255)",6.6,6.6,1,1,0,0
440,a,"rgba(0, 0, 0, 0.6)","rgb(255, 255, 255)","rgb(102,102,102)","rgb(255,255,255)",21,5.74,1,1,0,0
440,span,"rgb(255, 255, 255)","rgb(6, 102, 229)","rgb(255,255,255)","rgb(6,102,229)",5.2,5.2,1,1,0,0
440,div,"rgb(0, 19, 39)","rgb(124, 195, 5)","rgb(0,19,39)","rgb(124,195,5)",8.61,8.61,1,1,0,0
440,section,"rgb(255, 255, 255)","rgb(0, 19, 39)","rgb(255,255,255)","rgb(0,19,39)",18.71,18.71,1,1,0,0
440,a,"rgb(255, 255, 255)","rgb(51, 82, 117)","rgb(255,255,255)","rgb(51,82,117)",8.06,8.06,1,1,0,0
440,div,"rgb(69, 95, 124)","rgb(157, 179, 187)","rgb(69,95,124)","rgb(157,179,187)",3.02,3.02,0,0,0,0
440,h3,"rgb(15, 39, 65)","rgb(255, 255, 255)","rgb(15,39,65)","rgb(255,255,255)",15.14,15.14,1,1,0,0
440,a,"rgb(69, 95, 124)","rgb(241, 244, 247)","rgb(69,95,124)","rgb(241,244,247)",5.98,5.98,1,1,0,0
440,a,"rgb(6, 102, 229)","rgb(255, 255, 255)","rgb(6,102,229)","rgb(255,255,255)",5.2,5.2,1,1,0,0
440,div,"rgb(69, 95, 124)","rgb(245, 248, 251)","rgb(69,95,124)","rgb(245,248,251)",6.19,6.19,1,1,0,0
449,div,"rgb(145, 147, 168)","rgb(20, 21, 38)","rgb(145,147,168)","rgb(20,21,38)",5.96,5.96,1,1,0,0
449,div,"rgb(145, 147, 168)","rgb(5, 6, 31)","rgb(145,147,168)","rgb(5,6,31)",6.6,6.6,1,1,0,0
449,button,"rgb(28, 191, 255)","rgb(55, 57, 82)","rgb(28,191,255)","rgb(55,57,82)",5.32,5.32,1,1,0,0
449,button,"rgb(11, 12, 27)","rgb(86, 189, 253)","rgb(11,12,27)","rgb(86,189,253)",9.32,9.32,1,1,0,0
451,a,"rgb(14, 14, 16)","rgb(255, 255, 255)","rgb(14,14,16)","rgb(255,255,255)",19.28,19.28,1,1,0,0
451,div,"rgb(14, 14, 16)","rgb(14, 14, 16)","rgb(14,14,16)","rgb(14,14,16)",1,1,0,0,0,0
451,div,"rgb(14, 14, 16)","rgb(241, 241, 242)","rgb(14,14,16)","rgb(241,241,242)",17.08,17.08,1,1,0,0
452,div,"rgb(102, 102, 102)","rgb(255, 255, 255)","rgb(102,102,102)","rgb(255,255,255)",5.74,5.74,1,1,0,0
452,a,"rgb(64, 64, 64)","rgb(255, 255, 255)","rgb(64,64,64)","rgb(255,255,255)",10.37,10.37,1,1,0,0
452,span,"rgb(255, 255, 255)","rgba(0, 0, 0, 0.4)","rgb(255,255,255)","rgb(153,153,153)",21,2.85,1,0,1,0
452,a,"rgb(64, 64, 64)","rgb(249, 249, 249)","rgb(64,64,64)","rgb(249,249,249)",9.85,9.85,1,1,0,0
452,div,"rgb(102, 102, 102)","rgb(249, 249, 249)","rgb(102,102,102)","rgb(249,249,249)",5.45,5.45,1,1,0,0
452,div,"rgb(102, 102, 102)","rgb(242, 242, 242)","rgb(102,102,102)","rgb(242,242,242)",5.13,5.13,1,1,0,0
454,div,"rgb(0, 0, 0)","rgb(255, 255, 255)","rgb(0,0,0)","rgb(255,255,255)",21,21,1,1,0,0
454,div,"rgb(0, 0, 0)","rgb(242, 242, 242)","rgb(0,0,0)","rgb(242,242,242)",18.76,18.76,1,1,0,0
454,button,"rgb(0, 0, 0)","rgb(0, 106, 255)","rgb(0,0,0)","rgb(0,106,255)",4.51,4.51,1,1,0,0
454,button,"rgb(0, 0, 0)","rgb(239, 242, 246)","rgb(0,0,0)","rgb(239,242,246)",18.7,18.7,1,1,0,0
454,div,"rgb(0, 0, 0)","rgb(192, 220, 240)","rgb(0,0,0)","rgb(192,220,240)",14.74,14.74,1,1,0,0
456,div,"rgb(57, 54, 79)","rgb(248, 247, 250)","rgb(57,54,79)","rgb(248,247,250)",10.84,10.84,1,1,0,0
456,a,"rgb(57, 54, 79)","rgb(255, 255, 255)","rgb(57,54,79)","rgb(255,255,255)",11.57,11.57,1,1,0,0
456,div,"rgb(219, 218, 227)","rgb(30, 10, 60)","rgb(219,218,227)","rgb(30,10,60)",13.02,13.02,1,1,0,0
459,button,"rgb(0, 80, 183)","rgb(0, 236, 255)","rgb(0,80,183)","rgb(0,236,255)",5.1,5.1,1,1,0,0
460,div,"rgba(0, 0, 0, 0.87)","rgb(11, 87, 208)","rgb(1,11,27)","rgb(11,87,208)",3.29,3.08,0,0,0,0
460,div,"rgb(31, 31, 31)","rgb(248, 250, 253)","rgb(31,31,31)","rgb(248,250,253)",15.76,15.76,1,1,0,0
460,button,"rgb(0, 0, 0)","rgb(11, 87, 208)","rgb(0,0,0)","rgb(11,87,208)",3.29,3.29,0,0,0,0
461,section,"rgb(60, 60, 60)","rgb(16, 15, 62)","rgb(60,60,60)","rgb(16,15,62)",1.64,1.64,0,0,0,0
461,button,"rgb(255, 255, 255)","rgb(28, 176, 246)","rgb(255,255,255)","rgb(28,176,246)",2.44,2.44,0,0,0,0
465,section,"rgb(255, 255, 255)","rgb(0, 0, 0)","rgb(255,255,255)","rgb(0,0,0)",21,21,1,1,0,0
465,li,"rgb(51, 55, 65)","rgb(243, 245, 246)","rgb(51,55,65)","rgb(243,245,246)",10.89,10.89,1,1,0,0
465,button,"rgb(255, 255, 255)","rgb(23, 98, 187)","rgb(255,255,255)","rgb(23,98,187)",6,6,1,1,0,0
465,section,"rgb(248, 249, 250)","rgb(23, 98, 187)","rgb(248,249,250)","rgb(23,98,187)",5.69,5.69,1,1,0,0
465,a,"rgb(0, 0, 0)","rgb(248, 249, 250)","rgb(0,0,0)","rgb(248,249,250)",19.92,19.92,1,1,0,0
466,button,"rgb(255, 255, 254)","rgb(40, 40, 40)","rgb(255,255,254)","rgb(40,40,40)",14.73,14.73,1,1,0,0
466,div,"rgb(40, 40, 40)","rgb(250, 249, 245)","rgb(40,40,40)","rgb(250,249,245)",13.99,13.99,1,1,0,0
466,button,"rgb(255, 255, 254)","rgb(9, 134, 71)","rgb(255,255,254)","rgb(9,134,71)",4.65,4.65,1,1,0,0
466,div,"rgb(40, 40, 40)","rgb(40, 40, 40)","rgb(40,40,40)","rgb(40,40,40)",1,1,0,0,0,0
466,div,"rgb(40, 40, 40)","rgb(255, 255, 254)","rgb(40,40,40)","rgb(255,255,254)",14.73,14.73,1,1,0,0
466,button,"rgb(66, 66, 66)","rgb(255, 255, 254)","rgb(66,66,66)","rgb(255,255,254)",10.04,10.04,1,1,0,0
466,div,"rgb(40, 40, 40)","rgb(255, 255, 255)","rgb(40,40,40)","rgb(255,255,255)",14.74,14.74,1,1,0,0
467,span,"rgb(49, 49, 49)","rgb(217, 217, 217)","rgb(49,49,49)","rgb(217,217,217)",9.22,9.22,1,1,0,0
468,div,"rgb(102, 102, 102)","rgb(1, 113, 188)","rgb(102,102,102)","rgb(1,113,188)",1.12,1.12,0,0,0,0
472,a,"rgb(255, 255, 255)","rgb(0, 95, 175)","rgb(255,255,255)","rgb(0,95,175)",6.45,6.45,1,1,0,0
472,div,"rgb(59, 59, 59)","rgb(230, 236, 236)","rgb(59,59,59)","rgb(230,236,236)",9.37,9.37,1,1,0,0
475,div,"rgb(57, 63, 73)","rgb(255, 255, 255)","rgb(57,63,73)","rgb(255,255,255)",10.6,10.6,1,1,0,0
475,a,"rgb(255, 255, 255)","rgb(1, 102, 255)","rgb(255,255,255)","rgb(1,102,255)",4.83,4.83,1,1,0,0
475,a,"rgb(1, 102, 255)","rgb(255, 255, 255)","rgb(1,102,255)","rgb(255,255,255)",4.83,4.83,1,1,0,0
475,div,"rgb(42, 42, 42)","rgb(255, 255, 255)","rgb(42,42,42)","rgb(255,255,255)",14.35,14.35,1,1,0,0
476,div,"rgb(51, 51, 51)","rgb(255, 255, 255)","rgb(51,51,51)","rgb(255,255,255)",12.63,12.63,1,1,0,0
476,span,"rgb(255, 255, 255)","rgb(214, 32, 33)","rgb(255,255,255)","rgb(214,32,33)",5.14,5.14,1,1,0,0
476,section,"rgb(51, 51, 51)","rgb(87, 87, 87)","rgb(51,51,51)","rgb(87,87,87)",1.75,1.75,0,0,0,0
476,a,"rgb(51, 51, 51)","rgb(249, 249, 249)","rgb(51,51,51)","rgb(249,249,249)",12,12,1,1,0,0
476,div,"rgb(87, 87, 87)","rgb(255, 255, 255)","rgb(87,87,87)","rgb(255,255,255)",7.23,7.23,1,1,0,0
476,a,"rgb(62, 26, 120)","rgb(238, 233, 246)","rgb(62,26,120)","rgb(238,233,246)",10.85,10.85,1,1,0,0
476,h2,"rgb(255, 255, 255)","rgb(10, 97, 219)","rgb(255,255,255)","rgb(10,97,219)",5.61,5.61,1,1,0,0
476,button,"rgb(51, 51, 51)","rgb(10, 97, 219)","rgb(51,51,51)","rgb(10,97,219)",2.25,2.25,0,0,0,0
476,div,"rgb(51, 51, 51)","rgb(51, 51, 51)","rgb(51,51,51)","rgb(51,51,51)",1,1,0,0,0,0
476,div,"rgb(51, 51, 51)","rgb(241, 241, 241)","rgb(51,51,51)","rgb(241,241,241)",11.19,11.19,1,1,0,0
476,button,"rgb(0, 0, 0)","rgb(255, 255, 255)","rgb(0,0,0)","rgb(255,255,255)",21,21,1,1,0,0
476,div,"rgb(51, 51, 51)","rgb(0, 0, 0)","rgb(51,51,51)","rgb(0,0,0)",1.66,1.66,0,0,0,0
476,li,"rgb(51, 51, 51)","rgb(68, 137, 228)","rgb(51,51,51)","rgb(68,137,228)",3.58,3.58,0,0,0,0
476,li,"rgb(51, 51, 51)","rgb(115, 115, 115)","rgb(51,51,51)","rgb(115,115,115)",2.66,2.66,0,0,0,0
476,button,"rgb(44, 99, 174)","rgb(255, 255, 255)","rgb(44,99,174)","rgb(255,255,255)",5.99,5.99,1,1,0,0
476,button,"rgb(255, 255, 255)","rgb(44, 99, 174)","rgb(255,255,255)","rgb(44,99,174)",5.99,5.99,1,1,0,0
477,a,"rgb(0, 116, 163)","rgba(255, 255, 255, 0)","rgb(0,116,163)","rgb(255,255,255)",5.21,5.21,1,1,0,0
477,div,"rgb(68, 68, 68)","rgb(255, 255, 255)","rgb(68,68,68)","rgb(255,255,255)",9.74,9.74,1,1,0,0
477,div,"rgb(68, 68, 68)","rgba(255, 255, 255, 0)","rgb(68,68,68)","rgb(255,255,255)",9.74,9.74,1,1,0,0
477,div,"rgb(148, 148, 148)","rgba(255, 255, 255, 0)","rgb(148,148,148)","rgb(255,255,255)",3.03,3.03,0,0,0,0
477,div,"rgb(68, 68, 68)","rgb(62, 110, 147)","rgb(68,68,68)","rgb(62,110,147)",1.79,1.79,0,0,0,0
477,a,"rgb(255, 255, 255)","rgba(255, 255, 255, 0)","rgb(255,255,255)","rgb(255,255,255)",1,1,0,0,0,0
477,div,"rgb(85, 85, 85)","rgb(255, 255, 255)","rgb(85,85,85)","rgb(255,255,255)",7.46,7.46,1,1,0,0
477,div,"rgb(85, 85, 85)","rgba(255, 255, 255, 0)","rgb(85,85,85)","rgb(255,255,255)",7.46,7.46,1,1,0,0
477,h2,"rgb(233, 123, 0)","rgba(255, 255, 255, 0)","rgb(233,123,0)","rgb(255,255,255)",2.88,2.88,0,0,0,0
477,div,"rgb(170, 170, 170)","rgb(43, 93, 128)","rgb(170,170,170)","rgb(43,93,128)",3.03,3.03,0,0,0,0
477,div,"rgb(170, 170, 170)","rgba(255, 255, 255, 0)","rgb(170,170,170)","rgb(255,255,255)",2.32,2.32,0,0,0,0
477,h2,"rgb(247, 200, 145)","rgba(255, 255, 255, 0)","rgb(247,200,145)","rgb(255,255,255)",1.54,1.54,0,0,0,0
477,a,"rgb(234, 234, 234)","rgba(255, 255, 255, 0)","rgb(234,234,234)","rgb(255,255,255)",1.2,1.2,0,0,0,0
477,div,"rgb(51, 51, 51)","rgb(225, 225, 225)","rgb(51,51,51)","rgb(225,225,225)",9.66,9.66,1,1,0,0
477,div,"rgb(51, 51, 51)","rgba(255, 255, 255, 0)","rgb(51,51,51)","rgb(255,255,255)",12.63,12.63,1,1,0,0
477,a,"rgb(0, 106, 148)","rgba(255, 255, 255, 0)","rgb(0,106,148)","rgb(255,255,255)",6.02,6.02,1,1,0,0
477,div,"rgb(102, 102, 102)","rgb(247, 247, 247)","rgb(102,102,102)","rgb(247,247,247)",5.36,5.36,1,1,0,0
477,div,"rgb(102, 102, 102)","rgba(255, 255, 255, 0)","rgb(102,102,102)","rgb(255,255,255)",5.74,5.74,1,1,0,0
477,a,"rgb(113, 113, 113)","rgba(255, 255, 255, 0)","rgb(113,113,113)","rgb(255,255,255)",4.88,4.88,1,1,0,0
477,a,"rgb(26, 24, 22)","rgba(255, 255, 255, 0)","rgb(26,24,22)","rgb(255,255,255)",17.7,17.7,1,1,0,0
481,button,"rgb(255, 255, 255)","rgb(66, 91, 118)","rgb(255,255,255)","rgb(66,91,118)",7.02,7.02,1,1,0,0
481,button,"rgb(66, 91, 118)","rgb(255, 255, 255)","rgb(66,91,118)","rgb(255,255,255)",7.02,7.02,1,1,0,0
481,div,"rgb(0, 0, 0)","rgb(255, 255, 255)","rgb(0,0,0)","rgb(255,255,255)",21,21,1,1,0,0
481,a,"rgb(255, 255, 255)","rgb(255, 152, 0)","rgb(255,255,255)","rgb(255,152,0)",2.16,2.16,0,0,0,0
481,div,"rgb(0, 0, 0)","rgb(255, 152, 0)","rgb(0,0,0)","rgb(255,152,0)",9.74,9.74,1,1,0,0
481,div,"rgb(0, 0, 0)","rgb(51, 51, 51)","rgb(0,0,0)","rgb(51,51,51)",1.66,1.66,0,0,0,0
481,div,"rgb(0, 0, 0)","rgb(0, 0, 0)","rgb(0,0,0)","rgb(0,0,0)",1,1,0,0,0,0
481,div,"rgb(255, 152, 0)","rgb(255, 255, 255)","rgb(255,152,0)","rgb(255,255,255)",2.16,2.16,0,0,0,0
481,div,"rgb(255, 152, 0)","rgb(0, 0, 0)","rgb(255,152,0)","rgb(0,0,0)",9.74,9.74,1,1,0,0
481,div,"rgb(0, 0, 0)","rgb(40, 40, 40)","rgb(0,0,0)","rgb(40,40,40)",1.42,1.42,0,0,0,0
481,label,"rgb(0, 0, 0)","rgb(251, 251, 251)","rgb(0,0,0)","rgb(251,251,251)",20.29,20.29,1,1,0,0
483,span,"rgb(0, 0, 0)","rgb(0, 83, 226)","rgb(0,0,0)","rgb(0,83,226)",3.34,3.34,0,0,0,0
483,a,"rgb(0, 0, 238)","rgba(255, 255, 255, 0.9)","rgb(0,0,238)","rgb(255,255,255)",9.4,9.4,1,1,0,0
483,section,"rgb(255, 255, 255)","rgb(0, 46, 153)","rgb(255,255,255)","rgb(0,46,153)",11.35,11.35,1,1,0,0
483,div,"rgb(0, 0, 0)","rgb(233, 241, 254)","rgb(0,0,0)","rgb(233,241,254)",18.48,18.48,1,1,0,0
483,section,"rgb(0, 0, 0)","rgb(255, 255, 255)","rgb(0,0,0)","rgb(255,255,255)",21,21,1,1,0,0
483,a,"rgb(46, 47, 50)","rgb(255, 255, 255)","rgb(46,47,50)","rgb(255,255,255)",13.39,13.39,1,1,0,0
483,li,"rgb(0, 0, 0)","rgb(241, 241, 242)","rgb(0,0,0)","rgb(241,241,242)",18.6,18.6,1,1,0,0
483,span,"rgb(255, 255, 255)","rgb(222, 28, 36)","rgb(255,255,255)","rgb(222,28,36)",4.89,4.89,1,1,0,0
483,span,"rgb(255, 255, 255)","rgb(255, 255, 255)","rgb(255,255,255)","rgb(255,255,255)",1,1,0,0,0,0
483,span,"rgb(255, 255, 255)","rgb(255, 247, 102)","rgb(255,255,255)","rgb(255,247,102)",1.12,1.12,0,0,0,0
483,span,"rgb(0, 0, 0)","rgb(0, 0, 0)","rgb(0,0,0)","rgb(0,0,0)",1,1,0,0,0,0
483,button,"rgb(46, 47, 50)","rgba(0, 0, 0, 0.5)","rgb(46,47,50)","rgb(128,128,128)",1.57,3.37,0,0,0,0
483,button,"rgb(46, 47, 50)","rgba(0, 0, 0, 0.3)","rgb(46,47,50)","rgb(179,179,179)",1.57,6.35,0,1,0,1
486,div,"rgb(51, 51, 51)","rgb(252, 252, 252)","rgb(51,51,51)","rgb(252,252,252)",12.32,12.32,1,1,0,0
486,div,"rgb(51, 51, 51)","rgb(255, 255, 255)","rgb(51,51,51)","rgb(255,255,255)",12.63,12.63,1,1,0,0
486,div,"rgb(102, 102, 102)","rgb(255, 255, 255)","rgb(102,102,102)","rgb(255,255,255)",5.74,5.74,1,1,0,0
486,div,"rgb(51, 51, 51)","rgb(246, 248, 249)","rgb(51,51,51)","rgb(246,248,249)",11.86,11.86,1,1,0,0
486,a,"rgb(255, 255, 255)","rgb(52, 132, 223)","rgb(255,255,255)","rgb(52,132,223)",3.81,3.81,0,0,0,0
486,span,"rgb(51, 51, 51)","rgb(249, 249, 249)","rgb(51,51,51)","rgb(249,249,249)",12,12,1,1,0,0
486,span,"rgb(255, 255, 255)","rgb(0, 0, 0)","rgb(255,255,255)","rgb(0,0,0)",21,21,1,1,0,0
486,span,"rgb(255, 255, 255)","rgba(0, 0, 0, 0.6)","rgb(255,255,255)","rgb(102,102,102)",21,5.74,1,1,0,0
486,span,"rgb(255, 255, 255)","rgba(0, 0, 0, 0.5)","rgb(255,255,255)","rgb(128,128,128)",21,3.98,1,0,1,0
486,div,"rgb(230, 97, 0)","rgb(255, 252, 241)","rgb(230,97,0)","rgb(255,252,241)",3.37,3.37,0,0,0,0
486,div,"rgb(230, 97, 0)","rgb(255, 255, 255)","rgb(230,97,0)","rgb(255,255,255)",3.46,3.46,0,0,0,0
486,div,"rgb(147, 147, 147)","rgb(247, 247, 247)","rgb(147,147,147)","rgb(247,247,247)",2.87,2.87,0,0,0,0
487,div,"rgb(33, 37, 41)","rgb(0, 0, 0)","rgb(33,37,41)","rgb(0,0,0)",1.36,1.36,0,0,0,0
487,a,"rgb(20, 20, 20)","rgb(236, 236, 240)","rgb(20,20,20)","rgb(236,236,240)",15.64,15.64,1,1,0,0
487,a,"rgb(0, 0, 0)","rgb(247, 106, 67)","rgb(0,0,0)","rgb(247,106,67)",7.1,7.1,1,1,0,0
487,a,"rgb(255, 255, 255)","rgb(38, 91, 255)","rgb(255,255,255)","rgb(38,91,255)",5.22,5.22,1,1,0,0
487,section,"rgb(33, 37, 41)","rgba(0, 0, 0, 0.7)","rgb(33,37,41)","rgb(77,77,77)",1.36,1.81,0,0,0,0
487,section,"rgb(33, 37, 41)","rgb(20, 20, 20)","rgb(33,37,41)","rgb(20,20,20)",1.19,1.19,0,0,0,0
487,div,"rgb(33, 37, 41)","rgba(20, 20, 20, 0.7)","rgb(33,37,41)","rgb(91,91,91)",1.19,2.25,0,0,0,0
487,a,"rgb(0, 0, 0)","rgb(255, 203, 6)","rgb(0,0,0)","rgb(255,203,6)",13.8,13.8,1,1,0,0
487,a,"rgb(0, 0, 0)","rgb(0, 204, 102)","rgb(0,0,0)","rgb(0,204,102)",9.83,9.83,1,1,0,0
487,section,"rgb(255, 255, 255)","rgb(0, 0, 0)","rgb(255,255,255)","rgb(0,0,0)",21,21,1,1,0,0
487,button,"rgb(20, 20, 20)","rgb(250, 88, 45)","rgb(20,20,20)","rgb(250,88,45)",5.7,5.7,1,1,0,0
487,div,"rgb(0, 123, 255)","rgb(255, 255, 255)","rgb(0,123,255)","rgb(255,255,255)",3.98,3.98,0,0,0,0
487,button,"rgb(0, 0, 0)","rgb(255, 255, 255)","rgb(0,0,0)","rgb(255,255,255)",21,21,1,1,0,0
487,div,"rgb(33, 37, 41)","rgb(255, 255, 255)","rgb(33,37,41)","rgb(255,255,255)",15.43,15.43,1,1,0,0
487,button,"rgb(20, 20, 20)","rgb(255, 255, 255)","rgb(20,20,20)","rgb(255,255,255)",18.42,18.42,1,1,0,0
489,div,"rgb(102, 102, 102)","rgb(0, 0, 0)","rgb(102,102,102)","rgb(0,0,0)",3.66,3.66,0,0,0,0
489,a,"rgb(237, 246, 255)","rgb(255, 255, 255)","rgb(237,246,255)","rgb(255,255,255)",1.09,1.09,0,0,0,0
489,div,"rgb(102, 102, 102)","rgb(0, 51, 102)","rgb(102,102,102)","rgb(0,51,102)",2.2,2.2,0,0,0,0
489,a,"rgb(255, 255, 255)","rgb(27, 78, 129)","rgb(255,255,255)","rgb(27,78,129)",8.56,8.56,1,1,0,0
489,a,"rgb(255, 255, 255)","rgb(210, 15, 38)","rgb(255,255,255)","rgb(210,15,38)",5.47,5.47,1,1,0,0
489,div,"rgb(102, 102, 102)","rgb(255, 255, 255)","rgb(102,102,102)","rgb(255,255,255)",5.74,5.74,1,1,0,0
489,div,"rgb(102, 102, 102)","rgba(0, 51, 102, 0.8)","rgb(102,102,102)","rgb(51,92,133)",2.2,1.22,0,0,0,0
489,span,"rgb(255, 255, 255)","rgb(194, 0, 23)","rgb(255,255,255)","rgb(194,0,23)",6.35,6.35,1,1,0,0
489,span,"rgb(0, 51, 102)","rgb(255, 255, 255)","rgb(0,51,102)","rgb(255,255,255)",12.61,12.61,1,1,0,0
489,span,"rgb(255, 255, 255)","rgb(48, 118, 8)","rgb(255,255,255)","rgb(48,118,8)",5.64,5.64,1,1,0,0
489,span,"rgb(34, 34, 34)","rgb(255, 255, 255)","rgb(34,34,34)","rgb(255,255,255)",15.91,15.91,1,1,0,0
489,a,"rgb(255, 255, 255)","rgb(0, 29, 58)","rgb(255,255,255)","rgb(0,29,58)",16.98,16.98,1,1,0,0
490,div,"rgb(34, 34, 34)","rgb(246, 246, 246)","rgb(34,34,34)","rgb(246,246,246)",14.72,14.72,1,1,0,0
490,div,"rgb(34, 34, 34)","rgb(252, 245, 230)","rgb(34,34,34)","rgb(252,245,230)",14.65,14.65,1,1,0,0
490,div,"rgb(34, 34, 34)","rgb(0, 0, 0)","rgb(34,34,34)","rgb(0,0,0)",1.32,1.32,0,0,0,0
490,section,"rgb(34, 34, 34)","rgb(255, 255, 255)","rgb(34,34,34)","rgb(255,255,255)",15.91,15.91,1,1,0,0
490,div,"rgb(34, 34, 34)","rgba(255, 255, 255, 0.8)","rgb(34,34,34)","rgb(255,255,255)",15.91,15.91,1,1,0,0
490,div,"rgb(45, 104, 168)","rgb(255, 255, 255)","rgb(45,104,168)","rgb(255,255,255)",5.74,5.74,1,1,0,0
490,div,"rgb(255, 255, 255)","rgb(0, 0, 0)","rgb(255,255,255)","rgb(0,0,0)",21,21,1,1,0,0
491,span,"rgb(15, 17, 17)","rgb(240, 242, 242)","rgb(15,17,17)","rgb(240,242,242)",16.86,16.86,1,1,0,0
491,div,"rgb(15, 17, 17)","rgb(19, 25, 33)","rgb(15,17,17)","rgb(19,25,33)",1.07,1.07,0,0,0,0
491,div,"rgb(15, 17, 17)","rgb(230, 230, 230)","rgb(15,17,17)","rgb(230,230,230)",15.18,15.18,1,1,0,0
491,div,"rgb(15, 17, 17)","rgb(255, 255, 255)","rgb(15,17,17)","rgb(255,255,255)",18.94,18.94,1,1,0,0
491,span,"rgb(15, 17, 17)","rgb(255, 216, 20)","rgb(15,17,17)","rgb(255,216,20)",13.61,13.61,1,1,0,0
491,div,"rgb(15, 17, 17)","rgb(35, 47, 62)","rgb(15,17,17)","rgb(35,47,62)",1.4,1.4,0,0,0,0
491,div,"rgb(15, 17, 17)","rgb(227, 230, 230)","rgb(15,17,17)","rgb(227,230,230)",15.09,15.09,1,1,0,0
491,div,"rgb(15, 17, 17)","rgb(245, 246, 246)","rgb(15,17,17)","rgb(245,246,246)",17.5,17.5,1,1,0,0
491,div,"rgb(255, 255, 255)","rgb(55, 71, 90)","rgb(255,255,255)","rgb(55,71,90)",9.5,9.5,1,1,0,0
491,div,"rgb(221, 221, 221)","rgb(19, 26, 34)","rgb(221,221,221)","rgb(19,26,34)",12.9,12.9,1,1,0,0
497,button,"rgb(255, 255, 255)","rgb(49, 46, 86)","rgb(255,255,255)","rgb(49,46,86)",12.68,12.68,1,1,0,0
497,div,"rgb(255, 255, 255)","rgb(255, 255, 255)","rgb(255,255,255)","rgb(255,255,255)",1,1,0,0,0,0
497,button,"rgb(0, 0, 0)","rgb(255, 170, 85)","rgb(0,0,0)","rgb(255,170,85)",11.13,11.13,1,1,0,0
497,span,"rgb(0, 0, 0)","rgb(221, 191, 253)","rgb(0,0,0)","rgb(221,191,253)",12.95,12.95,1,1,0,0
497,a,"rgb(0, 0, 0)","rgb(255, 255, 255)","rgb(0,0,0)","rgb(255,255,255)",21,21,1,1,0,0
497,span,"rgb(0, 0, 0)","rgb(221, 236, 236)","rgb(0,0,0)","rgb(221,236,236)",17.28,17.28,1,1,0,0
497,div,"rgb(115, 114, 139)","rgb(255, 255, 255)","rgb(115,114,139)","rgb(255,255,255)",4.66,4.66,1,1,0,0
497,div,"rgb(115, 114, 139)","rgb(249, 250, 255)","rgb(115,114,139)","rgb(249,250,255)",4.47,4.47,0,0,0,0
497,span,"rgb(0, 0, 0)","rgb(255, 211, 251)","rgb(0,0,0)","rgb(255,211,251)",15.96,15.96,1,1,0,0
497,span,"rgb(0, 0, 0)","rgb(255, 241, 220)","rgb(0,0,0)","rgb(255,241,220)",18.87,18.87,1,1,0,0
497,div,"rgb(0, 0, 0)","rgb(242, 244, 254)","rgb(0,0,0)","rgb(242,244,254)",19.15,19.15,1,1,0,0
498,span,"rgb(15, 17, 17)","rgb(240, 242, 242)","rgb(15,17,17)","rgb(240,242,242)",16.86,16.86,1,1,0,0
498,div,"rgb(15, 17, 17)","rgb(19, 25, 33)","rgb(15,17,17)","rgb(19,25,33)",1.07,1.07,0,0,0,0
498,div,"rgb(15, 17, 17)","rgb(230, 230, 230)","rgb(15,17,17)","rgb(230,230,230)",15.18,15.18,1,1,0,0
498,div,"rgb(15, 17, 17)","rgb(255, 255, 255)","rgb(15,17,17)","rgb(255,255,255)",18.94,18.94,1,1,0,0
498,span,"rgb(15, 17, 17)","rgb(255, 216, 20)","rgb(15,17,17)","rgb(255,216,20)",13.61,13.61,1,1,0,0
498,div,"rgb(15, 17, 17)","rgb(35, 47, 62)","rgb(15,17,17)","rgb(35,47,62)",1.4,1.4,0,0,0,0
498,div,"rgb(15, 17, 17)","rgb(227, 230, 230)","rgb(15,17,17)","rgb(227,230,230)",15.09,15.09,1,1,0,0
498,a,"rgb(33, 98, 161)","rgb(255, 255, 255)","rgb(33,98,161)","rgb(255,255,255)",6.31,6.31,1,1,0,0
498,div,"rgb(255, 255, 255)","rgb(55, 71, 90)","rgb(255,255,255)","rgb(55,71,90)",9.5,9.5,1,1,0,0
498,div,"rgb(221, 221, 221)","rgb(19, 26, 34)","rgb(221,221,221)","rgb(19,26,34)",12.9,12.9,1,1,0,0
499,div,"rgb(0, 0, 0)","rgb(51, 86, 167)","rgb(0,0,0)","rgb(51,86,167)",3.03,3.03,0,0,0,0
499,div,"rgb(0, 0, 0)","rgb(244, 244, 244)","rgb(0,0,0)","rgb(244,244,244)",19.09,19.09,1,1,0,0
499,div,"rgb(0, 0, 0)","rgb(255, 255, 255)","rgb(0,0,0)","rgb(255,255,255)",21,21,1,1,0,0
499,li,"rgb(0, 0, 0)","rgb(0, 0, 0)","rgb(0,0,0)","rgb(0,0,0)",1,1,0,0,0,0
499,button,"rgba(0, 0, 0, 0)","rgb(0, 0, 0)","rgb(0,0,0)","rgb(0,0,0)",1,1,0,0,0,0
499,button,"rgba(0, 0, 0, 0)","rgb(191, 191, 191)","rgb(191,191,191)","rgb(191,191,191)",11.42,1,1,0,1,0
499,div,"rgb(0, 0, 0)","rgb(245, 247, 254)","rgb(0,0,0)","rgb(245,247,254)",19.62,19.62,1,1,0,0
500,div,"rgb(54, 55, 55)","rgb(255, 255, 255)","rgb(54,55,55)","rgb(255,255,255)",11.94,11.94,1,1,0,0
500,button,"rgb(255, 255, 255)","rgb(255, 103, 25)","rgb(255,255,255)","rgb(255,103,25)",2.91,2.91,0,0,0,0
500,button,"rgb(255, 255, 255)","rgba(255, 255, 255, 0)","rgb(255,255,255)","rgb(255,255,255)",1,1,0,0,0,0
500,button,"rgb(119, 119, 119)","rgba(255, 255, 255, 0)","rgb(119,119,119)","rgb(255,255,255)",4.48,4.48,0,0,0,0
500,button,"rgb(255, 103, 25)","rgba(255, 255, 255, 0)","rgb(255,103,25)","rgb(255,255,255)",2.91,2.91,0,0,0,0
500,button,"rgb(54, 55, 55)","rgba(255, 255, 255, 0)","rgb(54,55,55)","rgb(255,255,255)",11.94,11.94,1,1,0,0
500,a,"rgb(54, 55, 55)","rgb(35, 37, 37)","rgb(54,55,55)","rgb(35,37,37)",1.29,1.29,0,0,0,0
500,div,"rgba(0, 0, 0, 0)","rgb(200, 200, 200)","rgb(200,200,200)","rgb(200,200,200)",12.55,1,1,0,1,0
500,button,"rgb(54, 55, 55)","rgb(238, 238, 238)","rgb(54,55,55)","rgb(238,238,238)",10.29,10.29,1,1,0,0
502,div,"rgb(25, 25, 25)","rgb(255, 255, 255)","rgb(25,25,25)","rgb(255,255,255)",17.58,17.58,1,1,0,0
502,button,"rgb(0, 87, 255)","rgb(245, 248, 255)","rgb(0,87,255)","rgb(245,248,255)",5.19,5.19,1,1,0,0
502,a,"rgb(255, 255, 255)","rgb(0, 87, 255)","rgb(255,255,255)","rgb(0,87,255)",5.52,5.52,1,1,0,0
502,div,"rgb(25, 25, 25)","rgb(249, 249, 249)","rgb(25,25,25)","rgb(249,249,249)",16.7,16.7,1,1,0,0
502,div,"rgb(25, 25, 25)","rgba(0, 0, 0, 0.7)","rgb(25,25,25)","rgb(77,77,77)",1.19,2.06,0,0,0,0
502,div,"rgb(25, 25, 25)","rgb(240, 240, 240)","rgb(25,25,25)","rgb(240,240,240)",15.43,15.43,1,1,0,0
502,button,"rgb(255, 255, 255)","rgba(0, 0, 0, 0.65)","rgb(255,255,255)","rgb(89,89,89)",21,6.98,1,1,0,0
502,div,"rgb(25, 25, 25)","rgb(25, 25, 25)","rgb(25,25,25)","rgb(25,25,25)",1,1,0,0,0,0
503,a,"rgb(255, 255, 255)","rgb(11, 87, 208)","rgb(255,255,255)","rgb(11,87,208)",6.39,6.39,1,1,0,0
503,div,"rgb(31, 31, 31)","rgb(255, 255, 255)","rgb(31,31,31)","rgb(255,255,255)",16.48,16.48,1,1,0,0
503,div,"rgb(31, 31, 31)","rgb(243, 245, 246)","rgb(31,31,31)","rgb(243,245,246)",15.07,15.07,1,1,0,0
503,div,"rgb(11, 87, 208)","rgb(232, 240, 254)","rgb(11,87,208)","rgb(232,240,254)",5.57,5.57,1,1,0,0
503,div,"rgb(11, 87, 208)","rgb(255, 255, 255)","rgb(11,87,208)","rgb(255,255,255)",6.39,6.39,1,1,0,0
503,div,"rgb(71, 71, 71)","rgb(241, 243, 244)","rgb(71,71,71)","rgb(241,243,244)",8.35,8.35,1,1,0,0
507,div,"rgb(0, 0, 0)","rgb(255, 255, 255)","rgb(0,0,0)","rgb(255,255,255)",21,21,1,1,0,0
507,div,"rgb(0, 0, 0)","rgb(130, 174, 255)","rgb(0,0,0)","rgb(130,174,255)",9.45,9.45,1,1,0,0
507,button,"rgb(255, 255, 255)","rgb(48, 97, 255)","rgb(255,255,255)","rgb(48,97,255)",4.91,4.91,1,1,0,0
507,div,"rgb(255, 255, 255)","rgb(242, 242, 242)","rgb(255,255,255)","rgb(242,242,242)",1.12,1.12,0,0,0,0
507,div,"rgb(42, 42, 42)","rgb(255, 255, 255)","rgb(42,42,42)","rgb(255,255,255)",14.35,14.35,1,1,0,0
507,div,"rgb(204, 204, 204)","rgb(255, 255, 255)","rgb(204,204,204)","rgb(255,255,255)",1.61,1.61,0,0,0,0
507,div,"rgb(0, 0, 0)","rgb(242, 242, 242)","rgb(0,0,0)","rgb(242,242,242)",18.76,18.76,1,1,0,0
507,div,"rgb(0, 0, 0)","rgb(0, 0, 0)","rgb(0,0,0)","rgb(0,0,0)",1,1,0,0,0,0
507,span,"rgb(0, 0, 0)","rgb(235, 235, 235)","rgb(0,0,0)","rgb(235,235,235)",17.62,17.62,1,1,0,0
507,span,"rgb(48, 97, 255)","rgb(235, 235, 235)","rgb(48,97,255)","rgb(235,235,235)",4.12,4.12,0,0,0,0
507,button,"rgb(255, 255, 255)","rgb(64, 0, 148)","rgb(255,255,255)","rgb(64,0,148)",12.76,12.76,1,1,0,0
508,div,"rgb(0, 0, 0)","rgb(255, 255, 255)","rgb(0,0,0)","rgb(255,255,255)",21,21,1,1,0,0
508,a,"rgb(16, 18, 20)","rgb(255, 255, 255)","rgb(16,18,20)","rgb(255,255,255)",18.77,18.77,1,1,0,0
508,div,"rgb(0, 0, 0)","rgb(248, 248, 248)","rgb(0,0,0)","rgb(248,248,248)",19.77,19.77,1,1,0,0
508,div,"rgb(24, 104, 219)","rgb(255, 255, 255)","rgb(24,104,219)","rgb(255,255,255)",5.2,5.2,1,1,0,0
508,div,"rgb(9, 50, 108)","rgb(207, 225, 253)","rgb(9,50,108)","rgb(207,225,253)",9.4,9.4,1,1,0,0
508,div,"rgb(0, 0, 0)","rgb(233, 242, 254)","rgb(0,0,0)","rgb(233,242,254)",18.6,18.6,1,1,0,0
508,a,"rgb(255, 255, 255)","rgb(24, 104, 219)","rgb(255,255,255)","rgb(24,104,219)",5.2,5.2,1,1,0,0
508,button,"rgb(0, 0, 0)","rgb(240, 241, 242)","rgb(0,0,0)","rgb(240,241,242)",18.57,18.57,1,1,0,0
508,div,"rgb(0, 0, 0)","rgb(24, 104, 219)","rgb(0,0,0)","rgb(24,104,219)",4.04,4.04,0,0,0,0
508,button,"rgb(0, 82, 204)","rgb(255, 255, 255)","rgb(0,82,204)","rgb(255,255,255)",6.82,6.82,1,1,0,0
508,button,"rgb(23, 43, 77)","rgb(255, 255, 255)","rgb(23,43,77)","rgb(255,255,255)",14.1,14.1,1,1,0,0
508,button,"rgb(23, 43, 77)","rgb(255, 171, 0)","rgb(23,43,77)","rgb(255,171,0)",7.44,7.44,1,1,0,0
509,div,"rgb(11, 33, 74)","rgb(0, 8, 77)","rgb(11,33,74)","rgb(0,8,77)",1.17,1.17,0,0,0,0
509,div,"rgb(44, 51, 63)","rgb(249, 250, 251)","rgb(44,51,63)","rgb(249,250,251)",12.16,12.16,1,1,0,0
509,span,"rgb(255, 255, 255)","rgb(37, 96, 255)","rgb(255,255,255)","rgb(37,96,255)",5,5,1,1,0,0
509,a,"rgb(37, 96, 255)","rgba(37, 96, 255, 0.1)","rgb(37,96,255)","rgb(233,239,255)",1,4.36,0,0,0,0
509,div,"rgb(44, 51, 63)","rgba(37, 96, 255, 0.05)","rgb(44,51,63)","rgb(244,247,255)",2.54,11.86,0,1,0,1
509,div,"rgb(44, 51, 63)","rgb(255, 255, 255)","rgb(44,51,63)","rgb(255,255,255)",12.71,12.71,1,1,0,0
509,div,"rgb(44, 51, 63)","rgb(0, 0, 0)","rgb(44,51,63)","rgb(0,0,0)",1.65,1.65,0,0,0,0
509,a,"rgb(0, 0, 0)","rgb(255, 255, 255)","rgb(0,0,0)","rgb(255,255,255)",21,21,1,1,0,0
509,div,"rgb(44, 51, 63)","rgb(37, 96, 255)","rgb(44,51,63)","rgb(37,96,255)",2.54,2.54,0,0,0,0
509,div,"rgb(255, 255, 255)","rgb(0, 61, 181)","rgb(255,255,255)","rgb(0,61,181)",8.99,8.99,1,1,0,0
509,a,"rgb(37, 96, 255)","rgb(255, 255, 255)","rgb(37,96,255)","rgb(255,255,255)",5,5,1,1,0,0
509,div,"rgb(44, 51, 63)","rgb(0, 41, 120)","rgb(44,51,63)","rgb(0,41,120)",1.04,1.04,0,0,0,0
509,button,"rgb(104, 182, 49)","rgb(240, 240, 240)","rgb(104,182,49)","rgb(240,240,240)",2.21,2.21,0,0,0,0
509,button,"rgb(29, 99, 237)","rgb(255, 255, 255)","rgb(29,99,237)","rgb(255,255,255)",5.17,5.17,1,1,0,0
509,button,"rgb(255, 255, 255)","rgb(29, 99, 237)","rgb(255,255,255)","rgb(29,99,237)",5.17,5.17,1,1,0,0
510,div,"rgb(255, 255, 255)","rgb(119, 1, 65)","rgb(255,255,255)","rgb(119,1,65)",11.26,11.26,1,1,0,0
510,div,"rgb(43, 43, 43)","rgb(251, 251, 251)","rgb(43,43,43)","rgb(251,251,251)",13.68,13.68,1,1,0,0
510,button,"rgb(251, 251, 251)","rgb(226, 0, 116)","rgb(251,251,251)","rgb(226,0,116)",4.52,4.52,1,1,0,0
510,a,"rgb(255, 255, 255)","rgb(226, 0, 116)","rgb(255,255,255)","rgb(226,0,116)",4.68,4.68,1,1,0,0
510,div,"rgb(20, 20, 20)","rgb(255, 255, 255)","rgb(20,20,20)","rgb(255,255,255)",18.42,18.42,1,1,0,0
510,div,"rgb(251, 251, 251)","rgb(20, 20, 20)","rgb(251,251,251)","rgb(20,20,20)",17.8,17.8,1,1,0,0
510,div,"rgb(20, 20, 20)","rgb(245, 245, 245)","rgb(20,20,20)","rgb(245,245,245)",16.9,16.9,1,1,0,0
510,div,"rgb(251, 251, 251)","rgb(51, 51, 51)","rgb(251,251,251)","rgb(51,51,51)",12.21,12.21,1,1,0,0
510,div,"rgb(251, 251, 251)","rgb(43, 43, 43)","rgb(251,251,251)","rgb(43,43,43)",13.68,13.68,1,1,0,0
511,button,"rgb(255, 255, 255)","rgb(0, 33, 101)","rgb(255,255,255)","rgb(0,33,101)",14.94,14.94,1,1,0,0
511,button,"rgb(51, 51, 51)","rgb(249, 249, 249)","rgb(51,51,51)","rgb(249,249,249)",12,12,1,1,0,0
511,a,"rgb(255, 255, 255)","rgb(51, 51, 204)","rgb(255,255,255)","rgb(51,51,204)",8.45,8.45,1,1,0,0
511,div,"rgb(33, 37, 41)","rgb(0, 21, 55)","rgb(33,37,41)","rgb(0,21,55)",1.17,1.17,0,0,0,0
511,div,"rgb(33, 37, 41)","rgb(255, 255, 255)","rgb(33,37,41)","rgb(255,255,255)",15.43,15.43,1,1,0,0
511,button,"rgb(255, 255, 255)","rgb(255, 255, 255)","rgb(255,255,255)","rgb(255,255,255)",1,1,0,0,0,0
511,button,"rgb(31, 31, 31)","rgb(255, 255, 255)","rgb(31,31,31)","rgb(255,255,255)",16.48,16.48,1,1,0,0
512,div,"rgb(74, 85, 104)","rgb(247, 250, 252)","rgb(74,85,104)","rgb(247,250,252)",7.18,7.18,1,1,0,0
512,button,"rgb(45, 55, 72)","rgb(247, 250, 252)","rgb(45,55,72)","rgb(247,250,252)",11.44,11.44,1,1,0,0
512,button,"rgb(255, 255, 255)","rgb(43, 46, 53)","rgb(255,255,255)","rgb(43,46,53)",13.59,13.59,1,1,0,0
512,div,"rgb(74, 85, 104)","rgb(226, 232, 240)","rgb(74,85,104)","rgb(226,232,240)",6.1,6.1,1,1,0,0
512,div,"rgb(0, 0, 0)","rgb(255, 255, 255)","rgb(0,0,0)","rgb(255,255,255)",21,21,1,1,0,0
512,div,"rgb(0, 0, 0)","rgb(243, 243, 243)","rgb(0,0,0)","rgb(243,243,243)",18.93,18.93,1,1,0,0
512,h2,"rgb(255, 255, 255)","rgb(0, 0, 0)","rgb(255,255,255)","rgb(0,0,0)",21,21,1,1,0,0
512,div,"rgb(255, 255, 255)","rgba(0, 0, 0, 0.8)","rgb(255,255,255)","rgb(51,51,51)",21,12.63,1,1,0,0
512,div,"rgb(0, 0, 0)","rgb(0, 0, 0)","rgb(0,0,0)","rgb(0,0,0)",1,1,0,0,0,0
514,a,"rgb(255, 255, 255)","rgb(0, 96, 223)","rgb(255,255,255)","rgb(0,96,223)",5.62,5.62,1,1,0,0
516,div,"rgb(25, 25, 25)","rgb(0, 0, 0)","rgb(25,25,25)","rgb(0,0,0)",1.19,1.19,0,0,0,0
516,a,"rgb(255, 255, 255)","rgb(63, 89, 228)","rgb(255,255,255)","rgb(63,89,228)",5.58,5.58,1,1,0,0
516,div,"rgb(255, 255, 255)","rgb(4, 8, 19)","rgb(255,255,255)","rgb(4,8,19)",20.01,20.01,1,1,0,0
516,div,"rgb(255, 255, 255)","rgba(0, 0, 0, 0.66)","rgb(255,255,255)","rgb(87,87,87)",21,7.26,1,1,0,0
516,a,"rgb(255, 254, 250)","rgb(1, 49, 255)","rgb(255,254,250)","rgb(1,49,255)",7.21,7.21,1,1,0,0
516,a,"rgb(25, 25, 25)","rgb(255, 254, 250)","rgb(25,25,25)","rgb(255,254,250)",17.42,17.42,1,1,0,0
516,a,"rgb(255, 254, 250)","rgb(25, 25, 25)","rgb(255,254,250)","rgb(25,25,25)",17.42,17.42,1,1,0,0
516,a,"rgb(25, 25, 25)","rgb(25, 25, 25)","rgb(25,25,25)","rgb(25,25,25)",1,1,0,0,0,0
516,div,"rgb(25, 25, 25)","rgba(255, 254, 250, 0.5)","rgb(25,25,25)","rgb(255,255,253)",17.42,17.5,1,1,0,0
516,button,"rgb(30, 33, 42)","rgb(255, 255, 255)","rgb(30,33,42)","rgb(255,255,255)",16.08,16.08,1,1,0,0
516,button,"rgb(255, 255, 255)","rgb(0, 0, 0)","rgb(255,255,255)","rgb(0,0,0)",21,21,1,1,0,0
517,a,"rgb(255, 255, 255)","rgb(0, 0, 0)","rgb(255,255,255)","rgb(0,0,0)",21,21,1,1,0,0
517,a,"rgb(255, 255, 255)","rgb(255, 128, 0)","rgb(255,255,255)","rgb(255,128,0)",2.52,2.52,0,0,0,0
517,section,"rgb(255, 255, 255)","rgb(56, 141, 128)","rgb(255,255,255)","rgb(56,141,128)",3.97,3.97,0,0,0,0
517,section,"rgb(255, 255, 255)","rgb(188, 56, 46)","rgb(255,255,255)","rgb(188,56,46)",5.61,5.61,1,1,0,0
517,section,"rgb(255, 255, 255)","rgb(87, 119, 131)","rgb(255,255,255)","rgb(87,119,131)",4.8,4.8,1,1,0,0
517,section,"rgb(255, 255, 255)","rgb(230, 116, 0)","rgb(255,255,255)","rgb(230,116,0)",3.06,3.06,0,0,0,0
517,a,"rgb(255, 255, 255)","rgb(47, 69, 79)","rgb(255,255,255)","rgb(47,69,79)",10.07,10.07,1,1,0,0
521,div,"rgb(51, 51, 51)","rgb(221, 221, 221)","rgb(51,51,51)","rgb(221,221,221)",9.3,9.3,1,1,0,0
521,div,"rgb(51, 51, 51)","rgb(7, 105, 173)","rgb(51,51,51)","rgb(7,105,173)",2.19,2.19,0,0,0,0
521,div,"rgb(51, 51, 51)","rgb(255, 255, 255)","rgb(51,51,51)","rgb(255,255,255)",12.63,12.63,1,1,0,0
521,a,"rgb(255, 255, 255)","rgb(209, 143, 79)","rgb(255,255,255)","rgb(209,143,79)",2.71,2.71,0,0,0,0
521,h2,"rgb(51, 51, 51)","rgb(236, 236, 236)","rgb(51,51,51)","rgb(236,236,236)",10.69,10.69,1,1,0,0
521,div,"rgb(51, 51, 51)","rgb(238, 238, 238)","rgb(51,51,51)","rgb(238,238,238)",10.89,10.89,1,1,0,0
521,span,"rgb(119, 119, 119)","rgb(35, 35, 35)","rgb(119,119,119)","rgb(35,35,35)",3.51,3.51,0,0,0,0
524,div,"rgb(102, 102, 102)","rgb(41, 41, 41)","rgb(102,102,102)","rgb(41,41,41)",2.53,2.53,0,0,0,0
524,section,"rgb(102, 102, 102)","rgb(248, 248, 248)","rgb(102,102,102)","rgb(248,248,248)",5.41,5.41,1,1,0,0
524,a,"rgb(255, 255, 255)","rgb(252, 79, 79)","rgb(255,255,255)","rgb(252,79,79)",3.3,3.3,0,0,0,0
525,div,"rgb(102, 102, 102)","rgb(255, 255, 255)","rgb(102,102,102)","rgb(255,255,255)",5.74,5.74,1,1,0,0
525,a,"rgb(102, 102, 102)","rgb(39, 140, 235)","rgb(102,102,102)","rgb(39,140,235)",1.65,1.65,0,0,0,0
526,div,"rgb(29, 29, 31)","rgb(243, 243, 243)","rgb(29,29,31)","rgb(243,243,243)",15.17,15.17,1,1,0,0
526,a,"rgb(255, 255, 255)","rgb(0, 113, 227)","rgb(255,255,255)","rgb(0,113,227)",4.7,4.7,1,1,0,0
526,div,"rgb(29, 29, 31)","rgb(157, 198, 240)","rgb(29,29,31)","rgb(157,198,240)",9.43,9.43,1,1,0,0
526,section,"rgb(29, 29, 31)","rgb(250, 250, 250)","rgb(29,29,31)","rgb(250,250,250)",16.12,16.12,1,1,0,0
526,div,"rgb(29, 29, 31)","rgb(255, 255, 255)","rgb(29,29,31)","rgb(255,255,255)",16.83,16.83,1,1,0,0
528,div,"rgb(255, 255, 255)","rgb(26, 26, 26)","rgb(255,255,255)","rgb(26,26,26)",17.4,17.4,1,1,0,0
528,div,"rgb(33, 37, 41)","rgb(242, 242, 242)","rgb(33,37,41)","rgb(242,242,242)",13.78,13.78,1,1,0,0
528,h2,"rgb(255, 255, 255)","rgb(203, 0, 3)","rgb(255,255,255)","rgb(203,0,3)",5.93,5.93,1,1,0,0
528,div,"rgb(33, 37, 41)","rgb(203, 0, 3)","rgb(33,37,41)","rgb(203,0,3)",2.6,2.6,0,0,0,0
528,div,"rgb(33, 37, 41)","rgb(240, 240, 240)","rgb(33,37,41)","rgb(240,240,240)",13.54,13.54,1,1,0,0
528,div,"rgb(33, 37, 41)","rgb(139, 0, 213)","rgb(33,37,41)","rgb(139,0,213)",2.25,2.25,0,0,0,0
528,div,"rgb(33, 37, 41)","rgb(183, 0, 219)","rgb(33,37,41)","rgb(183,0,219)",2.97,2.97,0,0,0,0
528,div,"rgb(33, 37, 41)","rgb(199, 157, 94)","rgb(33,37,41)","rgb(199,157,94)",6.18,6.18,1,1,0,0
528,div,"rgb(33, 37, 41)","rgb(207, 100, 61)","rgb(33,37,41)","rgb(207,100,61)",4.07,4.07,0,0,0,0
528,div,"rgb(33, 37, 41)","rgb(6, 93, 131)","rgb(33,37,41)","rgb(6,93,131)",2.13,2.13,0,0,0,0
528,div,"rgb(33, 37, 41)","rgb(26, 26, 26)","rgb(33,37,41)","rgb(26,26,26)",1.13,1.13,0,0,0,0
528,div,"rgb(0, 0, 0)","rgb(255, 255, 255)","rgb(0,0,0)","rgb(255,255,255)",21,21,1,1,0,0
530,div,"rgb(48, 48, 48)","rgb(245, 245, 245)","rgb(48,48,48)","rgb(245,245,245)",12.11,12.11,1,1,0,0
530,a,"rgb(255, 255, 255)","rgb(227, 68, 73)","rgb(255,255,255)","rgb(227,68,73)",4.05,4.05,0,0,0,0
530,div,"rgb(48, 48, 48)","rgb(48, 48, 48)","rgb(48,48,48)","rgb(48,48,48)",1,1,0,0,0,0
530,button,"rgb(255, 255, 255)","rgb(240, 0, 0)","rgb(255,255,255)","rgb(240,0,0)",4.46,4.46,0,0,0,0
530,div,"rgb(48, 48, 48)","rgb(218, 218, 218)","rgb(48,48,48)","rgb(218,218,218)",9.44,9.44,1,1,0,0
530,a,"rgb(48, 48, 48)","rgb(255, 255, 255)","rgb(48,48,48)","rgb(255,255,255)",13.2,13.2,1,1,0,0
530,div,"rgb(255, 255, 255)","rgb(48, 48, 48)","rgb(255,255,255)","rgb(48,48,48)",13.2,13.2,1,1,0,0
530,div,"rgb(48, 48, 48)","rgb(227, 68, 73)","rgb(48,48,48)","rgb(227,68,73)",3.26,3.26,0,0,0,0
530,a,"rgb(48, 48, 48)","rgb(255, 171, 145)","rgb(48,48,48)","rgb(255,171,145)",7.22,7.22,1,1,0,0
530,div,"rgb(48, 48, 48)","rgb(234, 234, 234)","rgb(48,48,48)","rgb(234,234,234)",10.97,10.97,1,1,0,0
530,a,"rgb(245, 245, 245)","rgb(48, 48, 48)","rgb(245,245,245)","rgb(48,48,48)",12.11,12.11,1,1,0,0
530,a,"rgb(48, 48, 48)","rgb(178, 235, 242)","rgb(48,48,48)","rgb(178,235,242)",10.09,10.09,1,1,0,0
530,div,"rgb(48, 48, 48)","rgb(150, 91, 250)","rgb(48,48,48)","rgb(150,91,250)",3.25,3.25,0,0,0,0
530,div,"rgb(255, 255, 255)","rgb(209, 54, 59)","rgb(255,255,255)","rgb(209,54,59)",4.88,4.88,1,1,0,0
531,div,"rgb(0, 0, 0)","rgb(255, 252, 248)","rgb(0,0,0)","rgb(255,252,248)",20.53,20.53,1,1,0,0
531,a,"rgb(255, 252, 248)","rgb(27, 27, 27)","rgb(255,252,248)","rgb(27,27,27)",16.84,16.84,1,1,0,0
531,button,"rgb(27, 27, 27)","rgba(255, 255, 255, 0)","rgb(27,27,27)","rgb(255,255,255)",17.22,17.22,1,1,0,0
531,div,"rgb(0, 0, 0)","rgb(231, 19, 26)","rgb(0,0,0)","rgb(231,19,26)",4.51,4.51,1,1,0,0
531,button,"rgb(255, 252, 248)","rgba(255, 255, 255, 0)","rgb(255,252,248)","rgb(255,255,255)",1.02,1.02,0,0,0,0
531,div,"rgb(0, 0, 0)","rgb(252, 243, 237)","rgb(0,0,0)","rgb(252,243,237)",19.18,19.18,1,1,0,0
531,div,"rgb(0, 0, 0)","rgb(239, 227, 220)","rgb(0,0,0)","rgb(239,227,220)",16.69,16.69,1,1,0,0
531,section,"rgb(27, 27, 27)","rgb(252, 243, 237)","rgb(27,27,27)","rgb(252,243,237)",15.73,15.73,1,1,0,0
531,div,"rgb(27, 27, 27)","rgba(255, 255, 255, 0.85)","rgb(27,27,27)","rgb(255,255,255)",17.22,17.22,1,1,0,0
532,button,"rgb(255, 255, 255)","rgb(1, 33, 105)","rgb(255,255,255)","rgb(1,33,105)",14.76,14.76,1,1,0,0
532,a,"rgb(1, 33, 105)","rgb(255, 255, 255)","rgb(1,33,105)","rgb(255,255,255)",14.76,14.76,1,1,0,0
532,section,"rgb(255, 255, 255)","rgb(54, 16, 17)","rgb(255,255,255)","rgb(54,16,17)",16.95,16.95,1,1,0,0
532,div,"rgb(28, 17, 19)","rgb(242, 242, 242)","rgb(28,17,19)","rgb(242,242,242)",16.47,16.47,1,1,0,0
534,button,"rgb(255, 255, 255)","rgb(25, 185, 85)","rgb(255,255,255)","rgb(25,185,85)",2.59,2.59,0,0,0,0
534,div,"rgb(51, 51, 51)","rgb(245, 245, 245)","rgb(51,51,51)","rgb(245,245,245)",11.59,11.59,1,1,0,0
534,div,"rgb(51, 51, 51)","rgb(255, 255, 255)","rgb(51,51,51)","rgb(255,255,255)",12.63,12.63,1,1,0,0
534,a,"rgb(255, 255, 255)","rgb(53, 109, 238)","rgb(255,255,255)","rgb(53,109,238)",4.59,4.59,1,1,0,0
534,span,"rgb(61, 61, 61)","rgb(189, 215, 255)","rgb(61,61,61)","rgb(189,215,255)",7.41,7.41,1,1,0,0
534,a,"rgb(255, 255, 255)","rgb(27, 185, 84)","rgb(255,255,255)","rgb(27,185,84)",2.59,2.59,0,0,0,0
534,div,"rgb(51, 51, 51)","rgb(246, 246, 246)","rgb(51,51,51)","rgb(246,246,246)",11.69,11.69,1,1,0,0
534,a,"rgb(102, 102, 102)","rgb(250, 250, 250)","rgb(102,102,102)","rgb(250,250,250)",5.5,5.5,1,1,0,0
536,div,"rgb(255, 255, 255)","rgb(34, 34, 34)","rgb(255,255,255)","rgb(34,34,34)",15.91,15.91,1,1,0,0
536,a,"rgb(249, 247, 247)","rgb(28, 26, 23)","rgb(249,247,247)","rgb(28,26,23)",16.27,16.27,1,1,0,0
536,a,"rgb(179, 27, 27)","rgb(255, 255, 255)","rgb(179,27,27)","rgb(255,255,255)",6.8,6.8,1,1,0,0
536,div,"rgb(255, 255, 255)","rgb(179, 27, 27)","rgb(255,255,255)","rgb(179,27,27)",6.8,6.8,1,1,0,0
536,button,"rgb(255, 255, 255)","rgb(113, 17, 17)","rgb(255,255,255)","rgb(113,17,17)",11.73,11.73,1,1,0,0
537,div,"rgb(65, 64, 66)","rgb(5, 8, 9)","rgb(65,64,66)","rgb(5,8,9)",1.95,1.95,0,0,0,0
537,a,"rgb(255, 255, 255)","rgb(215, 25, 32)","rgb(255,255,255)","rgb(215,25,32)",5.19,5.19,1,1,0,0
537,a,"rgb(255, 255, 255)","rgb(5, 8, 9)","rgb(255,255,255)","rgb(5,8,9)",20.09,20.09,1,1,0,0
537,span,"rgb(5, 8, 9)","rgb(215, 25, 32)","rgb(5,8,9)","rgb(215,25,32)",3.87,3.87,0,0,0,0
537,div,"rgb(65, 64, 66)","rgb(0, 0, 0)","rgb(65,64,66)","rgb(0,0,0)",2.04,2.04,0,0,0,0
537,div,"rgb(255, 255, 255)","rgba(33, 33, 33, 0.7)","rgb(255,255,255)","rgb(100,100,100)",16.1,5.95,1,1,0,0
537,li,"rgb(254, 254, 254)","rgb(215, 25, 32)","rgb(254,254,254)","rgb(215,25,32)",5.14,5.14,1,1,0,0
537,button,"rgb(65, 64, 66)","rgb(240, 240, 240)","rgb(65,64,66)","rgb(240,240,240)",9.05,9.05,1,1,0,0
537,a,"rgb(215, 25, 32)","rgb(255, 255, 255)","rgb(215,25,32)","rgb(255,255,255)",5.19,5.19,1,1,0,0
537,button,"rgb(255, 255, 255)","rgb(204, 0, 0)","rgb(255,255,255)","rgb(204,0,0)",5.89,5.89,1,1,0,0
539,a,"rgb(102, 102, 102)","rgb(235, 235, 235)","rgb(102,102,102)","rgb(235,235,235)",4.82,4.82,1,1,0,0
539,a,"rgb(255, 255, 255)","rgb(0, 95, 249)","rgb(255,255,255)","rgb(0,95,249)",5.24,5.24,1,1,0,0
539,button,"rgb(255, 255, 255)","rgb(0, 119, 255)","rgb(255,255,255)","rgb(0,119,255)",4.13,4.13,0,0,0,0
539,div,"rgb(44, 45, 46)","rgb(255, 255, 255)","rgb(44,45,46)","rgb(255,255,255)",13.8,13.8,1,1,0,0
539,span,"rgb(255, 255, 255)","rgba(0, 0, 0, 0.2)","rgb(255,255,255)","rgb(204,204,204)",21,1.61,1,0,1,0
539,a,"rgb(44, 45, 46)","rgb(236, 250, 243)","rgb(44,45,46)","rgb(236,250,243)",12.84,12.84,1,1,0,0
539,a,"rgb(0, 112, 240)","rgba(0, 119, 255, 0.06)","rgb(0,112,240)","rgb(240,247,255)",1.11,4.24,0,0,0,0
539,button,"rgba(0, 0, 0, 0)","rgb(0, 119, 255)","rgb(0,119,255)","rgb(0,119,255)",5.08,1,1,0,1,0
539,div,"rgb(8, 124, 109)","rgb(206, 238, 230)","rgb(8,124,109)","rgb(206,238,230)",4.13,4.13,0,0,0,0
539,a,"rgb(44, 45, 46)","rgb(240, 241, 243)","rgb(44,45,46)","rgb(240,241,243)",12.21,12.21,1,1,0,0
542,div,"rgb(25, 25, 25)","rgb(242, 242, 242)","rgb(25,25,25)","rgb(242,242,242)",15.71,15.71,1,1,0,0
542,button,"rgb(0, 0, 0)","rgb(235, 235, 235)","rgb(0,0,0)","rgb(235,235,235)",17.62,17.62,1,1,0,0
542,div,"rgb(25, 25, 25)","rgb(255, 255, 255)","rgb(25,25,25)","rgb(255,255,255)",17.58,17.58,1,1,0,0
542,div,"rgb(25, 25, 25)","rgb(59, 46, 88)","rgb(25,25,25)","rgb(59,46,88)",1.44,1.44,0,0,0,0
542,a,"rgb(255, 255, 255)","rgb(92, 45, 145)","rgb(255,255,255)","rgb(92,45,145)",9.38,9.38,1,1,0,0
542,div,"rgb(25, 25, 25)","rgba(254, 254, 254, 0.3)","rgb(25,25,25)","rgb(255,255,255)",17.43,17.54,1,1,0,0
542,div,"rgb(25, 25, 25)","rgba(0, 0, 0, 0.05)","rgb(25,25,25)","rgb(242,242,242)",1.19,15.74,0,1,0,1
542,button,"rgb(255, 255, 255)","rgb(59, 46, 87)","rgb(255,255,255)","rgb(59,46,87)",12.25,12.25,1,1,0,0
542,a,"rgb(0, 0, 0)","rgb(255, 255, 255)","rgb(0,0,0)","rgb(255,255,255)",21,21,1,1,0,0
542,div,"rgb(25, 25, 25)","rgb(240, 240, 240)","rgb(25,25,25)","rgb(240,240,240)",15.43,15.43,1,1,0,0
543,a,"rgb(9, 12, 20)","rgb(244, 247, 251)","rgb(9,12,20)","rgb(244,247,251)",18.19,18.19,1,1,0,0
543,a,"rgb(253, 255, 254)","rgb(17, 26, 32)","rgb(253,255,254)","rgb(17,26,32)",17.54,17.54,1,1,0,0
543,a,"rgb(9, 12, 20)","rgba(42, 67, 94, 0.08)","rgb(9,12,20)","rgb(238,240,242)",1.92,17.11,0,1,0,1
543,li,"rgb(9, 12, 20)","rgb(237, 241, 255)","rgb(9,12,20)","rgb(237,241,255)",17.34,17.34,1,1,0,0
543,li,"rgb(9, 12, 20)","rgb(225, 241, 255)","rgb(9,12,20)","rgb(225,241,255)",16.97,16.97,1,1,0,0
543,li,"rgb(9, 12, 20)","rgb(232, 250, 255)","rgb(9,12,20)","rgb(232,250,255)",18.2,18.2,1,1,0,0
543,li,"rgb(9, 12, 20)","rgb(235, 254, 251)","rgb(9,12,20)","rgb(235,254,251)",18.71,18.71,1,1,0,0
543,li,"rgb(9, 12, 20)","rgb(237, 242, 255)","rgb(9,12,20)","rgb(237,242,255)",17.45,17.45,1,1,0,0
543,li,"rgb(9, 12, 20)","rgb(236, 249, 255)","rgb(9,12,20)","rgb(236,249,255)",18.21,18.21,1,1,0,0
543,div,"rgb(9, 12, 20)","rgb(50, 165, 228)","rgb(9,12,20)","rgb(50,165,228)",7.11,7.11,1,1,0,0
543,div,"rgb(9, 12, 20)","rgb(255, 247, 179)","rgb(9,12,20)","rgb(255,247,179)",17.88,17.88,1,1,0,0
543,div,"rgb(9, 12, 20)","rgb(218, 138, 215)","rgb(9,12,20)","rgb(218,138,215)",8,8,1,1,0,0
544,div,"rgb(0, 0, 0)","rgb(255, 255, 255)","rgb(0,0,0)","rgb(255,255,255)",21,21,1,1,0,0
544,div,"rgb(48, 48, 48)","rgb(255, 255, 255)","rgb(48,48,48)","rgb(255,255,255)",13.2,13.2,1,1,0,0
544,div,"rgb(248, 248, 248)","rgb(255, 255, 255)","rgb(248,248,248)","rgb(255,255,255)",1.06,1.06,0,0,0,0
544,button,"rgb(255, 255, 255)","rgb(22, 101, 207)","rgb(255,255,255)","rgb(22,101,207)",5.53,5.53,1,1,0,0
545,a,"rgb(0, 0, 0)","rgb(255, 255, 255)","rgb(0,0,0)","rgb(255,255,255)",21,21,1,1,0,0
545,a,"rgb(255, 255, 255)","rgb(0, 0, 0)","rgb(255,255,255)","rgb(0,0,0)",21,21,1,1,0,0
545,button,"rgb(255, 255, 255)","rgba(255, 255, 255, 0.16)","rgb(255,255,255)","rgb(255,255,255)",1,1,0,0,0,0
546,div,"rgb(242, 242, 242)","rgb(67, 70, 81)","rgb(242,242,242)","rgb(67,70,81)",8.4,8.4,1,1,0,0
546,div,"rgb(242, 242, 242)","rgb(33, 39, 43)","rgb(242,242,242)","rgb(33,39,43)",13.5,13.5,1,1,0,0
546,div,"rgb(242, 242, 242)","rgb(22, 26, 31)","rgb(242,242,242)","rgb(22,26,31)",15.61,15.61,1,1,0,0
546,div,"rgb(242, 242, 242)","rgb(6, 7, 13)","rgb(242,242,242)","rgb(6,7,13)",17.97,17.97,1,1,0,0
546,div,"rgb(255, 255, 255)","rgb(22, 26, 31)","rgb(255,255,255)","rgb(22,26,31)",17.48,17.48,1,1,0,0
546,div,"rgb(242, 242, 242)","rgb(255, 255, 255)","rgb(242,242,242)","rgb(255,255,255)",1.12,1.12,0,0,0,0
546,div,"rgb(60, 64, 67)","rgb(255, 255, 255)","rgb(60,64,67)","rgb(255,255,255)",10.47,10.47,1,1,0,0
546,div,"rgb(242, 242, 242)","rgb(250, 250, 250)","rgb(242,242,242)","rgb(250,250,250)",1.07,1.07,0,0,0,0
548,a,"rgb(255, 255, 255)","rgb(11, 87, 208)","rgb(255,255,255)","rgb(11,87,208)",6.39,6.39,1,1,0,0
548,div,"rgb(31, 31, 31)","rgb(255, 255, 255)","rgb(31,31,31)","rgb(255,255,255)",16.48,16.48,1,1,0,0
548,div,"rgb(31, 31, 31)","rgb(243, 245, 246)","rgb(31,31,31)","rgb(243,245,246)",15.07,15.07,1,1,0,0
548,div,"rgb(11, 87, 208)","rgb(232, 240, 254)","rgb(11,87,208)","rgb(232,240,254)",5.57,5.57,1,1,0,0
548,div,"rgb(11, 87, 208)","rgb(255, 255, 255)","rgb(11,87,208)","rgb(255,255,255)",6.39,6.39,1,1,0,0
548,div,"rgb(71, 71, 71)","rgb(241, 243, 244)","rgb(71,71,71)","rgb(241,243,244)",8.35,8.35,1,1,0,0
549,div,"rgb(0, 0, 0)","rgb(255, 255, 255)","rgb(0,0,0)","rgb(255,255,255)",21,21,1,1,0,0
549,div,"rgb(134, 124, 63)","rgb(255, 255, 255)","rgb(134,124,63)","rgb(255,255,255)",4.23,4.23,0,0,0,0
549,div,"rgb(0, 0, 0)","rgb(240, 239, 238)","rgb(0,0,0)","rgb(240,239,238)",18.29,18.29,1,1,0,0
549,div,"rgb(0, 0, 0)","rgb(240, 239, 119)","rgb(0,0,0)","rgb(240,239,119)",17.32,17.32,1,1,0,0
549,div,"rgb(0, 0, 0)","rgb(133, 185, 233)","rgb(0,0,0)","rgb(133,185,233)",10.11,10.11,1,1,0,0
549,div,"rgb(0, 0, 0)","rgb(229, 229, 229)","rgb(0,0,0)","rgb(229,229,229)",16.67,16.67,1,1,0,0
549,div,"rgb(0, 0, 0)","rgb(137, 243, 204)","rgb(0,0,0)","rgb(137,243,204)",15.76,15.76,1,1,0,0
549,div,"rgb(0, 0, 0)","rgb(38, 44, 68)","rgb(0,0,0)","rgb(38,44,68)",1.53,1.53,0,0,0,0
549,div,"rgb(0, 0, 0)","rgb(238, 238, 238)","rgb(0,0,0)","rgb(238,238,238)",18.1,18.1,1,1,0,0
552,div,"rgb(66, 77, 86)","rgb(255, 255, 255)","rgb(66,77,86)","rgb(255,255,255)",8.65,8.65,1,1,0,0
552,a,"rgb(1, 113, 127)","rgb(255, 255, 255)","rgb(1,113,127)","rgb(255,255,255)",5.72,5.72,1,1,0,0
552,div,"rgb(255, 255, 255)","rgba(0, 0, 0, 0.3)","rgb(255,255,255)","rgb(179,179,179)",21,2.11,1,0,1,0
552,span,"rgb(0, 0, 0)","rgb(255, 255, 255)","rgb(0,0,0)","rgb(255,255,255)",21,21,1,1,0,0
552,a,"rgb(255, 255, 255)","rgb(66, 132, 0)","rgb(255,255,255)","rgb(66,132,0)",4.63,4.63,1,1,0,0
555,button,"rgb(22, 106, 234)","rgb(255, 255, 255)","rgb(22,106,234)","rgb(255,255,255)",4.9,4.9,1,1,0,0
555,div,"rgb(0, 0, 0)","rgb(255, 255, 255)","rgb(0,0,0)","rgb(255,255,255)",21,21,1,1,0,0
555,div,"rgb(0, 0, 0)","rgb(246, 247, 253)","rgb(0,0,0)","rgb(246,247,253)",19.64,19.64,1,1,0,0
555,a,"rgb(255, 255, 255)","rgb(22, 106, 234)","rgb(255,255,255)","rgb(22,106,234)",4.9,4.9,1,1,0,0
555,section,"rgb(0, 0, 0)","rgba(255, 255, 255, 0)","rgb(0,0,0)","rgb(255,255,255)",21,21,1,1,0,0
555,a,"rgb(0, 0, 0)","rgb(22, 106, 234)","rgb(0,0,0)","rgb(22,106,234)",4.28,4.28,0,0,0,0
555,button,"rgb(0, 0, 0)","rgba(149, 158, 229, 0)","rgb(0,0,0)","rgb(255,255,255)",8.3,21,1,1,0,0
555,a,"rgb(0, 0, 0)","rgb(0, 0, 0)","rgb(0,0,0)","rgb(0,0,0)",1,1,0,0,0,0
555,a,"rgb(0, 0, 0)","rgb(16, 21, 133)","rgb(0,0,0)","rgb(16,21,133)",1.47,1.47,0,0,0,0
555,a,"rgb(0, 0, 0)","rgb(223, 249, 148)","rgb(0,0,0)","rgb(223,249,148)",18.12,18.12,1,1,0,0
557,div,"rgb(84, 84, 84)","rgb(243, 245, 255)","rgb(84,84,84)","rgb(243,245,255)",6.97,6.97,1,1,0,0
557,div,"rgb(84, 84, 84)","rgb(255, 255, 255)","rgb(84,84,84)","rgb(255,255,255)",7.57,7.57,1,1,0,0
557,a,"rgb(255, 255, 255)","rgb(234, 112, 75)","rgb(255,255,255)","rgb(234,112,75)",3.04,3.04,0,0,0,0
557,div,"rgb(255, 255, 255)","rgb(48, 86, 239)","rgb(255,255,255)","rgb(48,86,239)",5.67,5.67,1,1,0,0
557,div,"rgb(84, 84, 84)","rgb(38, 47, 118)","rgb(84,84,84)","rgb(38,47,118)",1.58,1.58,0,0,0,0
557,a,"rgb(255, 255, 255)","rgb(38, 47, 118)","rgb(255,255,255)","rgb(38,47,118)",12,12,1,1,0,0
557,a,"rgb(5, 10, 82)","rgb(255, 255, 255)","rgb(5,10,82)","rgb(255,255,255)",17.92,17.92,1,1,0,0
557,div,"rgb(84, 84, 84)","rgba(255, 255, 255, 0.15)","rgb(84,84,84)","rgb(255,255,255)",7.57,7.57,1,1,0,0
557,div,"rgb(84, 84, 84)","rgb(247, 247, 247)","rgb(84,84,84)","rgb(247,247,247)",7.07,7.07,1,1,0,0
557,div,"rgb(255, 255, 255)","rgb(5, 10, 82)","rgb(255,255,255)","rgb(5,10,82)",17.92,17.92,1,1,0,0
557,div,"rgb(255, 255, 255)","rgba(48, 86, 239, 0.5)","rgb(255,255,255)","rgb(152,171,247)",5.67,2.22,1,0,1,0
557,div,"rgb(15, 22, 28)","rgb(255, 255, 255)","rgb(15,22,28)","rgb(255,255,255)",18.23,18.23,1,1,0,0
557,div,"rgb(15, 22, 28)","rgb(243, 245, 247)","rgb(15,22,28)","rgb(243,245,247)",16.68,16.68,1,1,0,0
557,div,"rgb(255, 255, 255)","rgb(37, 60, 79)","rgb(255,255,255)","rgb(37,60,79)",11.43,11.43,1,1,0,0
557,div,"rgb(84, 84, 84)","rgb(5, 10, 82)","rgb(84,84,84)","rgb(5,10,82)",2.37,2.37,0,0,0,0
559,div,"rgb(255, 255, 255)","rgb(16, 18, 20)","rgb(255,255,255)","rgb(16,18,20)",18.77,18.77,1,1,0,0
559,div,"rgb(0, 0, 0)","rgb(255, 255, 255)","rgb(0,0,0)","rgb(255,255,255)",21,21,1,1,0,0
559,a,"rgb(16, 18, 20)","rgb(255, 255, 255)","rgb(16,18,20)","rgb(255,255,255)",18.77,18.77,1,1,0,0
559,div,"rgb(0, 0, 0)","rgb(248, 248, 248)","rgb(0,0,0)","rgb(248,248,248)",19.77,19.77,1,1,0,0
559,div,"rgb(24, 104, 219)","rgb(255, 255, 255)","rgb(24,104,219)","rgb(255,255,255)",5.2,5.2,1,1,0,0
559,div,"rgb(9, 50, 108)","rgb(207, 225, 253)","rgb(9,50,108)","rgb(207,225,253)",9.4,9.4,1,1,0,0
559,a,"rgb(255, 255, 255)","rgb(24, 104, 219)","rgb(255,255,255)","rgb(24,104,219)",5.2,5.2,1,1,0,0
559,div,"rgb(0, 0, 0)","rgb(240, 241, 242)","rgb(0,0,0)","rgb(240,241,242)",18.57,18.57,1,1,0,0
559,div,"rgb(0, 0, 0)","rgb(76, 107, 31)","rgb(0,0,0)","rgb(76,107,31)",3.43,3.43,0,0,0,0
559,div,"rgb(76, 107, 31)","rgb(239, 255, 214)","rgb(76,107,31)","rgb(239,255,214)",5.81,5.81,1,1,0,0
559,div,"rgb(0, 0, 0)","rgb(199, 83, 0)","rgb(0,0,0)","rgb(199,83,0)",4.67,4.67,1,1,0,0
559,div,"rgb(158, 76, 0)","rgb(255, 245, 212)","rgb(158,76,0)","rgb(255,245,212)",5.52,5.52,1,1,0,0
559,div,"rgb(0, 0, 0)","rgb(128, 63, 165)","rgb(0,0,0)","rgb(128,63,165)",3.17,3.17,0,0,0,0
559,div,"rgb(128, 63, 165)","rgb(248, 238, 254)","rgb(128,63,165)","rgb(248,238,254)",5.88,5.88,1,1,0,0
559,div,"rgb(0, 0, 0)","rgb(21, 88, 188)","rgb(0,0,0)","rgb(21,88,188)",3.15,3.15,0,0,0,0
559,div,"rgb(21, 88, 188)","rgb(233, 242, 254)","rgb(21,88,188)","rgb(233,242,254)",5.9,5.9,1,1,0,0
559,div,"rgb(0, 0, 0)","rgb(16, 18, 20)","rgb(0,0,0)","rgb(16,18,20)",1.12,1.12,0,0,0,0
559,a,"rgb(255, 255, 255)","rgba(0, 0, 0, 0.5)","rgb(255,255,255)","rgb(128,128,128)",21,3.98,1,0,1,0
559,section,"rgb(16, 18, 20)","rgb(207, 225, 253)","rgb(16,18,20)","rgb(207,225,253)",14.16,14.16,1,1,0,0
559,section,"rgb(255, 255, 255)","rgb(128, 63, 165)","rgb(255,255,255)","rgb(128,63,165)",6.62,6.62,1,1,0,0
559,section,"rgb(16, 18, 20)","rgb(255, 228, 143)","rgb(16,18,20)","rgb(255,228,143)",14.97,14.97,1,1,0,0
559,section,"rgb(255, 255, 255)","rgb(76, 107, 31)","rgb(255,255,255)","rgb(76,107,31)",6.12,6.12,1,1,0,0
559,section,"rgb(16, 18, 20)","rgb(211, 241, 167)","rgb(16,18,20)","rgb(211,241,167)",15.12,15.12,1,1,0,0
559,section,"rgb(16, 18, 20)","rgb(238, 215, 252)","rgb(16,18,20)","rgb(238,215,252)",14.09,14.09,1,1,0,0
559,button,"rgb(0, 82, 204)","rgb(255, 255, 255)","rgb(0,82,204)","rgb(255,255,255)",6.82,6.82,1,1,0,0
559,button,"rgb(23, 43, 77)","rgb(255, 255, 255)","rgb(23,43,77)","rgb(255,255,255)",14.1,14.1,1,1,0,0
559,button,"rgb(23, 43, 77)","rgb(255, 171, 0)","rgb(23,43,77)","rgb(255,171,0)",7.44,7.44,1,1,0,0
562,button,"rgb(28, 28, 28)","rgba(255, 255, 255, 0)","rgb(28,28,28)","rgb(255,255,255)",17.04,17.04,1,1,0,0
562,a,"rgb(255, 255, 255)","rgb(2, 126, 111)","rgb(255,255,255)","rgb(2,126,111)",4.98,4.98,1,1,0,0
562,button,"rgb(77, 83, 110)","rgb(255, 255, 255)","rgb(77,83,110)","rgb(255,255,255)",7.56,7.56,1,1,0,0
562,button,"rgb(0, 0, 0)","rgb(255, 255, 255)","rgb(0,0,0)","rgb(255,255,255)",21,21,1,1,0,0
562,a,"rgb(2, 126, 111)","rgba(255, 255, 255, 0)","rgb(2,126,111)","rgb(255,255,255)",4.98,4.98,1,1,0,0
562,div,"rgb(31, 36, 60)","rgb(0, 224, 172)","rgb(31,36,60)","rgb(0,224,172)",8.91,8.91,1,1,0,0
562,a,"rgb(28, 28, 28)","rgb(255, 255, 255)","rgb(28,28,28)","rgb(255,255,255)",17.04,17.04,1,1,0,0
562,a,"rgb(255, 255, 255)","rgba(255, 255, 255, 0)","rgb(255,255,255)","rgb(255,255,255)",1,1,0,0,0,0
562,a,"rgb(14, 16, 26)","rgb(255, 255, 255)","rgb(14,16,26)","rgb(255,255,255)",18.96,18.96,1,1,0,0
562,a,"rgb(245, 245, 245)","rgb(28, 28, 28)","rgb(245,245,245)","rgb(28,28,28)",15.63,15.63,1,1,0,0
562,button,"rgb(31, 36, 60)","rgba(255, 255, 255, 0)","rgb(31,36,60)","rgb(255,255,255)",15.26,15.26,1,1,0,0
563,div,"rgb(255, 255, 255)","rgb(28, 50, 134)","rgb(255,255,255)","rgb(28,50,134)",11.35,11.35,1,1,0,0
563,a,"rgba(255, 255, 255, 0.89)","rgb(50, 79, 190)","rgb(232,236,248)","rgb(50,79,190)",7.01,5.92,1,1,0,0
563,div,"rgba(0, 0, 0, 0.89)","rgb(255, 255, 255)","rgb(28,28,28)","rgb(255,255,255)",21,17.03,1,1,0,0
563,div,"rgba(0, 0, 0, 0.89)","rgb(255, 236, 230)","rgb(28,26,25)","rgb(255,236,230)",18.39,15.19,1,1,0,0
563,div,"rgba(0, 0, 0, 0.89)","rgb(235, 238, 249)","rgb(26,26,27)","rgb(235,238,249)",18.13,15,1,1,0,0
563,div,"rgba(0, 0, 0, 0.89)","rgb(252, 250, 230)","rgb(28,27,25)","rgb(252,250,230)",19.96,16.3,1,1,0,0
563,div,"rgba(0, 0, 0, 0.89)","rgb(32, 38, 65)","rgb(4,4,7)","rgb(32,38,65)",1.41,1.38,0,0,0,0
563,button,"rgba(0, 0, 0, 0.89)","rgb(195, 240, 247)","rgb(21,26,27)","rgb(195,240,247)",17.13,14.27,1,1,0,0
563,div,"rgba(255, 255, 255, 0.89)","rgb(32, 38, 65)","rgb(230,231,234)","rgb(32,38,65)",14.84,12.02,1,1,0,0
563,button,"rgb(50, 79, 190)","rgb(255, 255, 255)","rgb(50,79,190)","rgb(255,255,255)",7.01,7.01,1,1,0,0
563,button,"rgb(255, 255, 255)","rgb(50, 79, 190)","rgb(255,255,255)","rgb(50,79,190)",7.01,7.01,1,1,0,0
565,button,"rgb(255, 255, 255)","rgb(220, 102, 85)","rgb(255,255,255)","rgb(220,102,85)",3.46,3.46,0,0,0,0
565,button,"rgb(77, 59, 59)","rgb(255, 255, 255)","rgb(77,59,59)","rgb(255,255,255)",10.48,10.48,1,1,0,0
565,div,"rgb(77, 59, 59)","rgb(251, 248, 242)","rgb(77,59,59)","rgb(251,248,242)",9.88,9.88,1,1,0,0
565,div,"rgb(220, 102, 85)","rgb(255, 255, 255)","rgb(220,102,85)","rgb(255,255,255)",3.46,3.46,0,0,0,0
565,button,"rgb(220, 102, 85)","rgba(220, 102, 85, 0.1)","rgb(220,102,85)","rgb(252,240,238)",1,3.09,0,0,0,0
565,div,"rgb(77, 59, 59)","rgb(248, 234, 225)","rgb(77,59,59)","rgb(248,234,225)",8.9,8.9,1,1,0,0
565,button,"rgb(255, 255, 255)","rgb(77, 59, 59)","rgb(255,255,255)","rgb(77,59,59)",10.48,10.48,1,1,0,0
566,a,"rgb(4, 107, 153)","rgb(255, 255, 255)","rgb(4,107,153)","rgb(255,255,255)",5.89,5.89,1,1,0,0
566,div,"rgb(0, 0, 0)","rgb(245, 249, 250)","rgb(0,0,0)","rgb(245,249,250)",19.81,19.81,1,1,0,0
566,div,"rgb(59, 58, 72)","rgb(255, 255, 255)","rgb(59,58,72)","rgb(255,255,255)",11.14,11.14,1,1,0,0
566,div,"rgb(59, 58, 72)","rgb(4, 107, 153)","rgb(59,58,72)","rgb(4,107,153)",1.89,1.89,0,0,0,0
566,button,"rgb(0, 0, 0)","rgb(255, 255, 255)","rgb(0,0,0)","rgb(255,255,255)",21,21,1,1,0,0
566,div,"rgb(255, 255, 255)","rgb(2, 58, 83)","rgb(255,255,255)","rgb(2,58,83)",12.12,12.12,1,1,0,0
566,a,"rgb(255, 255, 255)","rgb(4, 107, 153)","rgb(255,255,255)","rgb(4,107,153)",5.89,5.89,1,1,0,0
566,div,"rgb(59, 58, 72)","rgb(238, 248, 251)","rgb(59,58,72)","rgb(238,248,251)",10.32,10.32,1,1,0,0
568,a,"rgb(255, 255, 255)","rgb(229, 9, 20)","rgb(255,255,255)","rgb(229,9,20)",4.79,4.79,1,1,0,0
568,button,"rgb(255, 255, 255)","rgba(128, 128, 128, 0.4)","rgb(255,255,255)","rgb(204,204,204)",3.95,1.6,0,0,0,0
568,button,"rgb(255, 255, 255)","rgb(35, 35, 35)","rgb(255,255,255)","rgb(35,35,35)",15.72,15.72,1,1,0,0
568,h3,"rgb(255, 255, 255)","rgb(45, 45, 45)","rgb(255,255,255)","rgb(45,45,45)",13.77,13.77,1,1,0,0
568,button,"rgb(51, 51, 51)","rgb(255, 255, 255)","rgb(51,51,51)","rgb(255,255,255)",12.63,12.63,1,1,0,0
571,div,"rgb(41, 41, 41)","rgb(255, 255, 255)","rgb(41,41,41)","rgb(255,255,255)",14.55,14.55,1,1,0,0
571,button,"rgb(224, 240, 255)","rgb(0, 112, 201)","rgb(224,240,255)","rgb(0,112,201)",4.34,4.34,0,0,0,0
571,div,"rgb(25, 25, 25)","rgb(255, 255, 255)","rgb(25,25,25)","rgb(255,255,255)",17.58,17.58,1,1,0,0
571,a,"rgb(15, 43, 70)","rgb(255, 255, 255)","rgb(15,43,70)","rgb(255,255,255)",14.44,14.44,1,1,0,0
571,a,"rgb(255, 255, 255)","rgb(15, 43, 70)","rgb(255,255,255)","rgb(15,43,70)",14.44,14.44,1,1,0,0
571,div,"rgb(25, 25, 25)","rgba(171, 171, 171, 0.1)","rgb(25,25,25)","rgb(247,247,247)",7.66,16.35,1,1,0,0
571,div,"rgb(25, 25, 25)","rgba(255, 255, 255, 0.5)","rgb(25,25,25)","rgb(255,255,255)",17.58,17.58,1,1,0,0
571,div,"rgb(25, 25, 25)","rgba(25, 25, 25, 0.5)","rgb(25,25,25)","rgb(140,140,140)",1,5.23,0,1,0,1
571,section,"rgb(25, 25, 25)","rgb(219, 214, 255)","rgb(25,25,25)","rgb(219,214,255)",12.62,12.62,1,1,0,0
571,section,"rgb(25, 25, 25)","rgb(111, 212, 255)","rgb(25,25,25)","rgb(111,212,255)",10.5,10.5,1,1,0,0
571,a,"rgb(15, 43, 70)","rgb(237, 237, 237)","rgb(15,43,70)","rgb(237,237,237)",12.33,12.33,1,1,0,0
571,a,"rgb(9, 26, 43)","rgb(222, 245, 255)","rgb(9,26,43)","rgb(222,245,255)",15.58,15.58,1,1,0,0
571,section,"rgb(25, 25, 25)","rgb(15, 43, 70)","rgb(25,25,25)","rgb(15,43,70)",1.22,1.22,0,0,0,0
571,a,"rgb(255, 255, 255)","rgb(59, 67, 92)","rgb(255,255,255)","rgb(59,67,92)",9.8,9.8,1,1,0,0
571,div,"rgb(25, 25, 25)","rgb(222, 245, 255)","rgb(25,25,25)","rgb(222,245,255)",15.58,15.58,1,1,0,0
571,section,"rgb(25, 25, 25)","rgb(31, 207, 154)","rgb(25,25,25)","rgb(31,207,154)",8.75,8.75,1,1,0,0
571,section,"rgb(25, 25, 25)","rgb(248, 248, 248)","rgb(25,25,25)","rgb(248,248,248)",16.56,16.56,1,1,0,0
571,div,"rgb(9, 26, 43)","rgb(111, 212, 255)","rgb(9,26,43)","rgb(111,212,255)",10.5,10.5,1,1,0,0
571,a,"rgb(0, 112, 201)","rgb(66, 162, 255)","rgb(0,112,201)","rgb(66,162,255)",1.89,1.89,0,0,0,0
571,div,"rgb(25, 25, 25)","rgb(25, 25, 25)","rgb(25,25,25)","rgb(25,25,25)",1,1,0,0,0,0
574,a,"rgb(255, 255, 255)","rgb(179, 27, 27)","rgb(255,255,255)","rgb(179,27,27)",6.8,6.8,1,1,0,0
574,li,"rgb(47, 47, 47)","rgb(179, 27, 27)","rgb(47,47,47)","rgb(179,27,27)",1.97,1.97,0,0,0,0
574,li,"rgb(47, 47, 47)","rgb(157, 24, 24)","rgb(47,47,47)","rgb(157,24,24)",1.64,1.64,0,0,0,0
574,button,"rgb(255, 255, 255)","rgb(135, 20, 20)","rgb(255,255,255)","rgb(135,20,20)",9.81,9.81,1,1,0,0
574,div,"rgb(47, 47, 47)","rgb(47, 47, 47)","rgb(47,47,47)","rgb(47,47,47)",1,1,0,0,0,0
574,div,"rgb(47, 47, 47)","rgb(51, 51, 51)","rgb(47,47,47)","rgb(51,51,51)",1.06,1.06,0,0,0,0
574,span,"rgb(255, 255, 255)","rgba(7, 6, 6, 0.65)","rgb(255,255,255)","rgb(94,93,93)",20.24,6.56,1,1,0,0
574,button,"rgb(255, 255, 255)","rgba(0, 0, 0, 0.6)","rgb(255,255,255)","rgb(102,102,102)",21,5.74,1,1,0,0
574,a,"rgb(0, 0, 0)","rgb(255, 255, 255)","rgb(0,0,0)","rgb(255,255,255)",21,21,1,1,0,0
574,div,"rgb(47, 47, 47)","rgb(255, 255, 255)","rgb(47,47,47)","rgb(255,255,255)",13.39,13.39,1,1,0,0
574,div,"rgb(47, 47, 47)","rgb(34, 34, 34)","rgb(47,47,47)","rgb(34,34,34)",1.19,1.19,0,0,0,0
574,a,"rgb(255, 255, 255)","rgb(0, 102, 153)","rgb(255,255,255)","rgb(0,102,153)",6.25,6.25,1,1,0,0
574,div,"rgb(47, 47, 47)","rgb(29, 29, 29)","rgb(47,47,47)","rgb(29,29,29)",1.26,1.26,0,0,0,0
574,a,"rgb(0, 102, 153)","rgb(37, 43, 44)","rgb(0,102,153)","rgb(37,43,44)",2.3,2.3,0,0,0,0
574,div,"rgb(255, 255, 255)","rgba(0, 0, 0, 0.65)","rgb(255,255,255)","rgb(89,89,89)",21,6.98,1,1,0,0
574,div,"rgb(0, 102, 153)","rgba(0, 0, 0, 0.85)","rgb(0,102,153)","rgb(38,38,38)",3.36,2.41,0,0,0,0
574,div,"rgb(47, 47, 47)","rgb(249, 249, 249)","rgb(47,47,47)","rgb(249,249,249)",12.72,12.72,1,1,0,0
574,a,"rgb(255, 255, 255)","rgba(0, 0, 0, 0.41)","rgb(255,255,255)","rgb(150,150,150)",21,2.94,1,0,1,0
574,div,"rgb(0, 102, 153)","rgba(0, 0, 0, 0.25)","rgb(0,102,153)","rgb(191,191,191)",3.36,3.41,0,0,0,0
574,li,"rgb(255, 255, 255)","rgb(51, 51, 51)","rgb(255,255,255)","rgb(51,51,51)",12.63,12.63,1,1,0,0
575,div,"rgb(51, 62, 72)","rgb(247, 250, 252)","rgb(51,62,72)","rgb(247,250,252)",10.42,10.42,1,1,0,0
575,button,"rgb(255, 255, 255)","rgb(0, 191, 111)","rgb(255,255,255)","rgb(0,191,111)",2.42,2.42,0,0,0,0
575,div,"rgb(30, 33, 36)","rgb(255, 255, 255)","rgb(30,33,36)","rgb(255,255,255)",16.18,16.18,1,1,0,0
575,div,"rgb(30, 33, 36)","rgb(247, 247, 247)","rgb(30,33,36)","rgb(247,247,247)",15.1,15.1,1,1,0,0
575,span,"rgb(51, 62, 72)","rgb(173, 235, 209)","rgb(51,62,72)","rgb(173,235,209)",8.1,8.1,1,1,0,0
575,div,"rgb(51, 62, 72)","rgb(255, 255, 255)","rgb(51,62,72)","rgb(255,255,255)",10.92,10.92,1,1,0,0
575,a,"rgb(30, 33, 36)","rgb(249, 190, 0)","rgb(30,33,36)","rgb(249,190,0)",9.55,9.55,1,1,0,0
575,div,"rgb(30, 33, 36)","rgb(30, 33, 36)","rgb(30,33,36)","rgb(30,33,36)",1,1,0,0,0,0
575,div,"rgb(30, 33, 36)","rgb(34, 79, 60)","rgb(30,33,36)","rgb(34,79,60)",1.73,1.73,0,0,0,0
579,div,"rgb(0, 0, 0)","rgb(255, 255, 255)","rgb(0,0,0)","rgb(255,255,255)",21,21,1,1,0,0
579,button,"rgb(255, 255, 255)","rgb(0, 170, 255)","rgb(255,255,255)","rgb(0,170,255)",2.56,2.56,0,0,0,0
579,a,"rgb(0, 0, 0)","rgb(242, 241, 240)","rgb(0,0,0)","rgb(242,241,240)",18.62,18.62,1,1,0,0
579,div,"rgb(255, 255, 255)","rgba(0, 0, 0, 0.5)","rgb(255,255,255)","rgb(128,128,128)",21,3.98,1,0,1,0
579,div,"rgb(255, 255, 255)","rgb(255, 64, 83)","rgb(255,255,255)","rgb(255,64,83)",3.44,3.44,0,0,0,0
579,div,"rgb(0, 0, 0)","rgb(247, 247, 245)","rgb(0,0,0)","rgb(247,247,245)",19.58,19.58,1,1,0,0
579,div,"rgb(255, 255, 255)","rgb(20, 20, 20)","rgb(255,255,255)","rgb(20,20,20)",18.42,18.42,1,1,0,0
580,div,"rgb(102, 102, 102)","rgb(113, 113, 113)","rgb(102,102,102)","rgb(113,113,113)",1.18,1.18,0,0,0,0
580,div,"rgb(102, 102, 102)","rgb(255, 255, 255)","rgb(102,102,102)","rgb(255,255,255)",5.74,5.74,1,1,0,0
580,div,"rgb(0, 0, 0)","rgb(255, 255, 255)","rgb(0,0,0)","rgb(255,255,255)",21,21,1,1,0,0
580,a,"rgb(51, 51, 51)","rgb(191, 0, 0)","rgb(51,51,51)","rgb(191,0,0)",1.93,1.93,0,0,0,0
580,section,"rgb(102, 102, 102)","rgb(252, 251, 251)","rgb(102,102,102)","rgb(252,251,251)",5.56,5.56,1,1,0,0
580,a,"rgb(51, 51, 51)","rgb(252, 251, 251)","rgb(51,51,51)","rgb(252,251,251)",12.23,12.23,1,1,0,0
580,div,"rgb(51, 51, 51)","rgb(255, 249, 200)","rgb(51,51,51)","rgb(255,249,200)",11.81,11.81,1,1,0,0
583,button,"rgb(51, 51, 51)","rgb(226, 232, 240)","rgb(51,51,51)","rgb(226,232,240)",10.25,10.25,1,1,0,0
583,button,"rgb(14, 28, 40)","rgb(61, 224, 200)","rgb(14,28,40)","rgb(61,224,200)",10.44,10.44,1,1,0,0
583,div,"rgb(14, 28, 40)","rgb(255, 255, 255)","rgb(14,28,40)","rgb(255,255,255)",17.28,17.28,1,1,0,0
583,div,"rgb(34, 34, 34)","rgb(231, 236, 236)","rgb(34,34,34)","rgb(231,236,236)",13.34,13.34,1,1,0,0
583,section,"rgb(14, 28, 40)","rgb(14, 28, 40)","rgb(14,28,40)","rgb(14,28,40)",1,1,0,0,0,0
583,div,"rgb(0, 189, 176)","rgb(33, 109, 105)","rgb(0,189,176)","rgb(33,109,105)",2.58,2.58,0,0,0,0
583,div,"rgb(14, 28, 40)","rgb(47, 166, 153)","rgb(14,28,40)","rgb(47,166,153)",5.79,5.79,1,1,0,0
583,div,"rgb(14, 28, 40)","rgb(54, 193, 175)","rgb(14,28,40)","rgb(54,193,175)",7.74,7.74,1,1,0,0
583,section,"rgb(14, 28, 40)","rgb(12, 28, 39)","rgb(14,28,40)","rgb(12,28,39)",1,1,0,0,0,0
583,a,"rgb(255, 255, 255)","rgba(61, 224, 200, 0.1)","rgb(255,255,255)","rgb(236,252,250)",1.65,1.06,0,0,0,0
583,a,"rgb(61, 224, 200)","rgba(14, 28, 40, 0.85)","rgb(61,224,200)","rgb(50,62,72)",10.44,6.61,1,1,0,0
583,div,"rgb(255, 255, 255)","rgba(255, 255, 255, 0.1)","rgb(255,255,255)","rgb(255,255,255)",1,1,0,0,0,0
583,button,"rgb(255, 255, 255)","rgba(0, 0, 0, 0.5)","rgb(255,255,255)","rgb(128,128,128)",21,3.98,1,0,1,0
585,a,"rgb(255, 255, 255)","rgb(0, 38, 118)","rgb(255,255,255)","rgb(0,38,118)",13.65,13.65,1,1,0,0
585,div,"rgb(0, 38, 118)","rgb(255, 255, 255)","rgb(0,38,118)","rgb(255,255,255)",13.65,13.65,1,1,0,0
585,span,"rgb(255, 255, 255)","rgb(1, 1, 51)","rgb(255,255,255)","rgb(1,1,51)",19.93,19.93,1,1,0,0
585,div,"rgb(0, 38, 118)","rgb(253, 181, 21)","rgb(0,38,118)","rgb(253,181,21)",7.67,7.67,1,1,0,0
586,div,"rgb(51, 51, 51)","rgb(204, 0, 0)","rgb(51,51,51)","rgb(204,0,0)",2.15,2.15,0,0,0,0
586,div,"rgb(51, 51, 51)","rgb(255, 255, 255)","rgb(51,51,51)","rgb(255,255,255)",12.63,12.63,1,1,0,0
586,button,"rgb(255, 255, 255)","rgb(204, 0, 0)","rgb(255,255,255)","rgb(204,0,0)",5.89,5.89,1,1,0,0
586,div,"rgb(51, 51, 51)","rgb(72, 122, 170)","rgb(51,51,51)","rgb(72,122,170)",2.79,2.79,0,0,0,0
586,div,"rgb(51, 51, 51)","rgb(244, 229, 213)","rgb(51,51,51)","rgb(244,229,213)",10.24,10.24,1,1,0,0
586,div,"rgb(51, 51, 51)","rgb(250, 240, 230)","rgb(51,51,51)","rgb(250,240,230)",11.23,11.23,1,1,0,0
586,div,"rgb(51, 51, 51)","rgb(253, 205, 0)","rgb(51,51,51)","rgb(253,205,0)",8.37,8.37,1,1,0,0
586,div,"rgb(255, 255, 255)","rgb(0, 0, 0)","rgb(255,255,255)","rgb(0,0,0)",21,21,1,1,0,0
586,div,"rgb(51, 51, 51)","rgb(247, 246, 240)","rgb(51,51,51)","rgb(247,246,240)",11.67,11.67,1,1,0,0
586,div,"rgb(51, 51, 51)","rgb(0, 0, 0)","rgb(51,51,51)","rgb(0,0,0)",1.66,1.66,0,0,0,0
586,div,"rgb(51, 51, 51)","rgb(110, 160, 204)","rgb(51,51,51)","rgb(110,160,204)",4.55,4.55,1,1,0,0
586,div,"rgb(51, 51, 51)","rgb(230, 219, 242)","rgb(51,51,51)","rgb(230,219,242)",9.49,9.49,1,1,0,0
591,a,"rgb(0, 0, 0)","rgba(0, 0, 0, 0.06)","rgb(0,0,0)","rgb(240,240,240)",1,18.38,0,1,0,1
591,div,"rgb(47, 55, 71)","rgb(255, 221, 87)","rgb(47,55,71)","rgb(255,221,87)",8.95,8.95,1,1,0,0
591,div,"rgb(255, 255, 255)","rgba(176, 189, 214, 0.2)","rgb(255,255,255)","rgb(239,242,247)",1.89,1.12,0,0,0,0
595,button,"rgb(1, 114, 206)","rgb(255, 255, 255)","rgb(1,114,206)","rgb(255,255,255)",4.88,4.88,1,1,0,0
595,div,"rgb(31, 31, 31)","rgb(0, 0, 0)","rgb(31,31,31)","rgb(0,0,0)",1.27,1.27,0,0,0,0
595,section,"rgb(31, 31, 31)","rgb(255, 255, 255)","rgb(31,31,31)","rgb(255,255,255)",16.48,16.48,1,1,0,0
595,button,"rgb(255, 255, 255)","rgb(0, 112, 204)","rgb(255,255,255)","rgb(0,112,204)",5.01,5.01,1,1,0,0
595,div,"rgb(255, 255, 255)","rgb(0, 101, 204)","rgb(255,255,255)","rgb(0,101,204)",5.62,5.62,1,1,0,0
595,div,"rgb(255, 255, 255)","rgb(214, 61, 0)","rgb(255,255,255)","rgb(214,61,0)",4.64,4.64,1,1,0,0
595,div,"rgb(0, 0, 0)","rgb(255, 255, 255)","rgb(0,0,0)","rgb(255,255,255)",21,21,1,1,0,0
595,div,"rgb(0, 104, 189)","rgb(0, 112, 204)","rgb(0,104,189)","rgb(0,112,204)",1.13,1.13,0,0,0,0
595,div,"rgb(0, 104, 189)","rgb(213, 59, 0)","rgb(0,104,189)","rgb(213,59,0)",1.2,1.2,0,0,0,0
595,section,"rgb(255, 255, 255)","rgb(18, 19, 20)","rgb(255,255,255)","rgb(18,19,20)",18.6,18.6,1,1,0,0
595,section,"rgb(0, 0, 0)","rgb(206, 205, 210)","rgb(0,0,0)","rgb(206,205,210)",13.29,13.29,1,1,0,0
595,section,"rgb(255, 255, 255)","rgb(38, 37, 79)","rgb(255,255,255)","rgb(38,37,79)",14.38,14.38,1,1,0,0
595,div,"rgb(255, 255, 255)","rgb(213, 59, 0)","rgb(255,255,255)","rgb(213,59,0)",4.71,4.71,1,1,0,0
595,section,"rgb(0, 0, 0)","rgb(245, 247, 250)","rgb(0,0,0)","rgb(245,247,250)",19.57,19.57,1,1,0,0
595,button,"rgb(255, 255, 255)","rgb(54, 54, 54)","rgb(255,255,255)","rgb(54,54,54)",12.08,12.08,1,1,0,0
595,button,"rgb(54, 54, 54)","rgb(238, 238, 238)","rgb(54,54,54)","rgb(238,238,238)",10.42,10.42,1,1,0,0
597,a,"rgb(255, 255, 255)","rgba(0, 0, 0, 0.6)","rgb(255,255,255)","rgb(102,102,102)",21,5.74,1,1,0,0
597,div,"rgb(255, 255, 255)","rgb(255, 255, 255)","rgb(255,255,255)","rgb(255,255,255)",1,1,0,0,0,0
597,div,"rgb(255, 255, 255)","rgb(0, 174, 205)","rgb(255,255,255)","rgb(0,174,205)",2.65,2.65,0,0,0,0
597,div,"rgb(255, 255, 255)","rgb(143, 177, 99)","rgb(255,255,255)","rgb(143,177,99)",2.43,2.43,0,0,0,0
597,div,"rgb(255, 255, 255)","rgb(250, 167, 74)","rgb(255,255,255)","rgb(250,167,74)",1.96,1.96,0,0,0,0
597,div,"rgb(255, 255, 255)","rgb(241, 90, 64)","rgb(255,255,255)","rgb(241,90,64)",3.35,3.35,0,0,0,0
602,a,"rgb(255, 255, 255)","rgb(0, 0, 0)","rgb(255,255,255)","rgb(0,0,0)",21,21,1,1,0,0
602,div,"rgb(0, 0, 0)","rgb(108, 238, 173)","rgb(0,0,0)","rgb(108,238,173)",14.47,14.47,1,1,0,0
602,div,"rgb(0, 0, 0)","rgb(255, 255, 255)","rgb(0,0,0)","rgb(255,255,255)",21,21,1,1,0,0
602,a,"rgb(0, 0, 0)","rgb(0, 0, 0)","rgb(0,0,0)","rgb(0,0,0)",1,1,0,0,0,0
602,div,"rgb(0, 0, 0)","rgb(248, 249, 246)","rgb(0,0,0)","rgb(248,249,246)",19.87,19.87,1,1,0,0
602,div,"rgb(0, 0, 0)","rgb(16, 22, 20)","rgb(0,0,0)","rgb(16,22,20)",1.15,1.15,0,0,0,0
602,div,"rgb(255, 255, 255)","rgb(59, 64, 216)","rgb(255,255,255)","rgb(59,64,216)",7.21,7.21,1,1,0,0
602,div,"rgb(255, 255, 255)","rgb(0, 134, 101)","rgb(255,255,255)","rgb(0,134,101)",4.57,4.57,1,1,0,0
602,button,"rgb(255, 255, 255)","rgba(0, 0, 0, 0.7)","rgb(255,255,255)","rgb(77,77,77)",21,8.52,1,1,0,0
602,div,"rgb(255, 255, 255)","rgb(16, 22, 20)","rgb(255,255,255)","rgb(16,22,20)",18.31,18.31,1,1,0,0
603,div,"rgb(51, 51, 51)","rgb(255, 255, 255)","rgb(51,51,51)","rgb(255,255,255)",12.63,12.63,1,1,0,0
603,div,"rgb(51, 51, 51)","rgb(229, 229, 229)","rgb(51,51,51)","rgb(229,229,229)",10.03,10.03,1,1,0,0
603,a,"rgb(118, 118, 118)","rgb(255, 255, 255)","rgb(118,118,118)","rgb(255,255,255)",4.54,4.54,1,1,0,0
603,div,"rgb(51, 51, 51)","rgb(51, 51, 51)","rgb(51,51,51)","rgb(51,51,51)",1,1,0,0,0,0
603,button,"rgb(255, 255, 255)","rgb(54, 124, 43)","rgb(255,255,255)","rgb(54,124,43)",5.15,5.15,1,1,0,0
603,div,"rgb(102, 102, 102)","rgb(255, 255, 255)","rgb(102,102,102)","rgb(255,255,255)",5.74,5.74,1,1,0,0
603,button,"rgb(102, 102, 102)","rgb(229, 230, 230)","rgb(102,102,102)","rgb(229,230,230)",4.59,4.59,1,1,0,0
603,button,"rgb(56, 96, 190)","rgb(255, 255, 255)","rgb(56,96,190)","rgb(255,255,255)",5.86,5.86,1,1,0,0
604,div,"rgb(255, 255, 255)","rgb(16, 75, 85)","rgb(255,255,255)","rgb(16,75,85)",9.72,9.72,1,1,0,0
604,div,"rgb(255, 255, 255)","rgb(0, 0, 0)","rgb(255,255,255)","rgb(0,0,0)",21,21,1,1,0,0
604,div,"rgb(255, 255, 255)","rgb(0, 15, 15)","rgb(255,255,255)","rgb(0,15,15)",19.53,19.53,1,1,0,0
604,div,"rgb(255, 255, 255)","rgb(19, 48, 46)","rgb(255,255,255)","rgb(19,48,46)",14.09,14.09,1,1,0,0
604,div,"rgb(0, 0, 0)","rgb(81, 152, 251)","rgb(0,0,0)","rgb(81,152,251)",7.23,7.23,1,1,0,0
604,a,"rgb(244, 245, 245)","rgb(31, 64, 62)","rgb(244,245,245)","rgb(31,64,62)",10.33,10.33,1,1,0,0
604,a,"rgb(0, 0, 0)","rgb(111, 224, 237)","rgb(0,0,0)","rgb(111,224,237)",13.56,13.56,1,1,0,0
604,div,"rgb(244, 245, 245)","rgb(0, 15, 15)","rgb(244,245,245)","rgb(0,15,15)",17.88,17.88,1,1,0,0
604,a,"rgb(0, 0, 0)","rgb(244, 245, 245)","rgb(0,0,0)","rgb(244,245,245)",19.23,19.23,1,1,0,0
605,div,"rgb(255, 255, 255)","rgb(29, 30, 32)","rgb(255,255,255)","rgb(29,30,32)",16.68,16.68,1,1,0,0
605,div,"rgb(255, 255, 255)","rgb(255, 255, 255)","rgb(255,255,255)","rgb(255,255,255)",1,1,0,0,0,0
605,span,"rgb(35, 33, 33)","rgb(255, 255, 255)","rgb(35,33,33)","rgb(255,255,255)",16.02,16.02,1,1,0,0
605,a,"rgb(29, 30, 32)","rgb(255, 255, 255)","rgb(29,30,32)","rgb(255,255,255)",16.68,16.68,1,1,0,0
605,div,"rgb(29, 30, 32)","rgb(241, 192, 242)","rgb(29,30,32)","rgb(241,192,242)",10.77,10.77,1,1,0,0
605,section,"rgb(29, 30, 32)","rgb(29, 30, 32)","rgb(29,30,32)","rgb(29,30,32)",1,1,0,0,0,0
605,section,"rgb(255, 255, 255)","rgb(255, 75, 50)","rgb(255,255,255)","rgb(255,75,50)",3.33,3.33,0,0,0,0
605,section,"rgb(29, 30, 32)","rgb(222, 255, 0)","rgb(29,30,32)","rgb(222,255,0)",14.62,14.62,1,1,0,0
605,span,"rgb(255, 255, 255)","rgb(177, 70, 59)","rgb(255,255,255)","rgb(177,70,59)",5.51,5.51,1,1,0,0
606,a,"rgb(255, 255, 255)","rgb(255, 97, 0)","rgb(255,255,255)","rgb(255,97,0)",3.02,3.02,0,0,0,0
606,div,"rgb(0, 0, 0)","rgb(255, 255, 255)","rgb(0,0,0)","rgb(255,255,255)",21,21,1,1,0,0
606,button,"rgb(255, 255, 255)","rgb(0, 112, 243)","rgb(255,255,255)","rgb(0,112,243)",4.55,4.55,1,1,0,0
606,button,"rgb(255, 255, 255)","rgb(46, 46, 46)","rgb(255,255,255)","rgb(46,46,46)",13.58,13.58,1,1,0,0
606,section,"rgb(0, 0, 0)","rgb(252, 241, 225)","rgb(0,0,0)","rgb(252,241,225)",18.81,18.81,1,1,0,0
606,section,"rgb(0, 0, 0)","rgb(12, 23, 78)","rgb(0,0,0)","rgb(12,23,78)",1.25,1.25,0,0,0,0
606,span,"rgb(255, 255, 255)","rgb(100, 178, 0)","rgb(255,255,255)","rgb(100,178,0)",2.65,2.65,0,0,0,0
606,div,"rgb(0, 0, 0)","rgb(243, 243, 254)","rgb(0,0,0)","rgb(243,243,254)",19.06,19.06,1,1,0,0
606,div,"rgb(0, 0, 0)","rgb(200, 206, 237)","rgb(0,0,0)","rgb(200,206,237)",13.51,13.51,1,1,0,0
607,div,"rgb(38, 38, 38)","rgb(204, 0, 0)","rgb(38,38,38)","rgb(204,0,0)",2.57,2.57,0,0,0,0
607,div,"rgb(33, 37, 41)","rgb(239, 246, 255)","rgb(33,37,41)","rgb(239,246,255)",14.17,14.17,1,1,0,0
607,div,"rgb(244, 244, 244)","rgba(255, 255, 255, 0)","rgb(244,244,244)","rgb(255,255,255)",1.1,1.1,0,0,0,0
607,button,"rgb(255, 255, 255)","rgb(204, 0, 0)","rgb(255,255,255)","rgb(204,0,0)",5.89,5.89,1,1,0,0
607,button,"rgb(57, 57, 57)","rgb(244, 244, 244)","rgb(57,57,57)","rgb(244,244,244)",10.5,10.5,1,1,0,0
607,div,"rgb(33, 37, 41)","rgb(244, 244, 244)","rgb(33,37,41)","rgb(244,244,244)",14.03,14.03,1,1,0,0
607,button,"rgb(82, 82, 82)","rgb(255, 255, 255)","rgb(82,82,82)","rgb(255,255,255)",7.81,7.81,1,1,0,0
607,button,"rgb(244, 244, 244)","rgb(22, 22, 22)","rgb(244,244,244)","rgb(22,22,22)",16.45,16.45,1,1,0,0
607,div,"rgb(33, 37, 41)","rgb(255, 255, 255)","rgb(33,37,41)","rgb(255,255,255)",15.43,15.43,1,1,0,0
607,div,"rgb(39, 94, 203)","rgb(239, 246, 255)","rgb(39,94,203)","rgb(239,246,255)",5.44,5.44,1,1,0,0
607,a,"rgb(38, 38, 38)","rgb(255, 255, 255)","rgb(38,38,38)","rgb(255,255,255)",15.13,15.13,1,1,0,0
607,section,"rgb(22, 22, 22)","rgb(255, 255, 255)","rgb(22,22,22)","rgb(255,255,255)",18.1,18.1,1,1,0,0
607,span,"rgb(0, 0, 0)","rgb(255, 255, 255)","rgb(0,0,0)","rgb(255,255,255)",21,21,1,1,0,0
607,section,"rgb(33, 37, 41)","rgb(57, 57, 57)","rgb(33,37,41)","rgb(57,57,57)",1.34,1.34,0,0,0,0
608,a,"rgb(255, 255, 255)","rgb(20, 89, 157)","rgb(255,255,255)","rgb(20,89,157)",7.13,7.13,1,1,0,0
608,div,"rgb(26, 26, 26)","rgb(7, 28, 46)","rgb(26,26,26)","rgb(7,28,46)",1.01,1.01,0,0,0,0
608,div,"rgb(26, 26, 26)","rgb(255, 255, 255)","rgb(26,26,26)","rgb(255,255,255)",17.4,17.4,1,1,0,0
608,div,"rgb(255, 255, 255)","rgb(14, 54, 90)","rgb(255,255,255)","rgb(14,54,90)",12.4,12.4,1,1,0,0
608,div,"rgb(255, 255, 255)","rgb(232, 228, 218)","rgb(255,255,255)","rgb(232,228,218)",1.27,1.27,0,0,0,0
608,button,"rgb(255, 255, 255)","rgb(26, 26, 26)","rgb(255,255,255)","rgb(26,26,26)",17.4,17.4,1,1,0,0
610,div,"rgb(0, 0, 0)","rgb(255, 255, 255)","rgb(0,0,0)","rgb(255,255,255)",21,21,1,1,0,0
610,section,"rgb(0, 0, 0)","rgb(109, 109, 109)","rgb(0,0,0)","rgb(109,109,109)",4.06,4.06,0,0,0,0
610,div,"rgb(0, 0, 0)","rgb(0, 0, 0)","rgb(0,0,0)","rgb(0,0,0)",1,1,0,0,0,0
610,section,"rgb(0, 0, 0)","rgb(231, 242, 243)","rgb(0,0,0)","rgb(231,242,243)",18.39,18.39,1,1,0,0
610,section,"rgb(0, 0, 0)","rgb(248, 248, 248)","rgb(0,0,0)","rgb(248,248,248)",19.77,19.77,1,1,0,0
610,section,"rgb(0, 0, 0)","rgb(0, 97, 163)","rgb(0,0,0)","rgb(0,97,163)",3.24,3.24,0,0,0,0
610,div,"rgb(255, 255, 255)","rgb(42, 60, 70)","rgb(255,255,255)","rgb(42,60,70)",11.46,11.46,1,1,0,0
610,button,"rgb(255, 255, 255)","rgb(0, 97, 163)","rgb(255,255,255)","rgb(0,97,163)",6.48,6.48,1,1,0,0
611,a,"rgb(0, 0, 0)","rgb(255, 254, 251)","rgb(0,0,0)","rgb(255,254,251)",20.82,20.82,1,1,0,0
611,div,"rgb(17, 17, 17)","rgb(255, 219, 0)","rgb(17,17,17)","rgb(255,219,0)",13.83,13.83,1,1,0,0
611,button,"rgb(255, 255, 255)","rgb(17, 17, 17)","rgb(255,255,255)","rgb(17,17,17)",18.88,18.88,1,1,0,0
611,section,"rgb(17, 17, 17)","rgb(48, 154, 67)","rgb(17,17,17)","rgb(48,154,67)",5.24,5.24,1,1,0,0
611,div,"rgb(17, 17, 17)","rgb(255, 255, 255)","rgb(17,17,17)","rgb(255,255,255)",18.88,18.88,1,1,0,0
611,a,"rgb(17, 17, 17)","rgb(242, 106, 47)","rgb(17,17,17)","rgb(242,106,47)",6.18,6.18,1,1,0,0
611,a,"rgb(17, 17, 17)","rgb(196, 222, 232)","rgb(17,17,17)","rgb(196,222,232)",13.45,13.45,1,1,0,0
611,a,"rgb(255, 255, 255)","rgb(1, 89, 163)","rgb(255,255,255)","rgb(1,89,163)",7.1,7.1,1,1,0,0
612,div,"rgb(16, 24, 40)","rgb(255, 255, 255)","rgb(16,24,40)","rgb(255,255,255)",17.75,17.75,1,1,0,0
612,span,"rgb(255, 255, 255)","rgb(54, 8, 215)","rgb(255,255,255)","rgb(54,8,215)",9.66,9.66,1,1,0,0
612,span,"rgb(255, 255, 255)","rgb(68, 17, 214)","rgb(255,255,255)","rgb(68,17,214)",9.14,9.14,1,1,0,0
612,div,"rgb(16, 24, 40)","rgba(201, 196, 255, 0.5)","rgb(16,24,40)","rgb(228,226,255)",10.84,14,1,1,0,0
612,div,"rgb(16, 24, 40)","rgb(236, 229, 249)","rgb(16,24,40)","rgb(236,229,249)",14.49,14.49,1,1,0,0
612,li,"rgb(16, 24, 40)","rgba(147, 89, 255, 0.04)","rgb(16,24,40)","rgb(251,248,255)",4.32,16.91,0,1,0,1
612,a,"rgb(255, 255, 255)","rgb(87, 17, 229)","rgb(255,255,255)","rgb(87,17,229)",8.02,8.02,1,1,0,0
612,a,"rgb(78, 91, 109)","rgb(234, 236, 240)","rgb(78,91,109)","rgb(234,236,240)",5.84,5.84,1,1,0,0
612,a,"rgb(255, 255, 255)","rgb(12, 17, 29)","rgb(255,255,255)","rgb(12,17,29)",18.86,18.86,1,1,0,0
612,div,"rgb(16, 24, 40)","rgba(68, 17, 214, 0.1)","rgb(16,24,40)","rgb(236,231,251)",1.94,14.72,0,1,0,1
612,button,"rgb(255, 255, 255)","rgb(48, 2, 102)","rgb(255,255,255)","rgb(48,2,102)",15.83,15.83,1,1,0,0
612,button,"rgb(52, 64, 84)","rgba(255, 255, 255, 0.2)","rgb(52,64,84)","rgb(255,255,255)",10.46,10.46,1,1,0,0
612,div,"rgb(16, 24, 40)","rgba(255, 255, 255, 0.2)","rgb(16,24,40)","rgb(255,255,255)",17.75,17.75,1,1,0,0
612,div,"rgb(48, 2, 102)","rgba(255, 255, 255, 0.2)","rgb(48,2,102)","rgb(255,255,255)",15.83,15.83,1,1,0,0
612,section,"rgb(16, 24, 40)","rgb(249, 250, 251)","rgb(16,24,40)","rgb(249,250,251)",16.98,16.98,1,1,0,0
612,div,"rgb(16, 24, 40)","rgb(243, 177, 247)","rgb(16,24,40)","rgb(243,177,247)",10.52,10.52,1,1,0,0
612,button,"rgb(255, 255, 255)","rgb(128, 30, 215)","rgb(255,255,255)","rgb(128,30,215)",6.81,6.81,1,1,0,0
613,a,"rgb(255, 255, 255)","rgb(0, 0, 0)","rgb(255,255,255)","rgb(0,0,0)",21,21,1,1,0,0
613,div,"rgb(0, 0, 0)","rgb(255, 255, 255)","rgb(0,0,0)","rgb(255,255,255)",21,21,1,1,0,0
613,div,"rgb(0, 0, 0)","rgb(245, 245, 245)","rgb(0,0,0)","rgb(245,245,245)",19.26,19.26,1,1,0,0
613,a,"rgb(0, 0, 0)","rgba(2, 1, 1, 0)","rgb(0,0,0)","rgb(255,255,255)",1.01,21,0,1,0,1
613,div,"rgb(0, 0, 0)","rgb(127, 136, 242)","rgb(0,0,0)","rgb(127,136,242)",6.71,6.71,1,1,0,0
613,div,"rgb(0, 0, 0)","rgb(243, 243, 243)","rgb(0,0,0)","rgb(243,243,243)",18.93,18.93,1,1,0,0
613,button,"rgb(255, 255, 255)","rgb(46, 70, 242)","rgb(255,255,255)","rgb(46,70,242)",6.41,6.41,1,1,0,0
613,div,"rgb(0, 0, 0)","rgb(255, 125, 0)","rgb(0,0,0)","rgb(255,125,0)",8.19,8.19,1,1,0,0
613,div,"rgb(0, 0, 0)","rgb(234, 234, 234)","rgb(0,0,0)","rgb(234,234,234)",17.46,17.46,1,1,0,0
613,a,"rgb(0, 0, 0)","rgb(255, 174, 2)","rgb(0,0,0)","rgb(255,174,2)",11.31,11.31,1,1,0,0
613,div,"rgb(0, 0, 0)","rgb(32, 18, 77)","rgb(0,0,0)","rgb(32,18,77)",1.26,1.26,0,0,0,0
613,a,"rgb(0, 0, 0)","rgba(2, 2, 2, 0)","rgb(0,0,0)","rgb(255,255,255)",1.01,21,0,1,0,1
613,button,"rgb(0, 0, 0)","rgb(239, 150, 16)","rgb(0,0,0)","rgb(239,150,16)",9.04,9.04,1,1,0,0
614,div,"rgb(36, 36, 36)","rgb(255, 255, 255)","rgb(36,36,36)","rgb(255,255,255)",15.52,15.52,1,1,0,0
614,button,"rgb(255, 255, 255)","rgb(36, 36, 36)","rgb(255,255,255)","rgb(36,36,36)",15.52,15.52,1,1,0,0
614,button,"rgb(255, 255, 255)","rgb(0, 118, 173)","rgb(255,255,255)","rgb(0,118,173)",5.01,5.01,1,1,0,0
614,div,"rgb(36, 36, 36)","rgba(0, 0, 0, 0.75)","rgb(36,36,36)","rgb(64,64,64)",1.35,1.49,0,0,0,0
614,section,"rgb(36, 36, 36)","rgb(246, 246, 246)","rgb(36,36,36)","rgb(246,246,246)",14.36,14.36,1,1,0,0
614,div,"rgb(36, 36, 36)","rgb(0, 0, 0)","rgb(36,36,36)","rgb(0,0,0)",1.35,1.35,0,0,0,0
614,span,"rgb(255, 255, 255)","rgb(0, 0, 0)","rgb(255,255,255)","rgb(0,0,0)",21,21,1,1,0,0
614,span,"rgb(36, 36, 36)","rgba(255, 255, 255, 0.3)","rgb(36,36,36)","rgb(255,255,255)",15.52,15.52,1,1,0,0
614,section,"rgb(36, 36, 36)","rgb(38, 51, 59)","rgb(36,36,36)","rgb(38,51,59)",1.2,1.2,0,0,0,0
614,button,"rgb(0, 118, 173)","rgb(255, 255, 255)","rgb(0,118,173)","rgb(255,255,255)",5.01,5.01,1,1,0,0
617,div,"rgb(24, 49, 83)","rgb(255, 255, 255)","rgb(24,49,83)","rgb(255,255,255)",13.1,13.1,1,1,0,0
617,span,"rgb(0, 0, 0)","rgb(255, 255, 255)","rgb(0,0,0)","rgb(255,255,255)",21,21,1,1,0,0
617,div,"rgb(255, 255, 255)","rgb(24, 49, 83)","rgb(255,255,255)","rgb(24,49,83)",13.1,13.1,1,1,0,0
617,a,"rgb(24, 49, 83)","rgb(99, 230, 190)","rgb(24,49,83)","rgb(99,230,190)",8.48,8.48,1,1,0,0
617,button,"rgb(24, 49, 83)","rgb(116, 192, 252)","rgb(24,49,83)","rgb(116,192,252)",6.67,6.67,1,1,0,0
617,span,"rgb(24, 49, 83)","rgb(255, 212, 59)","rgb(24,49,83)","rgb(255,212,59)",9.19,9.19,1,1,0,0
617,a,"rgb(255, 255, 255)","rgb(0, 28, 64)","rgb(255,255,255)","rgb(0,28,64)",16.93,16.93,1,1,0,0
617,a,"rgb(255, 255, 255)","rgb(255, 212, 59)","rgb(255,255,255)","rgb(255,212,59)",1.43,1.43,0,0,0,0
617,a,"rgb(255, 255, 255)","rgb(116, 192, 252)","rgb(255,255,255)","rgb(116,192,252)",1.96,1.96,0,0,0,0
617,a,"rgb(255, 255, 255)","rgb(229, 153, 247)","rgb(255,255,255)","rgb(229,153,247)",2.05,2.05,0,0,0,0
617,a,"rgb(255, 255, 255)","rgb(177, 151, 252)","rgb(255,255,255)","rgb(177,151,252)",2.41,2.41,0,0,0,0
617,a,"rgb(255, 255, 255)","rgb(99, 230, 190)","rgb(255,255,255)","rgb(99,230,190)",1.54,1.54,0,0,0,0
617,a,"rgb(255, 255, 255)","rgb(255, 135, 135)","rgb(255,255,255)","rgb(255,135,135)",2.32,2.32,0,0,0,0
617,a,"rgb(255, 255, 255)","rgb(240, 241, 243)","rgb(255,255,255)","rgb(240,241,243)",1.13,1.13,0,0,0,0
617,a,"rgb(255, 255, 255)","rgb(208, 235, 255)","rgb(255,255,255)","rgb(208,235,255)",1.23,1.23,0,0,0,0
617,div,"rgb(97, 109, 138)","rgb(240, 241, 243)","rgb(97,109,138)","rgb(240,241,243)",4.57,4.57,1,1,0,0
617,span,"rgb(24, 49, 83)","rgb(229, 153, 247)","rgb(24,49,83)","rgb(229,153,247)",6.38,6.38,1,1,0,0
617,div,"rgb(20, 110, 190)","rgb(255, 255, 255)","rgb(20,110,190)","rgb(255,255,255)",5.25,5.25,1,1,0,0
617,div,"rgb(103, 65, 217)","rgb(255, 255, 255)","rgb(103,65,217)","rgb(255,255,255)",6.3,6.3,1,1,0,0
617,div,"rgb(156, 54, 181)","rgb(255, 255, 255)","rgb(156,54,181)","rgb(255,255,255)",5.82,5.82,1,1,0,0
617,div,"rgb(24, 49, 83)","rgb(24, 49, 83)","rgb(24,49,83)","rgb(24,49,83)",1,1,0,0,0,0
617,div,"rgb(24, 49, 83)","rgb(0, 28, 64)","rgb(24,49,83)","rgb(0,28,64)",1.29,1.29,0,0,0,0
617,label,"rgb(24, 49, 83)","rgb(240, 241, 243)","rgb(24,49,83)","rgb(240,241,243)",11.59,11.59,1,1,0,0
618,div,"rgb(21, 21, 21)","rgb(255, 255, 255)","rgb(21,21,21)","rgb(255,255,255)",18.26,18.26,1,1,0,0
618,div,"rgb(21, 21, 21)","rgb(242, 242, 242)","rgb(21,21,21)","rgb(242,242,242)",16.31,16.31,1,1,0,0
618,div,"rgb(255, 255, 255)","rgb(21, 21, 21)","rgb(255,255,255)","rgb(21,21,21)",18.26,18.26,1,1,0,0
618,div,"rgb(21, 21, 21)","rgb(224, 224, 224)","rgb(21,21,21)","rgb(224,224,224)",13.83,13.83,1,1,0,0
619,div,"rgb(0, 0, 0)","rgb(0, 0, 0)","rgb(0,0,0)","rgb(0,0,0)",1,1,0,0,0,0
619,a,"rgb(0, 0, 0)","rgb(255, 255, 255)","rgb(0,0,0)","rgb(255,255,255)",21,21,1,1,0,0
619,a,"rgb(0, 0, 0)","rgb(26, 26, 26)","rgb(0,0,0)","rgb(26,26,26)",1.21,1.21,0,0,0,0
619,a,"rgb(0, 0, 0)","rgba(255, 255, 255, 0.1)","rgb(0,0,0)","rgb(255,255,255)",21,21,1,1,0,0
619,a,"rgb(255, 255, 255)","rgb(47, 47, 47)","rgb(255,255,255)","rgb(47,47,47)",13.39,13.39,1,1,0,0
619,h3,"rgb(255, 255, 255)","rgb(217, 217, 217)","rgb(255,255,255)","rgb(217,217,217)",1.41,1.41,0,0,0,0
619,div,"rgb(255, 255, 255)","rgb(34, 34, 34)","rgb(255,255,255)","rgb(34,34,34)",15.91,15.91,1,1,0,0
619,a,"rgb(255, 255, 255)","rgb(90, 90, 90)","rgb(255,255,255)","rgb(90,90,90)",6.9,6.9,1,1,0,0
619,button,"rgba(16, 16, 16, 0.3)","rgb(90, 90, 90)","rgb(68,68,68)","rgb(90,90,90)",2.76,1.42,0,0,0,0
619,button,"rgb(255, 255, 255)","rgb(49, 49, 49)","rgb(255,255,255)","rgb(49,49,49)",13.01,13.01,1,1,0,0
620,div,"rgb(255, 255, 255)","rgb(230, 0, 18)","rgb(255,255,255)","rgb(230,0,18)",4.8,4.8,1,1,0,0
620,div,"rgb(0, 0, 0)","rgb(14, 14, 14)","rgb(0,0,0)","rgb(14,14,14)",1.09,1.09,0,0,0,0
620,span,"rgb(35, 36, 38)","rgb(255, 255, 255)","rgb(35,36,38)","rgb(255,255,255)",15.53,15.53,1,1,0,0
620,div,"rgb(0, 0, 0)","rgb(245, 246, 247)","rgb(0,0,0)","rgb(245,246,247)",19.41,19.41,1,1,0,0
620,button,"rgb(255, 255, 255)","rgb(250, 57, 49)","rgb(255,255,255)","rgb(250,57,49)",3.69,3.69,0,0,0,0
620,div,"rgb(0, 0, 0)","rgb(230, 0, 18)","rgb(0,0,0)","rgb(230,0,18)",4.37,4.37,0,0,0,0
620,div,"rgb(255, 255, 255)","rgb(245, 246, 247)","rgb(255,255,255)","rgb(245,246,247)",1.08,1.08,0,0,0,0
620,div,"rgb(0, 0, 0)","rgb(255, 255, 255)","rgb(0,0,0)","rgb(255,255,255)",21,21,1,1,0,0
620,div,"rgb(255, 255, 255)","rgb(191, 0, 16)","rgb(255,255,255)","rgb(191,0,16)",6.52,6.52,1,1,0,0
620,div,"rgb(255, 255, 255)","rgb(153, 0, 13)","rgb(255,255,255)","rgb(153,0,13)",8.9,8.9,1,1,0,0
620,div,"rgb(60, 60, 60)","rgb(242, 242, 242)","rgb(60,60,60)","rgb(242,242,242)",9.85,9.85,1,1,0,0
620,div,"rgb(60, 60, 60)","rgb(255, 255, 255)","rgb(60,60,60)","rgb(255,255,255)",11.03,11.03,1,1,0,0
620,a,"rgb(16, 16, 16)","rgb(230, 0, 18)","rgb(16,16,16)","rgb(230,0,18)",3.96,3.96,0,0,0,0
620,a,"rgb(16, 16, 16)","rgba(0, 0, 0, 0.05)","rgb(16,16,16)","rgb(242,242,242)",1.1,17.03,0,1,0,1
620,button,"rgb(230, 0, 18)","rgb(255, 255, 255)","rgb(230,0,18)","rgb(255,255,255)",4.8,4.8,1,1,0,0
621,div,"rgb(17, 17, 17)","rgb(255, 255, 255)","rgb(17,17,17)","rgb(255,255,255)",18.88,18.88,1,1,0,0
621,button,"rgb(255, 255, 255)","rgb(17, 17, 17)","rgb(255,255,255)","rgb(17,17,17)",18.88,18.88,1,1,0,0
621,div,"rgb(17, 17, 17)","rgb(245, 245, 245)","rgb(17,17,17)","rgb(245,245,245)",17.32,17.32,1,1,0,0
623,a,"rgb(255, 255, 255)","rgb(0, 0, 0)","rgb(255,255,255)","rgb(0,0,0)",21,21,1,1,0,0
623,div,"rgb(0, 0, 0)","rgb(250, 250, 250)","rgb(0,0,0)","rgb(250,250,250)",20.12,20.12,1,1,0,0
623,div,"rgb(0, 0, 0)","rgb(255, 255, 255)","rgb(0,0,0)","rgb(255,255,255)",21,21,1,1,0,0
623,div,"rgb(56, 88, 152)","rgb(255, 255, 255)","rgb(56,88,152)","rgb(255,255,255)",6.96,6.96,1,1,0,0
623,div,"rgb(0, 0, 0)","rgb(245, 245, 245)","rgb(0,0,0)","rgb(245,245,245)",19.26,19.26,1,1,0,0
624,div,"rgb(0, 0, 0)","rgb(0, 0, 0)","rgb(0,0,0)","rgb(0,0,0)",1,1,0,0,0,0
624,a,"rgb(255, 255, 255)","rgb(0, 97, 255)","rgb(255,255,255)","rgb(0,97,255)",5.06,5.06,1,1,0,0
624,button,"rgb(166, 168, 171)","rgb(255, 255, 255)","rgb(166,168,171)","rgb(255,255,255)",2.38,2.38,0,0,0,0
624,button,"rgb(12, 18, 26)","rgb(255, 255, 255)","rgb(12,18,26)","rgb(255,255,255)",18.8,18.8,1,1,0,0
624,div,"rgb(0, 0, 0)","rgb(249, 249, 249)","rgb(0,0,0)","rgb(249,249,249)",19.95,19.95,1,1,0,0
624,div,"rgb(0, 0, 0)","rgb(12, 18, 26)","rgb(0,0,0)","rgb(12,18,26)",1.12,1.12,0,0,0,0
624,div,"rgb(0, 0, 0)","rgb(24, 30, 38)","rgb(0,0,0)","rgb(24,30,38)",1.25,1.25,0,0,0,0
624,div,"rgb(0, 0, 0)","rgb(36, 42, 49)","rgb(0,0,0)","rgb(36,42,49)",1.45,1.45,0,0,0,0
624,div,"rgb(234, 245, 255)","rgb(0, 0, 0)","rgb(234,245,255)","rgb(0,0,0)",19,19,1,1,0,0
625,a,"rgb(255, 255, 255)","rgb(0, 0, 0)","rgb(255,255,255)","rgb(0,0,0)",21,21,1,1,0,0
625,div,"rgb(255, 255, 255)","rgb(16, 22, 20)","rgb(255,255,255)","rgb(16,22,20)",18.31,18.31,1,1,0,0
625,div,"rgb(0, 0, 0)","rgb(255, 255, 255)","rgb(0,0,0)","rgb(255,255,255)",21,21,1,1,0,0
625,a,"rgb(0, 0, 0)","rgb(0, 0, 0)","rgb(0,0,0)","rgb(0,0,0)",1,1,0,0,0,0
625,div,"rgb(0, 0, 0)","rgb(248, 248, 248)","rgb(0,0,0)","rgb(248,248,248)",19.77,19.77,1,1,0,0
625,div,"rgb(0, 0, 0)","rgb(44, 97, 69)","rgb(0,0,0)","rgb(44,97,69)",2.9,2.9,0,0,0,0
627,div,"rgb(15, 17, 17)","rgb(255, 255, 255)","rgb(15,17,17)","rgb(255,255,255)",18.94,18.94,1,1,0,0
627,span,"rgb(15, 17, 17)","rgb(255, 216, 20)","rgb(15,17,17)","rgb(255,216,20)",13.61,13.61,1,1,0,0
627,span,"rgb(15, 17, 17)","rgb(240, 242, 242)","rgb(15,17,17)","rgb(240,242,242)",16.86,16.86,1,1,0,0
627,div,"rgb(15, 17, 17)","rgb(19, 25, 33)","rgb(15,17,17)","rgb(19,25,33)",1.07,1.07,0,0,0,0
627,div,"rgb(15, 17, 17)","rgb(230, 230, 230)","rgb(15,17,17)","rgb(230,230,230)",15.18,15.18,1,1,0,0
627,div,"rgb(15, 17, 17)","rgb(35, 47, 62)","rgb(15,17,17)","rgb(35,47,62)",1.4,1.4,0,0,0,0
627,div,"rgb(15, 17, 17)","rgb(227, 230, 230)","rgb(15,17,17)","rgb(227,230,230)",15.09,15.09,1,1,0,0
627,span,"rgb(15, 17, 17)","rgba(15, 17, 17, 0.6)","rgb(15,17,17)","rgb(111,112,112)",1,3.82,0,0,0,0
627,div,"rgb(255, 255, 255)","rgb(55, 71, 90)","rgb(255,255,255)","rgb(55,71,90)",9.5,9.5,1,1,0,0
627,div,"rgb(221, 221, 221)","rgb(19, 26, 34)","rgb(221,221,221)","rgb(19,26,34)",12.9,12.9,1,1,0,0
628,div,"rgb(51, 51, 51)","rgb(64, 60, 56)","rgb(51,51,51)","rgb(64,60,56)",1.16,1.16,0,0,0,0
628,div,"rgb(255, 255, 255)","rgb(241, 239, 237)","rgb(255,255,255)","rgb(241,239,237)",1.15,1.15,0,0,0,0
628,a,"rgb(255, 255, 255)","rgb(107, 143, 99)","rgb(255,255,255)","rgb(107,143,99)",3.66,3.66,0,0,0,0
629,div,"rgb(0, 0, 0)","rgb(231, 232, 233)","rgb(0,0,0)","rgb(231,232,233)",17.12,17.12,1,1,0,0
629,button,"rgb(0, 0, 0)","rgb(251, 251, 251)","rgb(0,0,0)","rgb(251,251,251)",20.29,20.29,1,1,0,0
629,a,"rgb(255, 255, 255)","rgb(53, 53, 51)","rgb(255,255,255)","rgb(53,53,51)",12.29,12.29,1,1,0,0
629,div,"rgb(0, 0, 0)","rgb(247, 247, 247)","rgb(0,0,0)","rgb(247,247,247)",19.6,19.6,1,1,0,0
629,a,"rgb(53, 53, 51)","rgb(255, 255, 255)","rgb(53,53,51)","rgb(255,255,255)",12.29,12.29,1,1,0,0
629,a,"rgb(255, 255, 255)","rgb(51, 126, 129)","rgb(255,255,255)","rgb(51,126,129)",4.73,4.73,1,1,0,0
629,div,"rgb(0, 0, 0)","rgb(255, 255, 255)","rgb(0,0,0)","rgb(255,255,255)",21,21,1,1,0,0
629,div,"rgb(0, 0, 0)","rgb(34, 34, 34)","rgb(0,0,0)","rgb(34,34,34)",1.32,1.32,0,0,0,0
629,span,"rgb(255, 255, 255)","rgb(235, 20, 38)","rgb(255,255,255)","rgb(235,20,38)",4.51,4.51,1,1,0,0
629,span,"rgb(34, 34, 34)","rgb(255, 253, 56)","rgb(34,34,34)","rgb(255,253,56)",14.67,14.67,1,1,0,0
629,div,"rgb(0, 0, 0)","rgb(20, 50, 52)","rgb(0,0,0)","rgb(20,50,52)",1.54,1.54,0,0,0,0
629,button,"rgb(255, 255, 255)","rgb(189, 189, 189)","rgb(255,255,255)","rgb(189,189,189)",1.88,1.88,0,0,0,0
630,div,"rgb(16, 16, 16)","rgb(217, 218, 226)","rgb(16,16,16)","rgb(217,218,226)",13.66,13.66,1,1,0,0
630,button,"rgb(255, 255, 255)","rgb(0, 10, 60)","rgb(255,255,255)","rgb(0,10,60)",18.94,18.94,1,1,0,0
630,div,"rgb(16, 16, 16)","rgb(255, 255, 255)","rgb(16,16,16)","rgb(255,255,255)",19.03,19.03,1,1,0,0
630,span,"rgb(16, 16, 16)","rgba(16, 16, 16, 0.15)","rgb(16,16,16)","rgb(219,219,219)",1,13.76,0,1,0,1
630,span,"rgb(255, 255, 255)","rgb(225, 5, 0)","rgb(255,255,255)","rgb(225,5,0)",4.97,4.97,1,1,0,0
630,section,"rgb(255, 255, 255)","rgb(0, 85, 145)","rgb(255,255,255)","rgb(0,85,145)",7.75,7.75,1,1,0,0
630,section,"rgb(255, 255, 255)","rgb(0, 113, 26)","rgb(255,255,255)","rgb(0,113,26)",6.22,6.22,1,1,0,0
630,span,"rgb(255, 255, 255)","rgba(242, 242, 242, 0.15)","rgb(255,255,255)","rgb(253,253,253)",1.12,1.02,0,0,0,0
632,a,"rgb(255, 255, 255)","rgb(102, 184, 33)","rgb(255,255,255)","rgb(102,184,33)",2.49,2.49,0,0,0,0
632,div,"rgb(33, 37, 41)","rgb(230, 236, 240)","rgb(33,37,41)","rgb(230,236,240)",12.94,12.94,1,1,0,0
632,div,"rgb(33, 37, 41)","rgb(243, 246, 248)","rgb(33,37,41)","rgb(243,246,248)",14.21,14.21,1,1,0,0
632,div,"rgb(33, 37, 41)","rgb(87, 78, 146)","rgb(33,37,41)","rgb(87,78,146)",2.14,2.14,0,0,0,0
632,button,"rgb(104, 182, 49)","rgb(240, 240, 240)","rgb(104,182,49)","rgb(240,240,240)",2.21,2.21,0,0,0,0
632,button,"rgb(115, 96, 242)","rgb(255, 255, 255)","rgb(115,96,242)","rgb(255,255,255)",4.48,4.48,0,0,0,0
632,button,"rgb(255, 255, 255)","rgb(115, 96, 242)","rgb(255,255,255)","rgb(115,96,242)",4.48,4.48,0,0,0,0
633,div,"rgb(0, 0, 0)","rgb(51, 0, 191)","rgb(0,0,0)","rgb(51,0,191)",1.89,1.89,0,0,0,0
633,a,"rgb(12, 20, 43)","rgb(255, 255, 255)","rgb(12,20,43)","rgb(255,255,255)",18.25,18.25,1,1,0,0
633,a,"rgb(255, 255, 255)","rgb(12, 20, 43)","rgb(255,255,255)","rgb(12,20,43)",18.25,18.25,1,1,0,0
633,div,"rgb(0, 0, 0)","rgb(248, 248, 255)","rgb(0,0,0)","rgb(248,248,255)",19.86,19.86,1,1,0,0
636,li,"rgb(0, 14, 156)","rgb(242, 242, 242)","rgb(0,14,156)","rgb(242,242,242)",12.16,12.16,1,1,0,0
636,li,"rgb(0, 14, 156)","rgb(190, 241, 255)","rgb(0,14,156)","rgb(190,241,255)",11.16,11.16,1,1,0,0
637,button,"rgb(0, 26, 105)","rgb(255, 255, 255)","rgb(0,26,105)","rgb(255,255,255)",15.54,15.54,1,1,0,0
637,div,"rgb(51, 51, 51)","rgb(0, 26, 105)","rgb(51,51,51)","rgb(0,26,105)",1.23,1.23,0,0,0,0
637,div,"rgb(51, 51, 51)","rgb(247, 247, 247)","rgb(51,51,51)","rgb(247,247,247)",11.79,11.79,1,1,0,0
637,div,"rgb(0, 26, 105)","rgb(8, 201, 196)","rgb(0,26,105)","rgb(8,201,196)",7.52,7.52,1,1,0,0
637,a,"rgb(0, 26, 105)","rgb(242, 243, 248)","rgb(0,26,105)","rgb(242,243,248)",14.02,14.02,1,1,0,0
637,a,"rgb(217, 238, 255)","rgb(0, 26, 105)","rgb(217,238,255)","rgb(0,26,105)",13.04,13.04,1,1,0,0
637,section,"rgb(51, 51, 51)","rgb(235, 246, 255)","rgb(51,51,51)","rgb(235,246,255)",11.53,11.53,1,1,0,0
637,div,"rgb(51, 51, 51)","rgb(255, 255, 255)","rgb(51,51,51)","rgb(255,255,255)",12.63,12.63,1,1,0,0
639,div,"rgb(2, 2, 3)","rgb(18, 18, 24)","rgb(2,2,3)","rgb(18,18,24)",1.11,1.11,0,0,0,0
639,a,"rgb(255, 255, 255)","rgb(2, 2, 3)","rgb(255,255,255)","rgb(2,2,3)",20.74,20.74,1,1,0,0
639,div,"rgb(2, 2, 3)","rgb(255, 93, 83)","rgb(2,2,3)","rgb(255,93,83)",6.86,6.86,1,1,0,0
639,button,"rgb(231, 29, 29)","rgb(221, 221, 222)","rgb(231,29,29)","rgb(221,221,222)",3.37,3.37,0,0,0,0
639,button,"rgb(231, 29, 29)","rgb(180, 253, 140)","rgb(231,29,29)","rgb(180,253,140)",3.78,3.78,0,0,0,0
639,div,"rgb(2, 2, 3)","rgb(252, 249, 90)","rgb(2,2,3)","rgb(252,249,90)",18.6,18.6,1,1,0,0
639,div,"rgb(2, 2, 3)","rgb(122, 42, 245)","rgb(2,2,3)","rgb(122,42,245)",3.43,3.43,0,0,0,0
639,a,"rgb(18, 18, 24)","rgb(254, 253, 159)","rgb(18,18,24)","rgb(254,253,159)",17.56,17.56,1,1,0,0
639,a,"rgb(18, 18, 24)","rgb(255, 129, 122)","rgb(18,18,24)","rgb(255,129,122)",7.71,7.71,1,1,0,0
639,div,"rgb(2, 2, 3)","rgb(255, 231, 229)","rgb(2,2,3)","rgb(255,231,229)",17.59,17.59,1,1,0,0
639,div,"rgb(2, 2, 3)","rgb(255, 254, 191)","rgb(2,2,3)","rgb(255,254,191)",19.93,19.93,1,1,0,0
639,div,"rgb(255, 255, 255)","rgb(122, 42, 245)","rgb(255,255,255)","rgb(122,42,245)",6.04,6.04,1,1,0,0
639,div,"rgb(255, 255, 255)","rgb(52, 0, 133)","rgb(255,255,255)","rgb(52,0,133)",14.14,14.14,1,1,0,0
639,button,"rgb(51, 51, 51)","rgb(255, 255, 255)","rgb(51,51,51)","rgb(255,255,255)",12.63,12.63,1,1,0,0
639,button,"rgb(255, 255, 255)","rgb(51, 51, 51)","rgb(255,255,255)","rgb(51,51,51)",12.63,12.63,1,1,0,0
640,a,"rgb(54, 54, 56)","rgb(235, 235, 240)","rgb(54,54,56)","rgb(235,235,240)",10.15,10.15,1,1,0,0
640,div,"rgb(0, 0, 0)","rgb(0, 0, 0)","rgb(0,0,0)","rgb(0,0,0)",1,1,0,0,0,0
640,a,"rgb(255, 255, 255)","rgb(235, 72, 59)","rgb(255,255,255)","rgb(235,72,59)",3.8,3.8,0,0,0,0
640,div,"rgb(0, 0, 0)","rgba(0, 0, 0, 0.05)","rgb(0,0,0)","rgb(242,242,242)",1,18.8,0,1,0,1
640,span,"rgb(255, 255, 255)","rgb(218, 16, 38)","rgb(255,255,255)","rgb(218,16,38)",5.14,5.14,1,1,0,0
640,div,"rgb(0, 0, 0)","rgb(255, 255, 255)","rgb(0,0,0)","rgb(255,255,255)",21,21,1,1,0,0
640,a,"rgb(255, 255, 255)","rgb(255, 50, 46)","rgb(255,255,255)","rgb(255,50,46)",3.65,3.65,0,0,0,0
643,div,"rgb(0, 0, 0)","rgb(245, 245, 245)","rgb(0,0,0)","rgb(245,245,245)",19.26,19.26,1,1,0,0
643,a,"rgb(255, 255, 255)","rgb(71, 51, 123)","rgb(255,255,255)","rgb(71,51,123)",10.36,10.36,1,1,0,0
643,div,"rgb(0, 0, 0)","rgb(255, 255, 255)","rgb(0,0,0)","rgb(255,255,255)",21,21,1,1,0,0
643,div,"rgb(0, 0, 0)","rgb(248, 247, 249)","rgb(0,0,0)","rgb(248,247,249)",19.66,19.66,1,1,0,0
643,a,"rgb(18, 0, 212)","rgb(255, 255, 255)","rgb(18,0,212)","rgb(255,255,255)",10.63,10.63,1,1,0,0
643,span,"rgb(0, 0, 0)","rgb(255, 228, 163)","rgb(0,0,0)","rgb(255,228,163)",16.88,16.88,1,1,0,0
643,button,"rgb(255, 255, 255)","rgb(75, 50, 127)","rgb(255,255,255)","rgb(75,50,127)",10.18,10.18,1,1,0,0
644,div,"rgb(0, 0, 0)","rgb(244, 243, 236)","rgb(0,0,0)","rgb(244,243,236)",18.88,18.88,1,1,0,0
644,a,"rgb(255, 255, 255)","rgb(0, 0, 0)","rgb(255,255,255)","rgb(0,0,0)",21,21,1,1,0,0
644,div,"rgb(17, 17, 17)","rgb(255, 255, 255)","rgb(17,17,17)","rgb(255,255,255)",18.88,18.88,1,1,0,0
644,a,"rgb(255, 255, 255)","rgb(17, 17, 17)","rgb(255,255,255)","rgb(17,17,17)",18.88,18.88,1,1,0,0
644,button,"rgb(17, 17, 17)","rgb(250, 249, 246)","rgb(17,17,17)","rgb(250,249,246)",17.94,17.94,1,1,0,0
644,div,"rgb(17, 17, 17)","rgb(241, 238, 233)","rgb(17,17,17)","rgb(241,238,233)",16.32,16.32,1,1,0,0
644,div,"rgb(0, 0, 0)","rgb(255, 255, 255)","rgb(0,0,0)","rgb(255,255,255)",21,21,1,1,0,0
645,div,"rgb(33, 33, 33)","rgb(241, 244, 246)","rgb(33,33,33)","rgb(241,244,246)",14.58,14.58,1,1,0,0
645,button,"rgb(255, 255, 255)","rgb(0, 119, 212)","rgb(255,255,255)","rgb(0,119,212)",4.58,4.58,1,1,0,0
646,div,"rgb(252, 252, 252)","rgb(88, 49, 96)","rgb(252,252,252)","rgb(88,49,96)",10.12,10.12,1,1,0,0
646,div,"rgb(34, 38, 41)","rgb(252, 252, 252)","rgb(34,38,41)","rgb(252,252,252)",14.86,14.86,1,1,0,0
646,a,"rgb(34, 38, 41)","rgb(156, 220, 0)","rgb(34,38,41)","rgb(156,220,0)",9.19,9.19,1,1,0,0
646,div,"rgb(34, 38, 41)","rgb(241, 241, 241)","rgb(34,38,41)","rgb(241,241,241)",13.5,13.5,1,1,0,0
646,li,"rgb(66, 69, 72)","rgb(156, 220, 0)","rgb(66,69,72)","rgb(156,220,0)",5.81,5.81,1,1,0,0
646,li,"rgb(66, 69, 72)","rgb(241, 241, 241)","rgb(66,69,72)","rgb(241,241,241)",8.54,8.54,1,1,0,0
646,div,"rgb(34, 38, 41)","rgb(248, 248, 248)","rgb(34,38,41)","rgb(248,248,248)",14.36,14.36,1,1,0,0
646,div,"rgb(34, 38, 41)","rgb(88, 49, 96)","rgb(34,38,41)","rgb(88,49,96)",1.47,1.47,0,0,0,0
646,div,"rgb(34, 38, 41)","rgb(255, 255, 255)","rgb(34,38,41)","rgb(255,255,255)",15.25,15.25,1,1,0,0
646,button,"rgb(66, 69, 72)","rgb(252, 252, 252)","rgb(66,69,72)","rgb(252,252,252)",9.4,9.4,1,1,0,0
646,button,"rgb(0, 27, 45)","rgb(139, 195, 0)","rgb(0,27,45)","rgb(139,195,0)",8.29,8.29,1,1,0,0
647,a,"rgb(255, 255, 255)","rgb(27, 183, 110)","rgb(255,255,255)","rgb(27,183,110)",2.61,2.61,0,0,0,0
647,a,"rgb(255, 255, 255)","rgb(255, 81, 186)","rgb(255,255,255)","rgb(255,81,186)",2.94,2.94,0,0,0,0
647,a,"rgb(255, 255, 255)","rgb(255, 125, 0)","rgb(255,255,255)","rgb(255,125,0)",2.57,2.57,0,0,0,0
647,div,"rgb(24, 21, 68)","rgb(255, 211, 0)","rgb(24,21,68)","rgb(255,211,0)",11.85,11.85,1,1,0,0
647,a,"rgb(1, 185, 107)","rgba(121, 67, 200, 0.8)","rgb(1,185,107)","rgb(148,105,211)",2.36,1.57,0,0,0,0
647,div,"rgb(255, 255, 255)","rgb(50, 141, 103)","rgb(255,255,255)","rgb(50,141,103)",4.08,4.08,0,0,0,0
647,div,"rgb(255, 255, 255)","rgb(99, 56, 117)","rgb(255,255,255)","rgb(99,56,117)",8.92,8.92,1,1,0,0
647,div,"rgb(255, 255, 255)","rgb(96, 174, 187)","rgb(255,255,255)","rgb(96,174,187)",2.54,2.54,0,0,0,0
647,div,"rgb(255, 255, 255)","rgb(105, 154, 175)","rgb(255,255,255)","rgb(105,154,175)",3.07,3.07,0,0,0,0
647,div,"rgb(255, 255, 255)","rgb(48, 129, 74)","rgb(255,255,255)","rgb(48,129,74)",4.81,4.81,1,1,0,0
647,div,"rgb(255, 255, 255)","rgb(177, 106, 193)","rgb(255,255,255)","rgb(177,106,193)",3.68,3.68,0,0,0,0
647,a,"rgb(255, 255, 255)","rgb(46, 48, 53)","rgb(255,255,255)","rgb(46,48,53)",13.2,13.2,1,1,0,0
647,div,"rgb(255, 255, 255)","rgb(71, 74, 81)","rgb(255,255,255)","rgb(71,74,81)",8.87,8.87,1,1,0,0
647,div,"rgb(186, 190, 196)","rgba(0, 0, 0, 0.08)","rgb(186,190,196)","rgb(235,235,235)",11.25,1.56,1,0,1,0
647,div,"rgb(255, 255, 255)","rgb(70, 75, 87)","rgb(255,255,255)","rgb(70,75,87)",8.73,8.73,1,1,0,0
647,button,"rgb(0, 0, 0)","rgb(70, 75, 87)","rgb(0,0,0)","rgb(70,75,87)",2.4,2.4,0,0,0,0
647,div,"rgb(255, 255, 255)","rgb(51, 53, 59)","rgb(255,255,255)","rgb(51,53,59)",12.26,12.26,1,1,0,0
647,div,"rgb(0, 0, 0)","rgb(255, 255, 255)","rgb(0,0,0)","rgb(255,255,255)",21,21,1,1,0,0
648,div,"rgb(15, 17, 17)","rgb(255, 255, 255)","rgb(15,17,17)","rgb(255,255,255)",18.94,18.94,1,1,0,0
648,span,"rgb(15, 17, 17)","rgb(255, 216, 20)","rgb(15,17,17)","rgb(255,216,20)",13.61,13.61,1,1,0,0
648,span,"rgb(15, 17, 17)","rgb(240, 242, 242)","rgb(15,17,17)","rgb(240,242,242)",16.86,16.86,1,1,0,0
648,div,"rgb(15, 17, 17)","rgb(19, 25, 33)","rgb(15,17,17)","rgb(19,25,33)",1.07,1.07,0,0,0,0
648,div,"rgb(15, 17, 17)","rgb(230, 230, 230)","rgb(15,17,17)","rgb(230,230,230)",15.18,15.18,1,1,0,0
648,div,"rgb(15, 17, 17)","rgb(35, 47, 62)","rgb(15,17,17)","rgb(35,47,62)",1.4,1.4,0,0,0,0
648,div,"rgb(15, 17, 17)","rgb(227, 230, 230)","rgb(15,17,17)","rgb(227,230,230)",15.09,15.09,1,1,0,0
648,div,"rgb(15, 17, 17)","rgb(35, 35, 35)","rgb(15,17,17)","rgb(35,35,35)",1.21,1.21,0,0,0,0
648,div,"rgb(255, 255, 255)","rgb(0, 0, 0)","rgb(255,255,255)","rgb(0,0,0)",21,21,1,1,0,0
648,button,"rgb(255, 255, 255)","rgba(15, 17, 17, 0.6)","rgb(255,255,255)","rgb(111,112,112)",18.94,4.96,1,1,0,0
648,div,"rgb(255, 255, 255)","rgb(55, 71, 90)","rgb(255,255,255)","rgb(55,71,90)",9.5,9.5,1,1,0,0
648,div,"rgb(221, 221, 221)","rgb(19, 26, 34)","rgb(221,221,221)","rgb(19,26,34)",12.9,12.9,1,1,0,0
649,div,"rgb(33, 38, 35)","rgb(86, 49, 234)","rgb(33,38,35)","rgb(86,49,234)",2.21,2.21,0,0,0,0
649,div,"rgb(33, 38, 35)","rgb(33, 38, 35)","rgb(33,38,35)","rgb(33,38,35)",1,1,0,0,0,0
649,div,"rgb(255, 255, 255)","rgb(10, 137, 53)","rgb(255,255,255)","rgb(10,137,53)",4.52,4.52,1,1,0,0
649,div,"rgb(33, 38, 35)","rgb(10, 137, 53)","rgb(33,38,35)","rgb(10,137,53)",3.4,3.4,0,0,0,0
649,button,"rgb(0, 0, 0)","rgb(255, 255, 255)","rgb(0,0,0)","rgb(255,255,255)",21,21,1,1,0,0
649,button,"rgb(83, 85, 84)","rgb(210, 220, 215)","rgb(83,85,84)","rgb(210,220,215)",5.35,5.35,1,1,0,0
649,div,"rgb(255, 255, 255)","rgb(33, 38, 35)","rgb(255,255,255)","rgb(33,38,35)",15.37,15.37,1,1,0,0
649,div,"rgb(33, 38, 35)","rgb(242, 246, 115)","rgb(33,38,35)","rgb(242,246,115)",13.33,13.33,1,1,0,0
649,div,"rgb(33, 38, 35)","rgb(237, 241, 239)","rgb(33,38,35)","rgb(237,241,239)",13.49,13.49,1,1,0,0
650,a,"rgb(255, 255, 255)","rgb(11, 87, 208)","rgb(255,255,255)","rgb(11,87,208)",6.39,6.39,1,1,0,0
650,div,"rgb(31, 31, 31)","rgb(255, 255, 255)","rgb(31,31,31)","rgb(255,255,255)",16.48,16.48,1,1,0,0
650,div,"rgb(31, 31, 31)","rgb(243, 245, 246)","rgb(31,31,31)","rgb(243,245,246)",15.07,15.07,1,1,0,0
650,div,"rgb(11, 87, 208)","rgb(232, 240, 254)","rgb(11,87,208)","rgb(232,240,254)",5.57,5.57,1,1,0,0
650,div,"rgb(11, 87, 208)","rgb(255, 255, 255)","rgb(11,87,208)","rgb(255,255,255)",6.39,6.39,1,1,0,0
650,div,"rgb(71, 71, 71)","rgb(241, 243, 244)","rgb(71,71,71)","rgb(241,243,244)",8.35,8.35,1,1,0,0
652,a,"rgb(255, 255, 255)","rgb(51, 51, 51)","rgb(255,255,255)","rgb(51,51,51)",12.63,12.63,1,1,0,0
652,section,"rgb(51, 51, 51)","rgb(234, 234, 234)","rgb(51,51,51)","rgb(234,234,234)",10.5,10.5,1,1,0,0
652,div,"rgb(27, 27, 27)","rgb(255, 255, 255)","rgb(27,27,27)","rgb(255,255,255)",17.22,17.22,1,1,0,0
652,button,"rgb(255, 255, 255)","rgb(0, 94, 162)","rgb(255,255,255)","rgb(0,94,162)",6.72,6.72,1,1,0,0
652,section,"rgb(27, 27, 27)","rgb(240, 240, 240)","rgb(27,27,27)","rgb(240,240,240)",15.11,15.11,1,1,0,0
655,div,"rgb(25, 25, 25)","rgb(248, 247, 242)","rgb(25,25,25)","rgb(248,247,242)",16.39,16.39,1,1,0,0
655,div,"rgb(128, 128, 128)","rgb(248, 247, 242)","rgb(128,128,128)","rgb(248,247,242)",3.68,3.68,0,0,0,0
655,span,"rgb(101, 100, 99)","rgb(255, 255, 255)","rgb(101,100,99)","rgb(255,255,255)",5.9,5.9,1,1,0,0
655,button,"rgb(255, 255, 255)","rgb(24, 97, 245)","rgb(255,255,255)","rgb(24,97,245)",5.16,5.16,1,1,0,0
655,div,"rgb(25, 25, 25)","rgb(255, 255, 255)","rgb(25,25,25)","rgb(255,255,255)",17.58,17.58,1,1,0,0
655,section,"rgb(25, 25, 25)","rgb(232, 239, 255)","rgb(25,25,25)","rgb(232,239,255)",15.26,15.26,1,1,0,0
655,button,"rgb(0, 0, 0)","rgb(240, 240, 240)","rgb(0,0,0)","rgb(240,240,240)",18.43,18.43,1,1,0,0
655,span,"rgb(24, 97, 245)","rgb(255, 255, 255)","rgb(24,97,245)","rgb(255,255,255)",5.16,5.16,1,1,0,0
656,a,"rgb(255, 255, 255)","rgb(31, 105, 224)","rgb(255,255,255)","rgb(31,105,224)",5.05,5.05,1,1,0,0
656,section,"rgb(0, 0, 0)","rgb(255, 255, 255)","rgb(0,0,0)","rgb(255,255,255)",21,21,1,1,0,0
656,button,"rgb(0, 0, 0)","rgb(31, 105, 224)","rgb(0,0,0)","rgb(31,105,224)",4.16,4.16,0,0,0,0
656,div,"rgb(0, 0, 0)","rgb(249, 250, 255)","rgb(0,0,0)","rgb(249,250,255)",20.15,20.15,1,1,0,0
656,span,"rgb(69, 139, 250)","rgb(237, 244, 255)","rgb(69,139,250)","rgb(237,244,255)",3,3,0,0,0,0
656,span,"rgb(251, 126, 51)","rgb(254, 241, 234)","rgb(251,126,51)","rgb(254,241,234)",2.33,2.33,0,0,0,0
656,span,"rgb(134, 197, 107)","rgb(233, 246, 227)","rgb(134,197,107)","rgb(233,246,227)",1.84,1.84,0,0,0,0
656,span,"rgb(255, 73, 73)","rgb(254, 241, 241)","rgb(255,73,73)","rgb(254,241,241)",3.03,3.03,0,0,0,0
656,span,"rgb(137, 124, 235)","rgb(244, 243, 253)","rgb(137,124,235)","rgb(244,243,253)",3.11,3.11,0,0,0,0
656,div,"rgb(0, 0, 0)","rgb(27, 34, 55)","rgb(0,0,0)","rgb(27,34,55)",1.33,1.33,0,0,0,0
656,span,"rgb(255, 255, 255)","rgba(255, 255, 255, 0.05)","rgb(255,255,255)","rgb(255,255,255)",1,1,0,0,0,0
656,div,"rgb(0, 0, 0)","rgb(240, 242, 245)","rgb(0,0,0)","rgb(240,242,245)",18.72,18.72,1,1,0,0
656,span,"rgb(0, 0, 0)","rgba(0, 0, 0, 0.05)","rgb(0,0,0)","rgb(242,242,242)",1,18.8,0,1,0,1
656,button,"rgba(0, 0, 0, 0.6)","rgba(0, 0, 0, 0.1)","rgb(92,92,92)","rgb(230,230,230)",1,5.35,0,1,0,1
658,div,"rgb(255, 255, 255)","rgb(0, 115, 236)","rgb(255,255,255)","rgb(0,115,236)",4.5,4.5,1,1,0,0
658,div,"rgb(0, 0, 0)","rgb(255, 255, 255)","rgb(0,0,0)","rgb(255,255,255)",21,21,1,1,0,0
658,span,"rgb(255, 255, 255)","rgb(166, 68, 229)","rgb(255,255,255)","rgb(166,68,229)",4.59,4.59,1,1,0,0
658,section,"rgb(255, 255, 255)","rgb(0, 0, 0)","rgb(255,255,255)","rgb(0,0,0)",21,21,1,1,0,0
658,span,"rgb(0, 115, 236)","rgba(0, 115, 236, 0.2)","rgb(0,115,236)","rgb(204,227,251)",1,3.42,0,0,0,0
658,div,"rgb(255, 255, 255)","rgba(255, 255, 255, 0.06)","rgb(255,255,255)","rgb(255,255,255)",1,1,0,0,0,0
658,div,"rgb(0, 0, 0)","rgb(244, 246, 249)","rgb(0,0,0)","rgb(244,246,249)",19.4,19.4,1,1,0,0
658,a,"rgb(255, 255, 255)","rgb(255, 255, 255)","rgb(255,255,255)","rgb(255,255,255)",1,1,0,0,0,0
658,span,"rgb(0, 202, 170)","rgba(0, 202, 170, 0.2)","rgb(0,202,170)","rgb(204,244,238)",1,1.77,0,0,0,0
658,div,"rgb(255, 255, 255)","rgb(17, 17, 17)","rgb(255,255,255)","rgb(17,17,17)",18.88,18.88,1,1,0,0
658,div,"rgb(0, 0, 0)","rgba(0, 115, 236, 0.15)","rgb(0,0,0)","rgb(217,234,252)",4.66,17.12,1,1,0,0
658,div,"rgb(0, 0, 0)","rgba(255, 255, 255, 0.7)","rgb(0,0,0)","rgb(255,255,255)",21,21,1,1,0,0
660,div,"rgb(0, 0, 0)","rgb(244, 248, 251)","rgb(0,0,0)","rgb(244,248,251)",19.67,19.67,1,1,0,0
660,button,"rgb(255, 255, 255)","rgb(0, 112, 60)","rgb(255,255,255)","rgb(0,112,60)",6.21,6.21,1,1,0,0
660,div,"rgb(0, 0, 0)","rgb(29, 112, 184)","rgb(0,0,0)","rgb(29,112,184)",4.06,4.06,0,0,0,0
660,a,"rgb(255, 255, 255)","rgb(29, 112, 184)","rgb(255,255,255)","rgb(29,112,184)",5.17,5.17,1,1,0,0
660,div,"rgb(0, 0, 0)","rgb(255, 255, 255)","rgb(0,0,0)","rgb(255,255,255)",21,21,1,1,0,0
660,button,"rgb(29, 112, 184)","rgb(210, 226, 241)","rgb(29,112,184)","rgb(210,226,241)",3.91,3.91,0,0,0,0
660,div,"rgb(11, 12, 12)","rgb(244, 248, 251)","rgb(11,12,12)","rgb(244,248,251)",18.34,18.34,1,1,0,0
663,div,"rgb(68, 68, 68)","rgb(245, 245, 245)","rgb(68,68,68)","rgb(245,245,245)",8.93,8.93,1,1,0,0
665,div,"rgb(33, 25, 34)","rgb(230, 0, 35)","rgb(33,25,34)","rgb(230,0,35)",3.58,3.58,0,0,0,0
665,a,"rgb(33, 25, 34)","rgba(255, 255, 255, 0)","rgb(33,25,34)","rgb(255,255,255)",17.12,17.12,1,1,0,0
665,button,"rgb(0, 0, 0)","rgb(230, 0, 35)","rgb(0,0,0)","rgb(230,0,35)",4.39,4.39,0,0,0,0
665,button,"rgb(0, 0, 0)","rgb(229, 229, 224)","rgb(0,0,0)","rgb(229,229,224)",16.62,16.62,1,1,0,0
665,div,"rgb(33, 25, 34)","rgb(255, 255, 255)","rgb(33,25,34)","rgb(255,255,255)",17.12,17.12,1,1,0,0
665,div,"rgb(33, 25, 34)","rgb(229, 229, 224)","rgb(33,25,34)","rgb(229,229,224)",13.54,13.54,1,1,0,0
666,div,"rgb(0, 0, 0)","rgb(255, 255, 255)","rgb(0,0,0)","rgb(255,255,255)",21,21,1,1,0,0
673,p,"rgb(233, 235, 241)","rgb(16, 20, 29)","rgb(233,235,241)","rgb(16,20,29)",15.46,15.46,1,1,0,0
673,button,"rgb(233, 235, 241)","rgb(255, 255, 255)","rgb(233,235,241)","rgb(255,255,255)",1.19,1.19,0,0,0,0
673,a,"rgb(16, 20, 29)","rgb(255, 255, 255)","rgb(16,20,29)","rgb(255,255,255)",18.42,18.42,1,1,0,0
673,a,"rgb(233, 235, 241)","rgb(25, 75, 255)","rgb(233,235,241)","rgb(25,75,255)",5.05,5.05,1,1,0,0
673,a,"rgb(16, 20, 29)","rgb(233, 235, 241)","rgb(16,20,29)","rgb(233,235,241)",15.46,15.46,1,1,0,0
673,div,"rgb(233, 235, 241)","rgba(25, 30, 40, 0.9)","rgb(233,235,241)","rgb(48,52,61)",14.01,10.4,1,1,0,0
673,a,"rgb(233, 235, 241)","rgb(35, 40, 52)","rgb(233,235,241)","rgb(35,40,52)",12.37,12.37,1,1,0,0
674,a,"rgb(35, 30, 21)","rgb(255, 224, 27)","rgb(35,30,21)","rgb(255,224,27)",12.56,12.56,1,1,0,0
674,a,"rgb(35, 30, 21)","rgba(35, 30, 21, 0)","rgb(35,30,21)","rgb(255,255,255)",1,16.56,0,1,0,1
674,section,"rgb(0, 0, 0)","rgb(245, 245, 245)","rgb(0,0,0)","rgb(245,245,245)",19.26,19.26,1,1,0,0
674,section,"rgb(0, 0, 0)","rgb(35, 30, 21)","rgb(0,0,0)","rgb(35,30,21)",1.27,1.27,0,0,0,0
674,button,"rgb(255, 255, 255)","rgba(35, 30, 21, 0)","rgb(255,255,255)","rgb(255,255,255)",16.56,1,1,0,1,0
674,section,"rgb(0, 0, 0)","rgb(255, 255, 255)","rgb(0,0,0)","rgb(255,255,255)",21,21,1,1,0,0
674,a,"rgb(255, 255, 255)","rgb(35, 30, 21)","rgb(255,255,255)","rgb(35,30,21)",16.56,16.56,1,1,0,0
674,label,"rgb(35, 30, 21)","rgb(255, 255, 255)","rgb(35,30,21)","rgb(255,255,255)",16.56,16.56,1,1,0,0
674,div,"rgb(0, 0, 0)","rgb(235, 225, 205)","rgb(0,0,0)","rgb(235,225,205)",16.18,16.18,1,1,0,0
674,button,"rgb(255, 255, 255)","rgb(36, 28, 21)","rgb(255,255,255)","rgb(36,28,21)",16.77,16.77,1,1,0,0
677,div,"rgb(43, 46, 46)","rgb(251, 251, 251)","rgb(43,46,46)","rgb(251,251,251)",13.24,13.24,1,1,0,0
677,div,"rgb(255, 255, 255)","rgba(0, 0, 0, 0.1)","rgb(255,255,255)","rgb(230,230,230)",21,1.25,1,0,1,0
677,div,"rgb(43, 46, 46)","rgb(255, 255, 255)","rgb(43,46,46)","rgb(255,255,255)",13.7,13.7,1,1,0,0
677,div,"rgb(255, 255, 255)","rgb(0, 82, 217)","rgb(255,255,255)","rgb(0,82,217)",6.54,6.54,1,1,0,0
677,div,"rgb(255, 255, 255)","rgb(0, 169, 206)","rgb(255,255,255)","rgb(0,169,206)",2.78,2.78,0,0,0,0
677,div,"rgb(43, 46, 46)","rgb(216, 215, 223)","rgb(43,46,46)","rgb(216,215,223)",9.59,9.59,1,1,0,0
677,div,"rgb(255, 255, 255)","rgb(27, 31, 37)","rgb(255,255,255)","rgb(27,31,37)",16.54,16.54,1,1,0,0
677,div,"rgb(42, 46, 46)","rgb(242, 243, 245)","rgb(42,46,46)","rgb(242,243,245)",12.37,12.37,1,1,0,0
678,button,"rgb(255, 255, 255)","rgb(105, 105, 105)","rgb(255,255,255)","rgb(105,105,105)",5.49,5.49,1,1,0,0
678,button,"rgb(255, 255, 255)","rgb(235, 0, 40)","rgb(255,255,255)","rgb(235,0,40)",4.6,4.6,1,1,0,0
678,div,"rgb(0, 0, 0)","rgb(255, 255, 255)","rgb(0,0,0)","rgb(255,255,255)",21,21,1,1,0,0
678,div,"rgb(255, 255, 255)","rgb(217, 30, 24)","rgb(255,255,255)","rgb(217,30,24)",5.06,5.06,1,1,0,0
678,div,"rgb(18, 18, 18)","rgb(255, 255, 255)","rgb(18,18,18)","rgb(255,255,255)",18.73,18.73,1,1,0,0
678,section,"rgb(18, 18, 18)","rgb(0, 0, 0)","rgb(18,18,18)","rgb(0,0,0)",1.12,1.12,0,0,0,0
678,div,"rgb(18, 18, 18)","rgba(255, 255, 255, 0.3)","rgb(18,18,18)","rgb(255,255,255)",18.73,18.73,1,1,0,0
678,p,"rgb(255, 255, 255)","rgb(38, 38, 38)","rgb(255,255,255)","rgb(38,38,38)",15.13,15.13,1,1,0,0
678,div,"rgb(18, 18, 18)","rgb(18, 18, 18)","rgb(18,18,18)","rgb(18,18,18)",1,1,0,0,0,0
678,div,"rgb(255, 255, 255)","rgb(18, 18, 18)","rgb(255,255,255)","rgb(18,18,18)",18.73,18.73,1,1,0,0
678,div,"rgb(18, 18, 18)","rgb(246, 246, 246)","rgb(18,18,18)","rgb(246,246,246)",17.33,17.33,1,1,0,0
678,div,"rgb(18, 18, 18)","rgb(38, 38, 38)","rgb(18,18,18)","rgb(38,38,38)",1.24,1.24,0,0,0,0
678,button,"rgb(59, 58, 62)","rgb(170, 170, 171)","rgb(59,58,62)","rgb(170,170,171)",4.86,4.86,1,1,0,0
678,div,"rgb(0, 0, 0)","rgb(18, 18, 18)","rgb(0,0,0)","rgb(18,18,18)",1.12,1.12,0,0,0,0
681,div,"rgb(42, 48, 60)","rgb(24, 26, 30)","rgb(42,48,60)","rgb(24,26,30)",1.32,1.32,0,0,0,0
681,a,"rgb(20, 15, 0)","rgb(255, 199, 0)","rgb(20,15,0)","rgb(255,199,0)",12.22,12.22,1,1,0,0
681,div,"rgb(42, 48, 60)","rgb(255, 255, 255)","rgb(42,48,60)","rgb(255,255,255)",13.24,13.24,1,1,0,0
681,div,"rgb(42, 48, 60)","rgb(245, 246, 248)","rgb(42,48,60)","rgb(245,246,248)",12.24,12.24,1,1,0,0
681,div,"rgb(255, 255, 255)","rgb(199, 41, 41)","rgb(255,255,255)","rgb(199,41,41)",5.56,5.56,1,1,0,0
681,div,"rgb(255, 255, 255)","rgb(42, 48, 60)","rgb(255,255,255)","rgb(42,48,60)",13.24,13.24,1,1,0,0
681,div,"rgb(42, 48, 60)","rgb(244, 249, 251)","rgb(42,48,60)","rgb(244,249,251)",12.47,12.47,1,1,0,0
681,div,"rgb(56, 63, 78)","rgb(255, 255, 255)","rgb(56,63,78)","rgb(255,255,255)",10.56,10.56,1,1,0,0
681,button,"rgb(255, 255, 255)","rgb(42, 48, 59)","rgb(255,255,255)","rgb(42,48,59)",13.25,13.25,1,1,0,0
681,a,"rgb(42, 48, 59)","rgb(255, 255, 255)","rgb(42,48,59)","rgb(255,255,255)",13.25,13.25,1,1,0,0
682,a,"rgb(129, 29, 0)","rgb(255, 255, 255)","rgb(129,29,0)","rgb(255,255,255)",9.96,9.96,1,1,0,0
682,div,"rgb(0, 0, 0)","rgb(230, 68, 21)","rgb(0,0,0)","rgb(230,68,21)",5.2,5.2,1,1,0,0
682,a,"rgb(255, 255, 255)","rgb(230, 68, 21)","rgb(255,255,255)","rgb(230,68,21)",4.04,4.04,0,0,0,0
682,a,"rgb(230, 68, 21)","rgb(255, 255, 255)","rgb(230,68,21)","rgb(255,255,255)",4.04,4.04,0,0,0,0
682,div,"rgb(0, 0, 0)","rgb(255, 255, 255)","rgb(0,0,0)","rgb(255,255,255)",21,21,1,1,0,0
682,div,"rgb(0, 0, 0)","rgb(241, 239, 237)","rgb(0,0,0)","rgb(241,239,237)",18.31,18.31,1,1,0,0
682,div,"rgb(0, 0, 0)","rgb(47, 45, 43)","rgb(0,0,0)","rgb(47,45,43)",1.53,1.53,0,0,0,0
682,div,"rgb(0, 0, 0)","rgb(0, 0, 0)","rgb(0,0,0)","rgb(0,0,0)",1,1,0,0,0,0
683,div,"rgb(28, 30, 33)","rgb(255, 255, 255)","rgb(28,30,33)","rgb(255,255,255)",16.71,16.71,1,1,0,0
683,div,"rgb(28, 30, 33)","rgba(255, 255, 255, 0.2)","rgb(28,30,33)","rgb(255,255,255)",16.71,16.71,1,1,0,0
683,div,"rgb(28, 30, 33)","rgb(0, 100, 224)","rgb(28,30,33)","rgb(0,100,224)",3.1,3.1,0,0,0,0
683,div,"rgb(56, 88, 152)","rgba(255, 255, 255, 0.2)","rgb(56,88,152)","rgb(255,255,255)",6.96,6.96,1,1,0,0
683,div,"rgb(28, 30, 33)","rgb(228, 230, 235)","rgb(28,30,33)","rgb(228,230,235)",13.38,13.38,1,1,0,0
685,div,"rgb(51, 51, 51)","rgb(255, 255, 255)","rgb(51,51,51)","rgb(255,255,255)",12.63,12.63,1,1,0,0
685,a,"rgb(255, 255, 255)","rgb(60, 76, 252)","rgb(255,255,255)","rgb(60,76,252)",5.78,5.78,1,1,0,0
689,div,"rgb(0, 0, 0)","rgb(255, 255, 255)","rgb(0,0,0)","rgb(255,255,255)",21,21,1,1,0,0
689,div,"rgb(0, 0, 0)","rgb(247, 249, 251)","rgb(0,0,0)","rgb(247,249,251)",19.9,19.9,1,1,0,0
689,div,"rgb(255, 255, 255)","rgb(0, 0, 0)","rgb(255,255,255)","rgb(0,0,0)",21,21,1,1,0,0
689,div,"rgb(0, 0, 0)","rgb(16, 16, 16)","rgb(0,0,0)","rgb(16,16,16)",1.1,1.1,0,0,0,0
695,div,"rgb(11, 0, 10)","rgb(255, 255, 255)","rgb(11,0,10)","rgb(255,255,255)",20.62,20.62,1,1,0,0
695,a,"rgb(255, 255, 255)","rgb(0, 178, 62)","rgb(255,255,255)","rgb(0,178,62)",2.82,2.82,0,0,0,0
695,a,"rgb(11, 0, 10)","rgb(243, 247, 255)","rgb(11,0,10)","rgb(243,247,255)",19.2,19.2,1,1,0,0
695,a,"rgb(255, 255, 255)","rgb(177, 65, 245)","rgb(255,255,255)","rgb(177,65,245)",4.25,4.25,0,0,0,0
695,div,"rgb(11, 0, 10)","rgb(247, 243, 253)","rgb(11,0,10)","rgb(247,243,253)",18.84,18.84,1,1,0,0
695,div,"rgb(11, 0, 10)","rgb(238, 226, 255)","rgb(11,0,10)","rgb(238,226,255)",16.65,16.65,1,1,0,0
695,div,"rgb(11, 0, 10)","rgba(224, 227, 234, 0.4)","rgb(11,0,10)","rgb(243,244,247)",16.05,18.7,1,1,0,0
695,span,"rgb(255, 255, 255)","rgb(44, 197, 246)","rgb(255,255,255)","rgb(44,197,246)",2.01,2.01,0,0,0,0
695,div,"rgb(11, 0, 10)","rgb(193, 240, 255)","rgb(11,0,10)","rgb(193,240,255)",16.86,16.86,1,1,0,0
695,div,"rgb(11, 0, 10)","rgba(137, 0, 255, 0.2)","rgb(11,0,10)","rgb(231,204,255)",3.44,14.23,0,1,0,1
695,div,"rgb(11, 0, 10)","rgb(177, 65, 245)","rgb(11,0,10)","rgb(177,65,245)",4.85,4.85,1,1,0,0
695,div,"rgba(255, 255, 255, 0.7)","rgb(137, 0, 255)","rgb(220,179,255)","rgb(137,0,255)",5.99,3.39,1,0,1,0
695,div,"rgb(82, 92, 105)","rgb(255, 255, 255)","rgb(82,92,105)","rgb(255,255,255)",6.79,6.79,1,1,0,0
695,a,"rgb(255, 255, 255)","rgb(57, 71, 93)","rgb(255,255,255)","rgb(57,71,93)",9.4,9.4,1,1,0,0
695,a,"rgb(255, 255, 255)","rgb(137, 115, 225)","rgb(255,255,255)","rgb(137,115,225)",3.75,3.75,0,0,0,0
695,a,"rgb(255, 255, 255)","rgb(56, 139, 245)","rgb(255,255,255)","rgb(56,139,245)",3.4,3.4,0,0,0,0
695,a,"rgb(255, 255, 255)","rgb(245, 124, 56)","rgb(255,255,255)","rgb(245,124,56)",2.68,2.68,0,0,0,0
695,div,"rgb(11, 0, 10)","rgb(248, 250, 255)","rgb(11,0,10)","rgb(248,250,255)",19.74,19.74,1,1,0,0
695,a,"rgb(255, 255, 255)","rgb(47, 199, 247)","rgb(255,255,255)","rgb(47,199,247)",1.97,1.97,0,0,0,0
695,span,"rgb(255, 255, 255)","rgb(25, 174, 249)","rgb(255,255,255)","rgb(25,174,249)",2.48,2.48,0,0,0,0
697,span,"rgb(15, 17, 17)","rgb(240, 242, 242)","rgb(15,17,17)","rgb(240,242,242)",16.86,16.86,1,1,0,0
697,div,"rgb(15, 17, 17)","rgb(19, 25, 33)","rgb(15,17,17)","rgb(19,25,33)",1.07,1.07,0,0,0,0
697,div,"rgb(15, 17, 17)","rgb(230, 230, 230)","rgb(15,17,17)","rgb(230,230,230)",15.18,15.18,1,1,0,0
697,div,"rgb(15, 17, 17)","rgb(255, 255, 255)","rgb(15,17,17)","rgb(255,255,255)",18.94,18.94,1,1,0,0
697,div,"rgb(15, 17, 17)","rgb(35, 47, 62)","rgb(15,17,17)","rgb(35,47,62)",1.4,1.4,0,0,0,0
697,div,"rgb(15, 17, 17)","rgb(227, 230, 230)","rgb(15,17,17)","rgb(227,230,230)",15.09,15.09,1,1,0,0
697,div,"rgb(15, 17, 17)","rgb(0, 0, 0)","rgb(15,17,17)","rgb(0,0,0)",1.11,1.11,0,0,0,0
697,div,"rgb(255, 255, 255)","rgb(0, 0, 0)","rgb(255,255,255)","rgb(0,0,0)",21,21,1,1,0,0
697,div,"rgb(255, 255, 255)","rgb(72, 72, 72)","rgb(255,255,255)","rgb(72,72,72)",9.15,9.15,1,1,0,0
697,button,"rgb(255, 255, 255)","rgba(0, 0, 0, 0.6)","rgb(255,255,255)","rgb(102,102,102)",21,5.74,1,1,0,0
697,div,"rgb(0, 0, 0)","rgb(255, 255, 255)","rgb(0,0,0)","rgb(255,255,255)",21,21,1,1,0,0
697,span,"rgb(17, 17, 17)","rgb(255, 255, 255)","rgb(17,17,17)","rgb(255,255,255)",18.88,18.88,1,1,0,0
697,span,"rgb(255, 255, 255)","rgb(204, 12, 57)","rgb(255,255,255)","rgb(204,12,57)",5.71,5.71,1,1,0,0
697,span,"rgb(204, 12, 57)","rgb(255, 255, 255)","rgb(204,12,57)","rgb(255,255,255)",5.71,5.71,1,1,0,0
697,div,"rgb(255, 255, 255)","rgb(55, 71, 90)","rgb(255,255,255)","rgb(55,71,90)",9.5,9.5,1,1,0,0
697,div,"rgb(221, 221, 221)","rgb(19, 26, 34)","rgb(221,221,221)","rgb(19,26,34)",12.9,12.9,1,1,0,0
699,div,"rgb(16, 24, 40)","rgb(248, 248, 248)","rgb(16,24,40)","rgb(248,248,248)",16.71,16.71,1,1,0,0
699,div,"rgb(16, 24, 40)","rgb(255, 255, 255)","rgb(16,24,40)","rgb(255,255,255)",17.75,17.75,1,1,0,0
699,div,"rgb(87, 93, 104)","rgb(255, 255, 255)","rgb(87,93,104)","rgb(255,255,255)",6.62,6.62,1,1,0,0
699,button,"rgb(255, 255, 255)","rgb(119, 0, 255)","rgb(255,255,255)","rgb(119,0,255)",6.5,6.5,1,1,0,0
699,a,"rgb(16, 24, 40)","rgba(119, 0, 255, 0.1)","rgb(16,24,40)","rgb(241,230,255)",2.73,14.76,0,1,0,1
699,div,"rgb(255, 255, 255)","rgb(39, 58, 100)","rgb(255,255,255)","rgb(39,58,100)",11.2,11.2,1,1,0,0
699,div,"rgb(16, 24, 40)","rgb(255, 79, 18)","rgb(16,24,40)","rgb(255,79,18)",5.39,5.39,1,1,0,0
702,a,"rgb(255, 255, 255)","rgb(11, 87, 208)","rgb(255,255,255)","rgb(11,87,208)",6.39,6.39,1,1,0,0
702,div,"rgb(31, 31, 31)","rgb(255, 255, 255)","rgb(31,31,31)","rgb(255,255,255)",16.48,16.48,1,1,0,0
702,div,"rgb(31, 31, 31)","rgb(243, 245, 246)","rgb(31,31,31)","rgb(243,245,246)",15.07,15.07,1,1,0,0
702,div,"rgb(11, 87, 208)","rgb(232, 240, 254)","rgb(11,87,208)","rgb(232,240,254)",5.57,5.57,1,1,0,0
702,div,"rgb(11, 87, 208)","rgb(255, 255, 255)","rgb(11,87,208)","rgb(255,255,255)",6.39,6.39,1,1,0,0
702,div,"rgb(71, 71, 71)","rgb(241, 243, 244)","rgb(71,71,71)","rgb(241,243,244)",8.35,8.35,1,1,0,0
703,div,"rgb(255, 255, 255)","rgb(255, 255, 255)","rgb(255,255,255)","rgb(255,255,255)",1,1,0,0,0,0
703,a,"rgb(0, 0, 0)","rgb(248, 249, 250)","rgb(0,0,0)","rgb(248,249,250)",19.92,19.92,1,1,0,0
705,a,"rgb(248, 248, 249)","rgb(4, 16, 30)","rgb(248,248,249)","rgb(4,16,30)",18.02,18.02,1,1,0,0
705,div,"rgb(51, 51, 51)","rgb(249, 249, 251)","rgb(51,51,51)","rgb(249,249,251)",12.02,12.02,1,1,0,0
705,a,"rgb(248, 248, 249)","rgb(221, 20, 5)","rgb(248,248,249)","rgb(221,20,5)",4.74,4.74,1,1,0,0
705,section,"rgb(51, 51, 51)","rgb(255, 255, 255)","rgb(51,51,51)","rgb(255,255,255)",12.63,12.63,1,1,0,0
705,div,"rgb(51, 51, 51)","rgb(248, 248, 249)","rgb(51,51,51)","rgb(248,248,249)",11.9,11.9,1,1,0,0
705,section,"rgb(51, 51, 51)","rgb(70, 75, 80)","rgb(51,51,51)","rgb(70,75,80)",1.43,1.43,0,0,0,0
705,button,"rgb(4, 16, 30)","rgb(237, 237, 238)","rgb(4,16,30)","rgb(237,237,238)",16.35,16.35,1,1,0,0
706,button,"rgb(37, 46, 57)","rgb(255, 255, 255)","rgb(37,46,57)","rgb(255,255,255)",13.74,13.74,1,1,0,0
706,button,"rgb(255, 255, 255)","rgb(28, 231, 131)","rgb(255,255,255)","rgb(28,231,131)",1.64,1.64,0,0,0,0
706,a,"rgb(8, 15, 17)","rgb(0, 206, 124)","rgb(8,15,17)","rgb(0,206,124)",9.31,9.31,1,1,0,0
706,div,"rgb(8, 15, 17)","rgb(241, 240, 228)","rgb(8,15,17)","rgb(241,240,228)",16.86,16.86,1,1,0,0
706,a,"rgb(241, 240, 228)","rgb(8, 15, 17)","rgb(241,240,228)","rgb(8,15,17)",16.86,16.86,1,1,0,0
706,a,"rgb(8, 15, 17)","rgba(0, 0, 0, 0.05)","rgb(8,15,17)","rgb(242,242,242)",1.09,17.3,0,1,0,1
706,div,"rgb(8, 15, 17)","rgb(8, 15, 17)","rgb(8,15,17)","rgb(8,15,17)",1,1,0,0,0,0
706,div,"rgb(229, 228, 216)","rgb(8, 15, 17)","rgb(229,228,216)","rgb(8,15,17)",15.11,15.11,1,1,0,0
706,div,"rgb(8, 15, 17)","rgb(0, 0, 0)","rgb(8,15,17)","rgb(0,0,0)",1.09,1.09,0,0,0,0
706,div,"rgb(229, 228, 216)","rgb(21, 27, 32)","rgb(229,228,216)","rgb(21,27,32)",13.58,13.58,1,1,0,0
706,button,"rgb(229, 228, 216)","rgb(0, 0, 0)","rgb(229,228,216)","rgb(0,0,0)",16.42,16.42,1,1,0,0
706,div,"rgb(8, 15, 17)","rgb(163, 229, 229)","rgb(8,15,17)","rgb(163,229,229)",13.71,13.71,1,1,0,0
706,span,"rgb(8, 15, 17)","rgb(255, 127, 77)","rgb(8,15,17)","rgb(255,127,77)",7.72,7.72,1,1,0,0
706,div,"rgb(241, 240, 228)","rgb(253, 252, 240)","rgb(241,240,228)","rgb(253,252,240)",1.11,1.11,0,0,0,0
706,a,"rgb(8, 15, 17)","rgb(28, 231, 131)","rgb(8,15,17)","rgb(28,231,131)",11.79,11.79,1,1,0,0
706,div,"rgb(241, 240, 228)","rgb(241, 240, 228)","rgb(241,240,228)","rgb(241,240,228)",1,1,0,0,0,0
706,a,"rgb(8, 15, 17)","rgb(229, 228, 216)","rgb(8,15,17)","rgb(229,228,216)",15.11,15.11,1,1,0,0
706,div,"rgb(8, 15, 17)","rgb(1, 35, 60)","rgb(8,15,17)","rgb(1,35,60)",1.2,1.2,0,0,0,0
706,div,"rgb(241, 240, 228)","rgb(0, 0, 0)","rgb(241,240,228)","rgb(0,0,0)",18.32,18.32,1,1,0,0
706,a,"rgb(241, 240, 228)","rgb(21, 27, 32)","rgb(241,240,228)","rgb(21,27,32)",15.15,15.15,1,1,0,0
706,div,"rgb(137, 142, 145)","rgb(8, 15, 17)","rgb(137,142,145)","rgb(8,15,17)",5.84,5.84,1,1,0,0
707,div,"rgb(0, 0, 0)","rgb(255, 255, 255)","rgb(0,0,0)","rgb(255,255,255)",21,21,1,1,0,0
707,button,"rgb(255, 255, 255)","rgb(0, 149, 229)","rgb(255,255,255)","rgb(0,149,229)",3.27,3.27,0,0,0,0
707,div,"rgb(30, 40, 58)","rgb(255, 255, 255)","rgb(30,40,58)","rgb(255,255,255)",14.79,14.79,1,1,0,0
707,div,"rgb(30, 40, 58)","rgba(255, 255, 255, 0.83)","rgb(30,40,58)","rgb(255,255,255)",14.79,14.79,1,1,0,0
707,a,"rgb(255, 255, 255)","rgb(88, 195, 50)","rgb(255,255,255)","rgb(88,195,50)",2.27,2.27,0,0,0,0
707,div,"rgb(30, 40, 58)","rgb(30, 40, 58)","rgb(30,40,58)","rgb(30,40,58)",1,1,0,0,0,0
707,div,"rgb(30, 40, 58)","rgba(255, 255, 255, 0.6)","rgb(30,40,58)","rgb(255,255,255)",14.79,14.79,1,1,0,0
707,div,"rgb(30, 40, 58)","rgb(54, 63, 79)","rgb(30,40,58)","rgb(54,63,79)",1.4,1.4,0,0,0,0
707,button,"rgb(30, 40, 58)","rgb(78, 86, 100)","rgb(30,40,58)","rgb(78,86,100)",2,2,0,0,0,0
708,a,"rgb(247, 247, 244)","rgb(38, 37, 30)","rgb(247,247,244)","rgb(38,37,30)",14.33,14.33,1,1,0,0
708,div,"rgb(38, 37, 30)","rgb(242, 241, 237)","rgb(38,37,30)","rgb(242,241,237)",13.6,13.6,1,1,0,0
708,section,"rgb(38, 37, 30)","rgb(247, 247, 244)","rgb(38,37,30)","rgb(247,247,244)",14.33,14.33,1,1,0,0
708,a,"rgb(38, 37, 30)","rgb(230, 229, 224)","rgb(38,37,30)","rgb(230,229,224)",12.19,12.19,1,1,0,0
708,button,"rgb(38, 37, 30)","rgb(235, 234, 229)","rgb(38,37,30)","rgb(235,234,229)",12.76,12.76,1,1,0,0
708,div,"rgba(38, 37, 30, 0.55)","rgb(247, 247, 244)","rgb(132,132,126)","rgb(247,247,244)",14.33,3.52,1,0,1,0
708,button,"rgba(38, 37, 30, 0.55)","rgba(38, 37, 30, 0.06)","rgb(130,129,125)","rgb(242,242,242)",1,3.47,0,0,0,0
708,div,"rgb(58, 106, 159)","rgb(227, 235, 243)","rgb(58,106,159)","rgb(227,235,243)",4.66,4.66,1,1,0,0
708,button,"rgb(255, 255, 255)","rgb(192, 133, 50)","rgb(255,255,255)","rgb(192,133,50)",3.16,3.16,0,0,0,0
708,button,"rgb(192, 133, 50)","rgba(192, 133, 50, 0.15)","rgb(192,133,50)","rgb(246,237,224)",1,2.72,0,0,0,0
708,a,"rgb(255, 255, 255)","rgb(52, 120, 92)","rgb(255,255,255)","rgb(52,120,92)",5.27,5.27,1,1,0,0
708,span,"rgba(20, 20, 20, 0.92)","rgba(235, 234, 229, 0.35)","rgb(38,38,38)","rgb(248,248,246)",15.29,14.16,1,1,0,0
708,div,"rgb(38, 37, 30)","rgb(225, 224, 219)","rgb(38,37,30)","rgb(225,224,219)",11.63,11.63,1,1,0,0
709,div,"rgb(0, 0, 0)","rgb(255, 255, 255)","rgb(0,0,0)","rgb(255,255,255)",21,21,1,1,0,0
709,button,"rgb(255, 255, 255)","rgb(0, 108, 225)","rgb(255,255,255)","rgb(0,108,225)",4.96,4.96,1,1,0,0
709,div,"rgb(0, 0, 0)","rgb(245, 245, 245)","rgb(0,0,0)","rgb(245,245,245)",19.26,19.26,1,1,0,0
709,div,"rgb(102, 106, 115)","rgb(255, 255, 255)","rgb(102,106,115)","rgb(255,255,255)",5.42,5.42,1,1,0,0
709,div,"rgb(102, 106, 115)","rgb(245, 245, 245)","rgb(102,106,115)","rgb(245,245,245)",4.97,4.97,1,1,0,0
709,div,"rgb(0, 0, 0)","rgba(0, 0, 0, 0.6)","rgb(0,0,0)","rgb(102,102,102)",1,3.66,0,0,0,0
711,a,"rgb(255, 255, 255)","rgb(0, 112, 240)","rgb(255,255,255)","rgb(0,112,240)",4.59,4.59,1,1,0,0
711,div,"rgb(255, 255, 255)","rgb(14, 40, 102)","rgb(255,255,255)","rgb(14,40,102)",13.87,13.87,1,1,0,0
711,div,"rgb(34, 40, 53)","rgb(243, 244, 245)","rgb(34,40,53)","rgb(243,244,245)",13.4,13.4,1,1,0,0
711,div,"rgb(34, 40, 53)","rgb(30, 36, 46)","rgb(34,40,53)","rgb(30,36,46)",1.06,1.06,0,0,0,0
711,div,"rgb(40, 47, 61)","rgb(232, 233, 243)","rgb(40,47,61)","rgb(232,233,243)",11.11,11.11,1,1,0,0
711,div,"rgb(34, 40, 53)","rgb(255, 255, 255)","rgb(34,40,53)","rgb(255,255,255)",14.76,14.76,1,1,0,0
711,span,"rgb(0, 112, 240)","rgb(255, 255, 255)","rgb(0,112,240)","rgb(255,255,255)",4.59,4.59,1,1,0,0
715,div,"rgb(29, 34, 43)","rgb(255, 255, 255)","rgb(29,34,43)","rgb(255,255,255)",15.96,15.96,1,1,0,0
715,div,"rgb(29, 34, 40)","rgb(255, 255, 255)","rgb(29,34,40)","rgb(255,255,255)",16.01,16.01,1,1,0,0
715,button,"rgb(6, 91, 239)","rgb(255, 255, 255)","rgb(6,91,239)","rgb(255,255,255)",5.6,5.6,1,1,0,0
720,button,"rgba(0, 0, 0, 0.87)","rgb(255, 255, 255)","rgb(33,33,33)","rgb(255,255,255)",21,16.07,1,1,0,0
720,div,"rgba(0, 0, 0, 0.8)","rgb(255, 255, 255)","rgb(51,51,51)","rgb(255,255,255)",21,12.63,1,1,0,0
722,div,"rgb(255, 255, 255)","rgb(34, 34, 34)","rgb(255,255,255)","rgb(34,34,34)",15.91,15.91,1,1,0,0
722,div,"rgb(0, 0, 0)","rgb(26, 23, 83)","rgb(0,0,0)","rgb(26,23,83)",1.29,1.29,0,0,0,0
722,div,"rgb(255, 255, 255)","rgb(7, 8, 36)","rgb(255,255,255)","rgb(7,8,36)",19.64,19.64,1,1,0,0
723,div,"rgb(15, 17, 17)","rgb(255, 255, 255)","rgb(15,17,17)","rgb(255,255,255)",18.94,18.94,1,1,0,0
723,span,"rgb(15, 17, 17)","rgb(255, 216, 20)","rgb(15,17,17)","rgb(255,216,20)",13.61,13.61,1,1,0,0
723,span,"rgb(15, 17, 17)","rgb(240, 242, 242)","rgb(15,17,17)","rgb(240,242,242)",16.86,16.86,1,1,0,0
723,div,"rgb(15, 17, 17)","rgb(19, 25, 33)","rgb(15,17,17)","rgb(19,25,33)",1.07,1.07,0,0,0,0
723,div,"rgb(15, 17, 17)","rgb(230, 230, 230)","rgb(15,17,17)","rgb(230,230,230)",15.18,15.18,1,1,0,0
723,div,"rgb(15, 17, 17)","rgb(35, 47, 62)","rgb(15,17,17)","rgb(35,47,62)",1.4,1.4,0,0,0,0
723,div,"rgb(15, 17, 17)","rgb(227, 230, 230)","rgb(15,17,17)","rgb(227,230,230)",15.09,15.09,1,1,0,0
723,span,"rgb(15, 17, 17)","rgba(15, 17, 17, 0.6)","rgb(15,17,17)","rgb(111,112,112)",1,3.82,0,0,0,0
723,div,"rgb(255, 255, 255)","rgb(204, 12, 57)","rgb(255,255,255)","rgb(204,12,57)",5.71,5.71,1,1,0,0
723,div,"rgb(204, 12, 57)","rgb(255, 255, 255)","rgb(204,12,57)","rgb(255,255,255)",5.71,5.71,1,1,0,0
723,a,"rgb(33, 98, 161)","rgb(255, 255, 255)","rgb(33,98,161)","rgb(255,255,255)",6.31,6.31,1,1,0,0
723,div,"rgb(255, 255, 255)","rgb(55, 71, 90)","rgb(255,255,255)","rgb(55,71,90)",9.5,9.5,1,1,0,0
723,div,"rgb(221, 221, 221)","rgb(19, 26, 34)","rgb(221,221,221)","rgb(19,26,34)",12.9,12.9,1,1,0,0
726,div,"rgb(33, 37, 41)","rgb(255, 255, 255)","rgb(33,37,41)","rgb(255,255,255)",15.43,15.43,1,1,0,0
726,a,"rgb(255, 255, 255)","rgb(24, 116, 254)","rgb(255,255,255)","rgb(24,116,254)",4.23,4.23,0,0,0,0
726,div,"rgb(255, 255, 255)","rgb(0, 7, 56)","rgb(255,255,255)","rgb(0,7,56)",19.31,19.31,1,1,0,0
726,div,"rgb(33, 37, 41)","rgb(243, 243, 243)","rgb(33,37,41)","rgb(243,243,243)",13.9,13.9,1,1,0,0
726,button,"rgb(51, 51, 51)","rgb(255, 255, 255)","rgb(51,51,51)","rgb(255,255,255)",12.63,12.63,1,1,0,0
726,div,"rgb(33, 37, 41)","rgb(24, 116, 254)","rgb(33,37,41)","rgb(24,116,254)",3.65,3.65,0,0,0,0
726,a,"rgb(255, 255, 255)","rgb(245, 106, 0)","rgb(255,255,255)","rgb(245,106,0)",3.02,3.02,0,0,0,0
727,span,"rgb(255, 31, 140)","rgba(255, 31, 140, 0.2)","rgb(255,31,140)","rgb(255,210,232)",1,2.69,0,0,0,0
727,span,"rgb(73, 171, 255)","rgba(73, 171, 255, 0.12)","rgb(73,171,255)","rgb(233,245,255)",1,2.22,0,0,0,0
727,span,"rgb(181, 86, 255)","rgba(181, 86, 255, 0.12)","rgb(181,86,255)","rgb(246,235,255)",1,3.17,0,0,0,0
727,button,"rgb(248, 248, 248)","rgb(121, 148, 61)","rgb(248,248,248)","rgb(121,148,61)",3.23,3.23,0,0,0,0
727,div,"rgb(248, 248, 248)","rgb(0, 0, 0)","rgb(248,248,248)","rgb(0,0,0)",19.77,19.77,1,1,0,0
727,div,"rgb(248, 248, 248)","rgb(162, 37, 45)","rgb(248,248,248)","rgb(162,37,45)",6.97,6.97,1,1,0,0
727,span,"rgb(248, 248, 248)","rgba(255, 255, 255, 0.1)","rgb(248,248,248)","rgb(255,255,255)",1.06,1.06,0,0,0,0
727,a,"rgb(65, 65, 65)","rgb(241, 241, 241)","rgb(65,65,65)","rgb(241,241,241)",9.04,9.04,1,1,0,0
727,div,"rgb(248, 248, 248)","rgb(48, 49, 51)","rgb(248,248,248)","rgb(48,49,51)",12.26,12.26,1,1,0,0
727,div,"rgb(255, 255, 255)","rgba(255, 255, 255, 0.4)","rgb(255,255,255)","rgb(255,255,255)",1,1,0,0,0,0
727,a,"rgb(250, 83, 101)","rgba(255, 255, 255, 0.12)","rgb(250,83,101)","rgb(255,255,255)",3.24,3.24,0,0,0,0
727,div,"rgb(248, 248, 248)","rgb(20, 20, 21)","rgb(248,248,248)","rgb(20,20,21)",17.34,17.34,1,1,0,0
727,div,"rgb(255, 255, 255)","rgba(248, 248, 248, 0.05)","rgb(255,255,255)","rgb(255,255,255)",1.06,1,0,0,0,0
727,a,"rgb(0, 0, 0)","rgb(255, 255, 255)","rgb(0,0,0)","rgb(255,255,255)",21,21,1,1,0,0
729,button,"rgb(255, 255, 255)","rgb(13, 111, 118)","rgb(255,255,255)","rgb(13,111,118)",5.91,5.91,1,1,0,0
729,div,"rgb(0, 0, 0)","rgb(252, 236, 217)","rgb(0,0,0)","rgb(252,236,217)",18.14,18.14,1,1,0,0
729,button,"rgb(255, 255, 255)","rgb(18, 18, 18)","rgb(255,255,255)","rgb(18,18,18)",18.73,18.73,1,1,0,0
729,div,"rgb(0, 0, 0)","rgb(255, 255, 255)","rgb(0,0,0)","rgb(255,255,255)",21,21,1,1,0,0
729,button,"rgba(16, 16, 16, 0.3)","rgb(255, 255, 255)","rgb(183,183,183)","rgb(255,255,255)",19.03,2,1,0,1,0
729,div,"rgb(0, 0, 0)","rgb(246, 246, 246)","rgb(0,0,0)","rgb(246,246,246)",19.43,19.43,1,1,0,0
729,a,"rgb(18, 18, 18)","rgb(255, 255, 255)","rgb(18,18,18)","rgb(255,255,255)",18.73,18.73,1,1,0,0
729,button,"rgb(255, 255, 255)","rgb(255, 97, 34)","rgb(255,255,255)","rgb(255,97,34)",3.01,3.01,0,0,0,0
729,button,"rgb(105, 105, 105)","rgb(255, 255, 255)","rgb(105,105,105)","rgb(255,255,255)",5.49,5.49,1,1,0,0
732,div,"rgb(102, 102, 102)","rgb(255, 255, 255)","rgb(102,102,102)","rgb(255,255,255)",5.74,5.74,1,1,0,0
732,div,"rgb(102, 102, 102)","rgba(0, 0, 0, 0.1)","rgb(102,102,102)","rgb(230,230,230)",3.66,4.58,0,1,0,1
732,div,"rgb(102, 102, 102)","rgb(255, 245, 217)","rgb(102,102,102)","rgb(255,245,217)",5.28,5.28,1,1,0,0
732,span,"rgb(255, 255, 255)","rgb(204, 0, 0)","rgb(255,255,255)","rgb(204,0,0)",5.89,5.89,1,1,0,0
732,div,"rgb(0, 0, 0)","rgb(0, 0, 0)","rgb(0,0,0)","rgb(0,0,0)",1,1,0,0,0,0
732,a,"rgb(204, 0, 0)","rgb(255, 255, 255)","rgb(204,0,0)","rgb(255,255,255)",5.89,5.89,1,1,0,0
732,button,"rgb(204, 0, 0)","rgba(204, 0, 0, 0.08)","rgb(204,0,0)","rgb(251,235,235)",1,5.08,0,1,0,1
732,button,"rgb(255, 255, 255)","rgba(0, 0, 0, 0.7)","rgb(255,255,255)","rgb(77,77,77)",21,8.52,1,1,0,0
732,button,"rgb(0, 0, 0)","rgba(204, 0, 0, 0.08)","rgb(0,0,0)","rgb(251,235,235)",3.57,18.13,0,1,0,1
732,div,"rgb(0, 0, 0)","rgb(255, 255, 255)","rgb(0,0,0)","rgb(255,255,255)",21,21,1,1,0,0
735,div,"rgb(15, 17, 17)","rgb(255, 255, 255)","rgb(15,17,17)","rgb(255,255,255)",18.94,18.94,1,1,0,0
735,span,"rgb(15, 17, 17)","rgb(255, 216, 20)","rgb(15,17,17)","rgb(255,216,20)",13.61,13.61,1,1,0,0
735,span,"rgb(15, 17, 17)","rgb(240, 242, 242)","rgb(15,17,17)","rgb(240,242,242)",16.86,16.86,1,1,0,0
735,div,"rgb(15, 17, 17)","rgb(19, 25, 33)","rgb(15,17,17)","rgb(19,25,33)",1.07,1.07,0,0,0,0
735,div,"rgb(15, 17, 17)","rgb(230, 230, 230)","rgb(15,17,17)","rgb(230,230,230)",15.18,15.18,1,1,0,0
735,div,"rgb(15, 17, 17)","rgb(35, 47, 62)","rgb(15,17,17)","rgb(35,47,62)",1.4,1.4,0,0,0,0
735,div,"rgb(15, 17, 17)","rgb(227, 230, 230)","rgb(15,17,17)","rgb(227,230,230)",15.09,15.09,1,1,0,0
735,span,"rgb(15, 17, 17)","rgba(15, 17, 17, 0.6)","rgb(15,17,17)","rgb(111,112,112)",1,3.82,0,0,0,0
735,div,"rgb(255, 255, 255)","rgb(204, 12, 57)","rgb(255,255,255)","rgb(204,12,57)",5.71,5.71,1,1,0,0
735,div,"rgb(204, 12, 57)","rgb(255, 255, 255)","rgb(204,12,57)","rgb(255,255,255)",5.71,5.71,1,1,0,0
735,a,"rgb(33, 98, 161)","rgb(255, 255, 255)","rgb(33,98,161)","rgb(255,255,255)",6.31,6.31,1,1,0,0
735,div,"rgb(255, 255, 255)","rgb(55, 71, 90)","rgb(255,255,255)","rgb(55,71,90)",9.5,9.5,1,1,0,0
735,div,"rgb(221, 221, 221)","rgb(19, 26, 34)","rgb(221,221,221)","rgb(19,26,34)",12.9,12.9,1,1,0,0
737,div,"rgb(0, 0, 0)","rgb(255, 255, 255)","rgb(0,0,0)","rgb(255,255,255)",21,21,1,1,0,0
737,div,"rgb(0, 0, 0)","rgb(22, 8, 102)","rgb(0,0,0)","rgb(22,8,102)",1.26,1.26,0,0,0,0
739,a,"rgb(255, 255, 255)","rgb(11, 87, 208)","rgb(255,255,255)","rgb(11,87,208)",6.39,6.39,1,1,0,0
739,div,"rgb(31, 31, 31)","rgb(255, 255, 255)","rgb(31,31,31)","rgb(255,255,255)",16.48,16.48,1,1,0,0
739,div,"rgb(31, 31, 31)","rgb(243, 245, 246)","rgb(31,31,31)","rgb(243,245,246)",15.07,15.07,1,1,0,0
739,div,"rgb(11, 87, 208)","rgb(232, 240, 254)","rgb(11,87,208)","rgb(232,240,254)",5.57,5.57,1,1,0,0
739,div,"rgb(11, 87, 208)","rgb(255, 255, 255)","rgb(11,87,208)","rgb(255,255,255)",6.39,6.39,1,1,0,0
739,div,"rgb(71, 71, 71)","rgb(241, 243, 244)","rgb(71,71,71)","rgb(241,243,244)",8.35,8.35,1,1,0,0
740,a,"rgb(255, 255, 255)","rgb(39, 79, 16)","rgb(255,255,255)","rgb(39,79,16)",9.49,9.49,1,1,0,0
740,button,"rgb(0, 0, 0)","rgb(231, 229, 229)","rgb(0,0,0)","rgb(231,229,229)",16.74,16.74,1,1,0,0
740,div,"rgb(33, 37, 41)","rgb(243, 242, 242)","rgb(33,37,41)","rgb(243,242,242)",13.81,13.81,1,1,0,0
742,a,"rgb(20, 20, 19)","rgb(250, 249, 245)","rgb(20,20,19)","rgb(250,249,245)",17.5,17.5,1,1,0,0
742,div,"rgb(20, 20, 19)","rgb(240, 238, 230)","rgb(20,20,19)","rgb(240,238,230)",15.87,15.87,1,1,0,0
742,div,"rgb(250, 249, 245)","rgb(20, 20, 19)","rgb(250,249,245)","rgb(20,20,19)",17.5,17.5,1,1,0,0
742,div,"rgb(0, 0, 0)","rgb(20, 20, 19)","rgb(0,0,0)","rgb(20,20,19)",1.14,1.14,0,0,0,0
742,button,"rgb(255, 255, 255)","rgb(217, 119, 87)","rgb(255,255,255)","rgb(217,119,87)",3.12,3.12,0,0,0,0
746,section,"rgb(66, 66, 66)","rgb(255, 255, 255)","rgb(66,66,66)","rgb(255,255,255)",10.05,10.05,1,1,0,0
746,button,"rgb(18, 18, 18)","rgb(255, 255, 255)","rgb(18,18,18)","rgb(255,255,255)",18.73,18.73,1,1,0,0
746,button,"rgb(255, 255, 255)","rgb(18, 18, 18)","rgb(255,255,255)","rgb(18,18,18)",18.73,18.73,1,1,0,0
746,button,"rgb(255, 255, 255)","rgba(0, 0, 0, 0.65)","rgb(255,255,255)","rgb(89,89,89)",21,6.98,1,1,0,0
746,section,"rgb(66, 66, 66)","rgb(246, 248, 250)","rgb(66,66,66)","rgb(246,248,250)",9.44,9.44,1,1,0,0
746,div,"rgb(0, 0, 0)","rgb(255, 255, 255)","rgb(0,0,0)","rgb(255,255,255)",21,21,1,1,0,0
747,div,"rgb(0, 0, 0)","rgb(3, 3, 3)","rgb(0,0,0)","rgb(3,3,3)",1.02,1.02,0,0,0,0
747,button,"rgb(255, 255, 255)","rgb(0, 0, 0)","rgb(255,255,255)","rgb(0,0,0)",21,21,1,1,0,0
747,button,"rgb(170, 170, 170)","rgb(0, 0, 0)","rgb(170,170,170)","rgb(0,0,0)",9.04,9.04,1,1,0,0
747,div,"rgb(85, 85, 85)","rgb(3, 3, 3)","rgb(85,85,85)","rgb(3,3,3)",2.77,2.77,0,0,0,0
747,div,"rgb(34, 34, 34)","rgb(255, 255, 255)","rgb(34,34,34)","rgb(255,255,255)",15.91,15.91,1,1,0,0
747,button,"rgb(255, 255, 255)","rgb(0, 141, 222)","rgb(255,255,255)","rgb(0,141,222)",3.58,3.58,0,0,0,0
747,section,"rgb(0, 0, 0)","rgb(255, 255, 255)","rgb(0,0,0)","rgb(255,255,255)",21,21,1,1,0,0
747,a,"rgb(0, 141, 222)","rgba(230, 230, 230, 0.95)","rgb(0,141,222)","rgb(231,231,231)",2.87,2.9,0,0,0,0
747,button,"rgb(255, 255, 255)","rgb(59, 89, 151)","rgb(255,255,255)","rgb(59,89,151)",6.86,6.86,1,1,0,0
747,button,"rgb(255, 255, 255)","rgb(27, 181, 231)","rgb(255,255,255)","rgb(27,181,231)",2.38,2.38,0,0,0,0
747,button,"rgb(255, 255, 255)","rgb(181, 181, 181)","rgb(255,255,255)","rgb(181,181,181)",2.05,2.05,0,0,0,0
747,div,"rgb(65, 65, 65)","rgb(255, 255, 255)","rgb(65,65,65)","rgb(255,255,255)",10.21,10.21,1,1,0,0
747,div,"rgb(255, 255, 255)","rgb(29, 29, 29)","rgb(255,255,255)","rgb(29,29,29)",16.86,16.86,1,1,0,0
748,h2,"rgb(255, 255, 255)","rgb(0, 0, 0)","rgb(255,255,255)","rgb(0,0,0)",21,21,1,1,0,0
748,div,"rgb(0, 0, 0)","rgb(1, 167, 168)","rgb(0,0,0)","rgb(1,167,168)",7.09,7.09,1,1,0,0
748,button,"rgb(0, 0, 0)","rgb(254, 252, 79)","rgb(0,0,0)","rgb(254,252,79)",19.25,19.25,1,1,0,0
748,button,"rgb(0, 0, 0)","rgb(255, 255, 255)","rgb(0,0,0)","rgb(255,255,255)",21,21,1,1,0,0
748,a,"rgb(25, 25, 28)","rgb(255, 255, 255)","rgb(25,25,28)","rgb(255,255,255)",17.54,17.54,1,1,0,0
748,div,"rgb(52, 52, 52)","rgba(0, 0, 0, 0.8)","rgb(52,52,52)","rgb(51,51,51)",1.69,1.01,0,0,0,0
748,div,"rgb(52, 52, 52)","rgba(90, 31, 208, 0.3)","rgb(52,52,52)","rgb(206,188,241)",1.51,7.15,0,1,0,1
748,a,"rgb(24, 163, 250)","rgb(46, 16, 106)","rgb(24,163,250)","rgb(46,16,106)",5.48,5.48,1,1,0,0
748,span,"rgb(255, 255, 255)","rgb(107, 87, 255)","rgb(255,255,255)","rgb(107,87,255)",4.74,4.74,1,1,0,0
748,div,"rgb(52, 52, 52)","rgb(0, 0, 0)","rgb(52,52,52)","rgb(0,0,0)",1.69,1.69,0,0,0,0
748,h2,"rgb(255, 255, 255)","rgb(8, 222, 170)","rgb(255,255,255)","rgb(8,222,170)",1.74,1.74,0,0,0,0
748,div,"rgb(52, 52, 52)","rgba(0, 148, 169, 0.2)","rgb(52,52,52)","rgb(204,234,238)",3.44,9.8,0,1,0,1
748,a,"rgb(24, 163, 250)","rgba(8, 196, 222, 0.1)","rgb(24,163,250)","rgb(230,249,252)",1.3,2.53,0,0,0,0
748,a,"rgb(24, 163, 250)","rgba(57, 1, 62, 0.6)","rgb(24,163,250)","rgb(136,103,139)",6.14,1.76,1,0,1,0
748,div,"rgb(52, 52, 52)","rgba(243, 17, 180, 0.2)","rgb(52,52,52)","rgb(253,207,240)",3.29,9.12,0,1,0,1
752,div,"rgb(231, 240, 244)","rgb(10, 27, 39)","rgb(231,240,244)","rgb(10,27,39)",15.15,15.15,1,1,0,0
752,div,"rgb(33, 37, 41)","rgb(10, 27, 39)","rgb(33,37,41)","rgb(10,27,39)",1.14,1.14,0,0,0,0
752,button,"rgb(33, 37, 41)","rgb(215, 25, 32)","rgb(33,37,41)","rgb(215,25,32)",2.97,2.97,0,0,0,0
752,a,"rgb(255, 255, 255)","rgb(15, 56, 80)","rgb(255,255,255)","rgb(15,56,80)",12.34,12.34,1,1,0,0
752,span,"rgb(19, 38, 49)","rgb(247, 236, 72)","rgb(19,38,49)","rgb(247,236,72)",12.63,12.63,1,1,0,0
752,div,"rgb(33, 37, 41)","rgb(19, 38, 49)","rgb(33,37,41)","rgb(19,38,49)",1.01,1.01,0,0,0,0
752,div,"rgb(33, 37, 41)","rgb(255, 255, 255)","rgb(33,37,41)","rgb(255,255,255)",15.43,15.43,1,1,0,0
752,div,"rgb(33, 37, 41)","rgba(255, 255, 255, 0.66)","rgb(33,37,41)","rgb(255,255,255)",15.43,15.43,1,1,0,0
752,div,"rgb(33, 37, 41)","rgb(244, 244, 244)","rgb(33,37,41)","rgb(244,244,244)",14.03,14.03,1,1,0,0
752,div,"rgb(33, 37, 41)","rgb(215, 213, 213)","rgb(33,37,41)","rgb(215,213,213)",10.55,10.55,1,1,0,0
752,div,"rgb(33, 37, 41)","rgba(255, 255, 255, 0.2)","rgb(33,37,41)","rgb(255,255,255)",15.43,15.43,1,1,0,0
752,button,"rgb(10, 27, 39)","rgb(228, 192, 75)","rgb(10,27,39)","rgb(228,192,75)",9.96,9.96,1,1,0,0
752,div,"rgb(33, 37, 41)","rgb(15, 56, 80)","rgb(33,37,41)","rgb(15,56,80)",1.25,1.25,0,0,0,0
752,button,"rgb(48, 51, 54)","rgb(255, 255, 255)","rgb(48,51,54)","rgb(255,255,255)",12.71,12.71,1,1,0,0
752,a,"rgb(33, 37, 41)","rgb(237, 244, 247)","rgb(33,37,41)","rgb(237,244,247)",13.87,13.87,1,1,0,0
752,a,"rgb(48, 51, 54)","rgb(209, 227, 237)","rgb(48,51,54)","rgb(209,227,237)",9.63,9.63,1,1,0,0
752,a,"rgb(48, 51, 54)","rgb(245, 208, 178)","rgb(48,51,54)","rgb(245,208,178)",8.8,8.8,1,1,0,0
752,a,"rgb(48, 51, 54)","rgb(249, 242, 217)","rgb(48,51,54)","rgb(249,242,217)",11.33,11.33,1,1,0,0
752,div,"rgb(33, 37, 41)","rgb(48, 51, 54)","rgb(33,37,41)","rgb(48,51,54)",1.21,1.21,0,0,0,0
753,div,"rgb(0, 0, 0)","rgb(2, 22, 43)","rgb(0,0,0)","rgb(2,22,43)",1.15,1.15,0,0,0,0
754,button,"rgba(0, 0, 0, 0.87)","rgb(255, 255, 255)","rgb(33,33,33)","rgb(255,255,255)",21,16.07,1,1,0,0
755,div,"rgb(34, 34, 34)","rgb(255, 255, 255)","rgb(34,34,34)","rgb(255,255,255)",15.91,15.91,1,1,0,0
755,div,"rgb(34, 34, 34)","rgb(248, 248, 248)","rgb(34,34,34)","rgb(248,248,248)",14.98,14.98,1,1,0,0
755,button,"rgb(255, 255, 255)","rgb(34, 34, 34)","rgb(255,255,255)","rgb(34,34,34)",15.91,15.91,1,1,0,0
755,section,"rgb(236, 243, 244)","rgb(34, 34, 34)","rgb(236,243,244)","rgb(34,34,34)",14.16,14.16,1,1,0,0
755,a,"rgb(255, 255, 255)","rgb(51, 51, 51)","rgb(255,255,255)","rgb(51,51,51)",12.63,12.63,1,1,0,0
755,a,"rgb(236, 243, 244)","rgba(255, 255, 255, 0.16)","rgb(236,243,244)","rgb(255,255,255)",1.12,1.12,0,0,0,0
755,span,"rgb(34, 34, 34)","rgba(34, 34, 34, 0.08)","rgb(34,34,34)","rgb(237,237,237)",1,13.63,0,1,0,1
755,button,"rgb(255, 255, 255)","rgba(34, 34, 34, 0.08)","rgb(255,255,255)","rgb(237,237,237)",15.91,1.17,1,0,1,0
756,a,"rgb(0, 42, 58)","rgb(0, 0, 0)","rgb(0,42,58)","rgb(0,0,0)",1.39,1.39,0,0,0,0
756,div,"rgb(0, 42, 58)","rgba(248, 248, 248, 0)","rgb(0,42,58)","rgb(255,255,255)",14.2,15.08,1,1,0,0
756,a,"rgb(255, 255, 255)","rgb(0, 206, 124)","rgb(255,255,255)","rgb(0,206,124)",2.08,2.08,0,0,0,0
756,div,"rgb(34, 34, 34)","rgba(0, 42, 58, 0)","rgb(34,34,34)","rgb(255,255,255)",1.05,15.91,0,1,0,1
756,div,"rgb(0, 42, 58)","rgb(255, 255, 255)","rgb(0,42,58)","rgb(255,255,255)",15.08,15.08,1,1,0,0
756,div,"rgb(0, 42, 58)","rgb(248, 248, 248)","rgb(0,42,58)","rgb(248,248,248)",14.2,14.2,1,1,0,0
756,div,"rgb(0, 0, 0)","rgba(248, 248, 248, 0)","rgb(0,0,0)","rgb(255,255,255)",19.77,21,1,1,0,0
756,div,"rgb(19, 30, 41)","rgb(255, 255, 255)","rgb(19,30,41)","rgb(255,255,255)",16.86,16.86,1,1,0,0
756,div,"rgb(0, 42, 58)","rgba(255, 255, 255, 0.9)","rgb(0,42,58)","rgb(255,255,255)",15.08,15.08,1,1,0,0
756,a,"rgb(0, 206, 124)","rgb(255, 255, 255)","rgb(0,206,124)","rgb(255,255,255)",2.08,2.08,0,0,0,0
756,span,"rgb(248, 248, 248)","rgb(0, 206, 124)","rgb(248,248,248)","rgb(0,206,124)",1.95,1.95,0,0,0,0
756,button,"rgb(201, 201, 201)","rgb(0, 42, 58)","rgb(201,201,201)","rgb(0,42,58)",9.11,9.11,1,1,0,0
757,div,"rgb(187, 187, 187)","rgb(30, 41, 51)","rgb(187,187,187)","rgb(30,41,51)",7.7,7.7,1,1,0,0
757,a,"rgb(255, 255, 255)","rgb(31, 42, 50)","rgb(255,255,255)","rgb(31,42,50)",14.63,14.63,1,1,0,0
757,a,"rgb(77, 77, 77)","rgb(255, 211, 67)","rgb(77,77,77)","rgb(255,211,67)",5.9,5.9,1,1,0,0
757,button,"rgb(230, 232, 234)","rgb(43, 91, 132)","rgb(230,232,234)","rgb(43,91,132)",5.83,5.83,1,1,0,0
757,div,"rgb(68, 68, 68)","rgb(30, 41, 51)","rgb(68,68,68)","rgb(30,41,51)",1.52,1.52,0,0,0,0
757,span,"rgb(153, 153, 153)","rgb(31, 31, 31)","rgb(153,153,153)","rgb(31,31,31)",5.79,5.79,1,1,0,0
757,div,"rgb(68, 68, 68)","rgb(28, 59, 86)","rgb(68,68,68)","rgb(28,59,86)",1.19,1.19,0,0,0,0
757,a,"rgb(255, 211, 67)","rgb(43, 91, 132)","rgb(255,211,67)","rgb(43,91,132)",5,5,1,1,0,0
757,div,"rgb(68, 68, 68)","rgb(249, 249, 249)","rgb(68,68,68)","rgb(249,249,249)",9.25,9.25,1,1,0,0
757,div,"rgb(102, 78, 4)","rgb(255, 223, 118)","rgb(102,78,4)","rgb(255,223,118)",6.05,6.05,1,1,0,0
757,a,"rgb(77, 77, 77)","rgb(0, 109, 173)","rgb(77,77,77)","rgb(0,109,173)",1.53,1.53,0,0,0,0
757,a,"rgb(102, 102, 102)","rgb(230, 232, 234)","rgb(102,102,102)","rgb(230,232,234)",4.67,4.67,1,1,0,0
757,div,"rgb(68, 68, 68)","rgb(43, 91, 132)","rgb(68,68,68)","rgb(43,91,132)",1.36,1.36,0,0,0,0
757,div,"rgb(102, 102, 102)","rgb(43, 91, 132)","rgb(102,102,102)","rgb(43,91,132)",1.25,1.25,0,0,0,0
758,div,"rgb(177, 181, 184)","rgb(250, 251, 252)","rgb(177,181,184)","rgb(250,251,252)",1.99,1.99,0,0,0,0
759,div,"rgb(0, 0, 0)","rgb(255, 255, 255)","rgb(0,0,0)","rgb(255,255,255)",21,21,1,1,0,0
759,a,"rgb(255, 255, 255)","rgb(0, 0, 0)","rgb(255,255,255)","rgb(0,0,0)",21,21,1,1,0,0
759,button,"rgb(0, 0, 0)","rgb(240, 240, 240)","rgb(0,0,0)","rgb(240,240,240)",18.43,18.43,1,1,0,0
759,div,"rgb(0, 0, 0)","rgb(243, 243, 243)","rgb(0,0,0)","rgb(243,243,243)",18.93,18.93,1,1,0,0
759,div,"rgb(0, 0, 0)","rgba(255, 255, 255, 0.2)","rgb(0,0,0)","rgb(255,255,255)",21,21,1,1,0,0
759,div,"rgb(0, 0, 0)","rgb(157, 205, 214)","rgb(0,0,0)","rgb(157,205,214)",12.14,12.14,1,1,0,0
759,section,"rgb(0, 0, 0)","rgb(246, 246, 246)","rgb(0,0,0)","rgb(246,246,246)",19.43,19.43,1,1,0,0
759,section,"rgb(0, 0, 0)","rgb(0, 0, 0)","rgb(0,0,0)","rgb(0,0,0)",1,1,0,0,0,0
762,div,"rgb(255, 255, 255)","rgb(15, 29, 81)","rgb(255,255,255)","rgb(15,29,81)",15.97,15.97,1,1,0,0
762,a,"rgb(0, 120, 212)","rgb(255, 255, 255)","rgb(0,120,212)","rgb(255,255,255)",4.53,4.53,1,1,0,0
762,div,"rgb(255, 255, 255)","rgba(189, 145, 63, 0.6)","rgb(255,255,255)","rgb(215,189,140)",2.88,1.82,0,0,0,0
762,a,"rgb(255, 255, 255)","rgb(0, 111, 200)","rgb(255,255,255)","rgb(0,111,200)",5.11,5.11,1,1,0,0
762,div,"rgb(0, 0, 0)","rgb(230, 230, 230)","rgb(0,0,0)","rgb(230,230,230)",16.83,16.83,1,1,0,0
766,section,"rgb(55, 55, 55)","rgb(6, 51, 105)","rgb(55,55,55)","rgb(6,51,105)",1.05,1.05,0,0,0,0
766,li,"rgb(255, 255, 255)","rgb(204, 71, 30)","rgb(255,255,255)","rgb(204,71,30)",4.68,4.68,1,1,0,0
766,div,"rgb(55, 55, 55)","rgb(255, 255, 255)","rgb(55,55,55)","rgb(255,255,255)",11.9,11.9,1,1,0,0
766,div,"rgb(255, 255, 255)","rgb(235, 236, 237)","rgb(255,255,255)","rgb(235,236,237)",1.18,1.18,0,0,0,0
766,a,"rgb(6, 51, 105)","rgb(255, 255, 255)","rgb(6,51,105)","rgb(255,255,255)",12.46,12.46,1,1,0,0
766,div,"rgb(255, 255, 255)","rgb(6, 51, 105)","rgb(255,255,255)","rgb(6,51,105)",12.46,12.46,1,1,0,0
767,button,"rgb(255, 255, 255)","rgb(0, 72, 199)","rgb(255,255,255)","rgb(0,72,199)",7.63,7.63,1,1,0,0
767,div,"rgb(255, 255, 255)","rgb(4, 30, 66)","rgb(255,255,255)","rgb(4,30,66)",16.54,16.54,1,1,0,0
767,div,"rgb(51, 51, 51)","rgb(255, 255, 255)","rgb(51,51,51)","rgb(255,255,255)",12.63,12.63,1,1,0,0
767,div,"rgb(0, 0, 0)","rgb(255, 255, 255)","rgb(0,0,0)","rgb(255,255,255)",21,21,1,1,0,0
767,div,"rgb(51, 51, 51)","rgb(238, 238, 238)","rgb(51,51,51)","rgb(238,238,238)",10.89,10.89,1,1,0,0
767,div,"rgb(51, 51, 51)","rgb(245, 245, 245)","rgb(51,51,51)","rgb(245,245,245)",11.59,11.59,1,1,0,0
767,button,"rgb(255, 255, 255)","rgba(255, 255, 255, 0.3)","rgb(255,255,255)","rgb(255,255,255)",1,1,0,0,0,0
767,div,"rgb(0, 0, 0)","rgb(243, 243, 243)","rgb(0,0,0)","rgb(243,243,243)",18.93,18.93,1,1,0,0
767,button,"rgb(255, 255, 255)","rgb(102, 102, 102)","rgb(255,255,255)","rgb(102,102,102)",5.74,5.74,1,1,0,0
767,section,"rgb(51, 51, 51)","rgb(10, 24, 51)","rgb(51,51,51)","rgb(10,24,51)",1.4,1.4,0,0,0,0
767,button,"rgb(5, 122, 255)","rgb(255, 255, 255)","rgb(5,122,255)","rgb(255,255,255)",4.01,4.01,0,0,0,0
767,button,"rgb(255, 255, 255)","rgb(64, 118, 199)","rgb(255,255,255)","rgb(64,118,199)",4.53,4.53,1,1,0,0
768,div,"rgb(27, 27, 27)","rgb(240, 240, 240)","rgb(27,27,27)","rgb(240,240,240)",15.11,15.11,1,1,0,0
768,div,"rgb(255, 255, 255)","rgb(0, 89, 156)","rgb(255,255,255)","rgb(0,89,156)",7.22,7.22,1,1,0,0
768,div,"rgb(27, 27, 27)","rgb(0, 45, 98)","rgb(27,27,27)","rgb(0,45,98)",1.27,1.27,0,0,0,0
768,div,"rgb(27, 27, 27)","rgb(255, 255, 255)","rgb(27,27,27)","rgb(255,255,255)",17.22,17.22,1,1,0,0
768,div,"rgb(27, 27, 27)","rgb(249, 249, 249)","rgb(27,27,27)","rgb(249,249,249)",16.36,16.36,1,1,0,0
768,a,"rgb(0, 89, 156)","rgb(255, 255, 255)","rgb(0,89,156)","rgb(255,255,255)",7.22,7.22,1,1,0,0
768,div,"rgb(27, 27, 27)","rgb(27, 27, 27)","rgb(27,27,27)","rgb(27,27,27)",1,1,0,0,0,0
769,div,"rgb(51, 51, 51)","rgb(247, 247, 247)","rgb(51,51,51)","rgb(247,247,247)",11.79,11.79,1,1,0,0
769,a,"rgb(255, 255, 255)","rgb(245, 135, 0)","rgb(255,255,255)","rgb(245,135,0)",2.52,2.52,0,0,0,0
769,a,"rgb(255, 255, 255)","rgb(0, 62, 112)","rgb(255,255,255)","rgb(0,62,112)",10.92,10.92,1,1,0,0
769,div,"rgb(51, 51, 51)","rgb(255, 255, 255)","rgb(51,51,51)","rgb(255,255,255)",12.63,12.63,1,1,0,0
769,div,"rgb(51, 51, 51)","rgb(232, 232, 232)","rgb(51,51,51)","rgb(232,232,232)",10.31,10.31,1,1,0,0
769,div,"rgb(50, 102, 145)","rgb(232, 232, 232)","rgb(50,102,145)","rgb(232,232,232)",4.97,4.97,1,1,0,0
769,a,"rgb(255, 255, 255)","rgb(0, 104, 188)","rgb(255,255,255)","rgb(0,104,188)",5.67,5.67,1,1,0,0
773,h2,"rgb(116, 118, 126)","rgb(255, 255, 255)","rgb(116,118,126)","rgb(255,255,255)",4.53,4.53,1,1,0,0
775,section,"rgb(33, 37, 41)","rgb(75, 81, 89)","rgb(33,37,41)","rgb(75,81,89)",1.92,1.92,0,0,0,0
775,a,"rgb(69, 77, 84)","rgb(255, 255, 255)","rgb(69,77,84)","rgb(255,255,255)",8.6,8.6,1,1,0,0
775,span,"rgb(255, 255, 255)","rgb(33, 162, 185)","rgb(255,255,255)","rgb(33,162,185)",3.03,3.03,0,0,0,0
775,a,"rgb(255, 255, 255)","rgb(143, 190, 0)","rgb(255,255,255)","rgb(143,190,0)",2.2,2.2,0,0,0,0
775,section,"rgb(33, 37, 41)","rgb(254, 254, 254)","rgb(33,37,41)","rgb(254,254,254)",15.3,15.3,1,1,0,0
775,div,"rgb(33, 37, 41)","rgb(238, 252, 253)","rgb(33,37,41)","rgb(238,252,253)",14.68,14.68,1,1,0,0
775,section,"rgb(33, 37, 41)","rgb(245, 245, 245)","rgb(33,37,41)","rgb(245,245,245)",14.15,14.15,1,1,0,0
775,div,"rgb(33, 37, 41)","rgb(255, 255, 255)","rgb(33,37,41)","rgb(255,255,255)",15.43,15.43,1,1,0,0
775,div,"rgb(33, 37, 41)","rgb(246, 247, 249)","rgb(33,37,41)","rgb(246,247,249)",14.39,14.39,1,1,0,0
775,a,"rgb(34, 38, 42)","rgb(246, 247, 249)","rgb(34,38,42)","rgb(246,247,249)",14.21,14.21,1,1,0,0
775,a,"rgb(255, 255, 255)","rgb(72, 194, 214)","rgb(255,255,255)","rgb(72,194,214)",2.11,2.11,0,0,0,0
775,section,"rgb(33, 37, 41)","rgb(33, 86, 105)","rgb(33,37,41)","rgb(33,86,105)",1.91,1.91,0,0,0,0
775,div,"rgb(33, 37, 41)","rgb(32, 73, 89)","rgb(33,37,41)","rgb(32,73,89)",1.59,1.59,0,0,0,0
775,section,"rgb(33, 37, 41)","rgb(42, 54, 68)","rgb(33,37,41)","rgb(42,54,68)",1.26,1.26,0,0,0,0
775,a,"rgb(255, 255, 255)","rgb(0, 49, 57)","rgb(255,255,255)","rgb(0,49,57)",14.01,14.01,1,1,0,0
777,a,"rgb(0, 0, 0)","rgb(60, 255, 208)","rgb(0,0,0)","rgb(60,255,208)",16.41,16.41,1,1,0,0
777,div,"rgb(0, 0, 0)","rgb(19, 19, 19)","rgb(0,0,0)","rgb(19,19,19)",1.13,1.13,0,0,0,0
777,div,"rgb(0, 0, 0)","rgba(60, 255, 208, 0.85)","rgb(0,0,0)","rgb(89,255,215)",16.41,16.71,1,1,0,0
777,div,"rgb(255, 255, 255)","rgb(49, 49, 49)","rgb(255,255,255)","rgb(49,49,49)",13.01,13.01,1,1,0,0
777,button,"rgb(233, 233, 233)","rgb(49, 49, 49)","rgb(233,233,233)","rgb(49,49,49)",10.72,10.72,1,1,0,0
777,div,"rgb(0, 0, 0)","rgb(49, 49, 49)","rgb(0,0,0)","rgb(49,49,49)",1.61,1.61,0,0,0,0
777,div,"rgb(0, 0, 0)","rgb(246, 246, 246)","rgb(0,0,0)","rgb(246,246,246)",19.43,19.43,1,1,0,0
777,button,"rgb(255, 255, 255)","rgb(0, 0, 0)","rgb(255,255,255)","rgb(0,0,0)",21,21,1,1,0,0
778,section,"rgb(0, 0, 0)","rgb(255, 255, 255)","rgb(0,0,0)","rgb(255,255,255)",21,21,1,1,0,0
778,a,"rgb(255, 255, 255)","rgb(41, 135, 55)","rgb(255,255,255)","rgb(41,135,55)",4.55,4.55,1,1,0,0
778,section,"rgb(0, 0, 0)","rgba(8, 18, 26, 0.04)","rgb(0,0,0)","rgb(245,246,246)",1.11,19.34,0,1,0,1
778,div,"rgb(35, 123, 49)","rgb(231, 245, 233)","rgb(35,123,49)","rgb(231,245,233)",4.72,4.72,1,1,0,0
778,a,"rgba(8, 18, 26, 0.74)","rgba(8, 18, 26, 0.08)","rgb(67,75,81)","rgb(235,236,237)",1,7.54,0,1,0,1
782,a,"rgb(85, 85, 85)","rgb(255, 255, 255)","rgb(85,85,85)","rgb(255,255,255)",7.46,7.46,1,1,0,0
782,a,"rgb(255, 255, 255)","rgb(99, 44, 166)","rgb(255,255,255)","rgb(99,44,166)",8.6,8.6,1,1,0,0
782,section,"rgb(255, 255, 255)","rgb(0, 0, 0)","rgb(255,255,255)","rgb(0,0,0)",21,21,1,1,0,0
782,div,"rgb(33, 37, 41)","rgb(246, 246, 246)","rgb(33,37,41)","rgb(246,246,246)",14.27,14.27,1,1,0,0
782,a,"rgb(0, 0, 0)","rgb(255, 255, 255)","rgb(0,0,0)","rgb(255,255,255)",21,21,1,1,0,0
785,a,"rgb(0, 0, 238)","rgb(238, 238, 238)","rgb(0,0,238)","rgb(238,238,238)",8.1,8.1,1,1,0,0
785,div,"rgb(0, 0, 0)","rgb(255, 255, 255)","rgb(0,0,0)","rgb(255,255,255)",21,21,1,1,0,0
785,a,"rgb(255, 255, 255)","rgb(220, 0, 0)","rgb(255,255,255)","rgb(220,0,0)",5.19,5.19,1,1,0,0
785,div,"rgb(0, 0, 0)","rgb(236, 244, 244)","rgb(0,0,0)","rgb(236,244,244)",18.81,18.81,1,1,0,0
785,div,"rgb(0, 0, 0)","rgb(235, 237, 240)","rgb(0,0,0)","rgb(235,237,240)",17.9,17.9,1,1,0,0
785,a,"rgb(255, 255, 255)","rgb(102, 102, 102)","rgb(255,255,255)","rgb(102,102,102)",5.74,5.74,1,1,0,0
785,div,"rgb(0, 0, 0)","rgba(7, 94, 100, 0.07)","rgb(0,0,0)","rgb(238,244,244)",2.79,18.84,0,1,0,1
786,div,"rgb(15, 17, 17)","rgb(0, 5, 13)","rgb(15,17,17)","rgb(0,5,13)",1.08,1.08,0,0,0,0
786,a,"rgb(255, 255, 255)","rgba(26, 152, 255, 0.8)","rgb(255,255,255)","rgb(72,173,255)",3.01,2.42,0,0,0,0
786,section,"rgb(255, 255, 255)","rgb(0, 5, 13)","rgb(255,255,255)","rgb(0,5,13)",20.44,20.44,1,1,0,0
786,a,"rgb(0, 5, 13)","rgb(255, 255, 255)","rgb(0,5,13)","rgb(255,255,255)",20.44,20.44,1,1,0,0
787,section,"rgb(0, 0, 0)","rgb(50, 56, 61)","rgb(0,0,0)","rgb(50,56,61)",1.77,1.77,0,0,0,0
787,div,"rgb(0, 0, 0)","rgb(245, 245, 245)","rgb(0,0,0)","rgb(245,245,245)",19.26,19.26,1,1,0,0
787,div,"rgb(50, 56, 61)","rgb(245, 245, 245)","rgb(50,56,61)","rgb(245,245,245)",10.89,10.89,1,1,0,0
787,h3,"rgb(255, 255, 255)","rgb(0, 97, 170)","rgb(255,255,255)","rgb(0,97,170)",6.38,6.38,1,1,0,0
787,li,"rgb(50, 56, 61)","rgb(249, 245, 244)","rgb(50,56,61)","rgb(249,245,244)",10.97,10.97,1,1,0,0
787,li,"rgb(50, 56, 61)","rgb(255, 255, 255)","rgb(50,56,61)","rgb(255,255,255)",11.87,11.87,1,1,0,0
787,a,"rgb(38, 42, 46)","rgb(255, 255, 255)","rgb(38,42,46)","rgb(255,255,255)",14.45,14.45,1,1,0,0
787,div,"rgb(50, 56, 61)","rgb(129, 187, 231)","rgb(50,56,61)","rgb(129,187,231)",5.76,5.76,1,1,0,0
787,div,"rgb(0, 0, 0)","rgb(38, 42, 46)","rgb(0,0,0)","rgb(38,42,46)",1.45,1.45,0,0,0,0
787,a,"rgb(255, 255, 255)","rgb(0, 92, 169)","rgb(255,255,255)","rgb(0,92,169)",6.77,6.77,1,1,0,0
787,div,"rgb(0, 0, 0)","rgb(0, 92, 169)","rgb(0,0,0)","rgb(0,92,169)",3.1,3.1,0,0,0,0
788,a,"rgb(255, 255, 255)","rgb(11, 92, 255)","rgb(255,255,255)","rgb(11,92,255)",5.26,5.26,1,1,0,0
788,a,"rgb(0, 5, 61)","rgb(230, 240, 255)","rgb(0,5,61)","rgb(230,240,255)",16.78,16.78,1,1,0,0
788,div,"rgb(0, 5, 61)","rgb(255, 255, 255)","rgb(0,5,61)","rgb(255,255,255)",19.28,19.28,1,1,0,0
788,span,"rgb(32, 87, 177)","rgb(242, 248, 255)","rgb(32,87,177)","rgb(242,248,255)",6.42,6.42,1,1,0,0
788,a,"rgb(11, 92, 255)","rgba(255, 255, 255, 0.1)","rgb(11,92,255)","rgb(255,255,255)",5.26,5.26,1,1,0,0
788,a,"rgb(255, 255, 255)","rgb(0, 5, 61)","rgb(255,255,255)","rgb(0,5,61)",19.28,19.28,1,1,0,0
788,a,"rgb(0, 5, 61)","rgb(243, 248, 255)","rgb(0,5,61)","rgb(243,248,255)",18.07,18.07,1,1,0,0
788,section,"rgb(0, 3, 31)","rgb(255, 255, 255)","rgb(0,3,31)","rgb(255,255,255)",20.33,20.33,1,1,0,0
788,a,"rgb(11, 92, 255)","rgb(255, 255, 255)","rgb(11,92,255)","rgb(255,255,255)",5.26,5.26,1,1,0,0
788,div,"rgb(105, 107, 110)","rgb(243, 248, 255)","rgb(105,107,110)","rgb(243,248,255)",5.01,5.01,1,1,0,0
788,button,"rgb(255, 255, 255)","rgba(255, 255, 255, 0.1)","rgb(255,255,255)","rgb(255,255,255)",1,1,0,0,0,0
788,button,"rgb(255, 255, 255)","rgb(14, 114, 237)","rgb(255,255,255)","rgb(14,114,237)",4.52,4.52,1,1,0,0
788,button,"rgb(14, 113, 235)","rgb(255, 255, 255)","rgb(14,113,235)","rgb(255,255,255)",4.58,4.58,1,1,0,0
789,div,"rgb(32, 33, 36)","rgb(255, 255, 255)","rgb(32,33,36)","rgb(255,255,255)",16.1,16.1,1,1,0,0
789,button,"rgb(255, 255, 255)","rgb(26, 115, 232)","rgb(255,255,255)","rgb(26,115,232)",4.51,4.51,1,1,0,0
792,div,"rgb(61, 61, 61)","rgb(255, 255, 255)","rgb(61,61,61)","rgb(255,255,255)",10.86,10.86,1,1,0,0
792,div,"rgb(61, 61, 61)","rgb(240, 237, 227)","rgb(61,61,61)","rgb(240,237,227)",9.27,9.27,1,1,0,0
792,div,"rgba(0, 0, 0, 0)","rgb(75, 46, 131)","rgb(75,46,131)","rgb(75,46,131)",2.02,1,0,0,0,0
792,span,"rgb(133, 117, 77)","rgba(255, 255, 255, 0.9)","rgb(133,117,77)","rgb(255,255,255)",4.52,4.52,1,1,0,0
792,a,"rgb(90, 90, 90)","rgb(255, 255, 255)","rgb(90,90,90)","rgb(255,255,255)",6.9,6.9,1,1,0,0
792,div,"rgb(61, 61, 61)","rgb(107, 107, 107)","rgb(61,61,61)","rgb(107,107,107)",2.04,2.04,0,0,0,0
792,div,"rgb(61, 61, 61)","rgb(236, 233, 226)","rgb(61,61,61)","rgb(236,233,226)",8.96,8.96,1,1,0,0
792,h2,"rgb(255, 255, 255)","rgb(75, 46, 131)","rgb(255,255,255)","rgb(75,46,131)",10.41,10.41,1,1,0,0
792,div,"rgb(61, 61, 61)","rgb(75, 46, 131)","rgb(61,61,61)","rgb(75,46,131)",1.04,1.04,0,0,0,0
792,div,"rgb(61, 61, 61)","rgb(254, 254, 254)","rgb(61,61,61)","rgb(254,254,254)",10.77,10.77,1,1,0,0
792,button,"rgb(255, 255, 255)","rgb(99, 99, 99)","rgb(255,255,255)","rgb(99,99,99)",6.01,6.01,1,1,0,0
794,div,"rgb(0, 0, 0)","rgb(255, 255, 255)","rgb(0,0,0)","rgb(255,255,255)",21,21,1,1,0,0
794,div,"rgb(0, 0, 0)","rgb(247, 247, 247)","rgb(0,0,0)","rgb(247,247,247)",19.6,19.6,1,1,0,0
795,a,"rgb(0, 58, 90)","rgb(238, 238, 238)","rgb(0,58,90)","rgb(238,238,238)",10.33,10.33,1,1,0,0
795,div,"rgb(9, 9, 9)","rgb(0, 58, 90)","rgb(9,9,9)","rgb(0,58,90)",1.66,1.66,0,0,0,0
795,div,"rgb(9, 9, 9)","rgb(6, 75, 113)","rgb(9,9,9)","rgb(6,75,113)",2.14,2.14,0,0,0,0
795,li,"rgb(9, 9, 9)","rgb(238, 238, 238)","rgb(9,9,9)","rgb(238,238,238)",17.16,17.16,1,1,0,0
795,button,"rgb(255, 255, 255)","rgb(6, 75, 113)","rgb(255,255,255)","rgb(6,75,113)",9.32,9.32,1,1,0,0
795,div,"rgb(9, 9, 9)","rgb(255, 255, 255)","rgb(9,9,9)","rgb(255,255,255)",19.91,19.91,1,1,0,0
795,span,"rgb(51, 51, 51)","rgb(238, 238, 238)","rgb(51,51,51)","rgb(238,238,238)",10.89,10.89,1,1,0,0
795,section,"rgb(29, 29, 29)","rgb(255, 255, 255)","rgb(29,29,29)","rgb(255,255,255)",16.86,16.86,1,1,0,0
795,span,"rgb(29, 29, 29)","rgb(241, 136, 37)","rgb(29,29,29)","rgb(241,136,37)",6.65,6.65,1,1,0,0
795,span,"rgb(120, 120, 120)","rgb(255, 255, 255)","rgb(120,120,120)","rgb(255,255,255)",4.42,4.42,0,0,0,0
795,span,"rgb(9, 9, 9)","rgb(241, 136, 37)","rgb(9,9,9)","rgb(241,136,37)",7.86,7.86,1,1,0,0
795,a,"rgb(0, 58, 90)","rgb(255, 255, 255)","rgb(0,58,90)","rgb(255,255,255)",11.98,11.98,1,1,0,0
795,section,"rgb(9, 9, 9)","rgba(255, 255, 255, 0.25)","rgb(9,9,9)","rgb(255,255,255)",19.91,19.91,1,1,0,0
795,span,"rgb(255, 255, 255)","rgb(241, 136, 37)","rgb(255,255,255)","rgb(241,136,37)",2.53,2.53,0,0,0,0
795,section,"rgb(9, 9, 9)","rgb(23, 27, 45)","rgb(9,9,9)","rgb(23,27,45)",1.17,1.17,0,0,0,0
795,div,"rgb(9, 9, 9)","rgba(0, 58, 90, 0.9)","rgb(9,9,9)","rgb(25,78,107)",1.66,2.21,0,0,0,0
795,span,"rgb(0, 0, 0)","rgb(255, 255, 255)","rgb(0,0,0)","rgb(255,255,255)",21,21,1,1,0,0
796,button,"rgb(255, 255, 255)","rgb(97, 167, 63)","rgb(255,255,255)","rgb(97,167,63)",2.95,2.95,0,0,0,0
796,span,"rgb(0, 0, 0)","rgb(255, 255, 255)","rgb(0,0,0)","rgb(255,255,255)",21,21,1,1,0,0
796,button,"rgb(255, 255, 255)","rgb(0, 94, 174)","rgb(255,255,255)","rgb(0,94,174)",6.54,6.54,1,1,0,0
796,button,"rgb(20, 20, 20)","rgb(255, 255, 255)","rgb(20,20,20)","rgb(255,255,255)",18.42,18.42,1,1,0,0
796,li,"rgb(33, 37, 41)","rgb(226, 231, 233)","rgb(33,37,41)","rgb(226,231,233)",12.37,12.37,1,1,0,0
796,li,"rgb(33, 37, 41)","rgb(255, 255, 255)","rgb(33,37,41)","rgb(255,255,255)",15.43,15.43,1,1,0,0
796,span,"rgb(255, 255, 255)","rgb(10, 63, 112)","rgb(255,255,255)","rgb(10,63,112)",10.73,10.73,1,1,0,0
796,div,"rgb(255, 255, 255)","rgb(0, 124, 190)","rgb(255,255,255)","rgb(0,124,190)",4.54,4.54,1,1,0,0
796,a,"rgb(255, 255, 255)","rgb(0, 112, 203)","rgb(255,255,255)","rgb(0,112,203)",5.02,5.02,1,1,0,0
796,p,"rgb(255, 255, 255)","rgb(13, 105, 178)","rgb(255,255,255)","rgb(13,105,178)",5.71,5.71,1,1,0,0
796,p,"rgb(255, 255, 255)","rgb(240, 112, 50)","rgb(255,255,255)","rgb(240,112,50)",2.97,2.97,0,0,0,0
796,p,"rgb(255, 255, 255)","rgb(51, 91, 138)","rgb(255,255,255)","rgb(51,91,138)",6.99,6.99,1,1,0,0
796,div,"rgb(33, 37, 41)","rgb(248, 249, 250)","rgb(33,37,41)","rgb(248,249,250)",14.63,14.63,1,1,0,0
796,div,"rgb(33, 37, 41)","rgb(0, 124, 190)","rgb(33,37,41)","rgb(0,124,190)",3.4,3.4,0,0,0,0
796,a,"rgb(0, 112, 203)","rgb(255, 255, 255)","rgb(0,112,203)","rgb(255,255,255)",5.02,5.02,1,1,0,0
796,div,"rgb(33, 37, 41)","rgb(13, 105, 178)","rgb(33,37,41)","rgb(13,105,178)",2.7,2.7,0,0,0,0
796,div,"rgb(0, 105, 181)","rgb(255, 255, 255)","rgb(0,105,181)","rgb(255,255,255)",5.69,5.69,1,1,0,0
796,div,"rgb(255, 255, 255)","rgb(0, 105, 181)","rgb(255,255,255)","rgb(0,105,181)",5.69,5.69,1,1,0,0
796,div,"rgb(33, 37, 41)","rgb(227, 227, 227)","rgb(33,37,41)","rgb(227,227,227)",12.02,12.02,1,1,0,0
796,div,"rgb(33, 37, 41)","rgb(204, 204, 204)","rgb(33,37,41)","rgb(204,204,204)",9.61,9.61,1,1,0,0
796,span,"rgb(255, 255, 255)","rgb(138, 114, 0)","rgb(255,255,255)","rgb(138,114,0)",4.68,4.68,1,1,0,0
796,span,"rgb(255, 255, 255)","rgb(0, 91, 172)","rgb(255,255,255)","rgb(0,91,172)",6.79,6.79,1,1,0,0
798,div,"rgb(24, 24, 24)","rgb(255, 255, 255)","rgb(24,24,24)","rgb(255,255,255)",17.76,17.76,1,1,0,0
798,button,"rgb(75, 91, 239)","rgb(255, 255, 255)","rgb(75,91,239)","rgb(255,255,255)",5.2,5.2,1,1,0,0
798,button,"rgb(255, 255, 255)","rgb(75, 91, 239)","rgb(255,255,255)","rgb(75,91,239)",5.2,5.2,1,1,0,0
798,div,"rgb(0, 0, 0)","rgb(255, 255, 255)","rgb(0,0,0)","rgb(255,255,255)",21,21,1,1,0,0
798,div,"rgb(0, 0, 0)","rgb(204, 0, 0)","rgb(0,0,0)","rgb(204,0,0)",3.57,3.57,0,0,0,0
798,button,"rgb(255, 255, 255)","rgb(204, 0, 0)","rgb(255,255,255)","rgb(204,0,0)",5.89,5.89,1,1,0,0
798,a,"rgb(0, 0, 0)","rgb(200, 171, 133)","rgb(0,0,0)","rgb(200,171,133)",9.62,9.62,1,1,0,0
798,div,"rgb(0, 0, 0)","rgb(52, 131, 9)","rgb(0,0,0)","rgb(52,131,9)",4.4,4.4,0,0,0,0
798,div,"rgb(0, 0, 0)","rgb(3, 53, 125)","rgb(0,0,0)","rgb(3,53,125)",1.81,1.81,0,0,0,0
798,div,"rgb(0, 0, 0)","rgb(204, 63, 0)","rgb(0,0,0)","rgb(204,63,0)",4.28,4.28,0,0,0,0
799,div,"rgb(68, 68, 68)","rgb(245, 245, 245)","rgb(68,68,68)","rgb(245,245,245)",8.93,8.93,1,1,0,0
800,div,"rgb(51, 51, 51)","rgb(255, 255, 255)","rgb(51,51,51)","rgb(255,255,255)",12.63,12.63,1,1,0,0
800,div,"rgb(51, 51, 51)","rgba(221, 221, 221, 0)","rgb(51,51,51)","rgb(255,255,255)",9.3,12.63,1,1,0,0
800,a,"rgb(255, 255, 255)","rgb(51, 129, 243)","rgb(255,255,255)","rgb(51,129,243)",3.77,3.77,0,0,0,0
800,a,"rgb(0, 10, 115)","rgb(255, 255, 255)","rgb(0,10,115)","rgb(255,255,255)",16.27,16.27,1,1,0,0
800,a,"rgb(255, 255, 255)","rgba(221, 221, 221, 0)","rgb(255,255,255)","rgb(255,255,255)",1.36,1,0,0,0,0
800,a,"rgb(255, 255, 255)","rgb(0, 10, 115)","rgb(255,255,255)","rgb(0,10,115)",16.27,16.27,1,1,0,0
800,section,"rgb(51, 51, 51)","rgb(236, 237, 238)","rgb(51,51,51)","rgb(236,237,238)",10.78,10.78,1,1,0,0
800,button,"rgb(66, 91, 118)","rgb(255, 255, 255)","rgb(66,91,118)","rgb(255,255,255)",7.02,7.02,1,1,0,0
800,button,"rgb(255, 255, 255)","rgb(66, 91, 118)","rgb(255,255,255)","rgb(66,91,118)",7.02,7.02,1,1,0,0
802,a,"rgb(0, 0, 0)","rgb(241, 214, 0)","rgb(0,0,0)","rgb(241,214,0)",14.36,14.36,1,1,0,0
802,div,"rgb(102, 102, 102)","rgb(250, 250, 250)","rgb(102,102,102)","rgb(250,250,250)",5.5,5.5,1,1,0,0
802,div,"rgb(102, 102, 102)","rgb(27, 161, 226)","rgb(102,102,102)","rgb(27,161,226)",1.98,1.98,0,0,0,0
802,a,"rgb(255, 255, 255)","rgb(23, 142, 199)","rgb(255,255,255)","rgb(23,142,199)",3.66,3.66,0,0,0,0
802,a,"rgb(27, 161, 226)","rgb(221, 221, 221)","rgb(27,161,226)","rgb(221,221,221)",2.13,2.13,0,0,0,0
802,a,"rgb(27, 161, 226)","rgb(255, 255, 255)","rgb(27,161,226)","rgb(255,255,255)",2.9,2.9,0,0,0,0
802,div,"rgb(255, 255, 255)","rgb(254, 120, 30)","rgb(255,255,255)","rgb(254,120,30)",2.65,2.65,0,0,0,0
802,div,"rgb(255, 255, 255)","rgb(155, 89, 187)","rgb(255,255,255)","rgb(155,89,187)",4.63,4.63,1,1,0,0
802,div,"rgb(255, 255, 255)","rgb(65, 187, 25)","rgb(255,255,255)","rgb(65,187,25)",2.52,2.52,0,0,0,0
802,div,"rgb(255, 255, 255)","rgb(21, 112, 166)","rgb(255,255,255)","rgb(21,112,166)",5.38,5.38,1,1,0,0
803,div,"rgb(33, 37, 41)","rgb(255, 255, 255)","rgb(33,37,41)","rgb(255,255,255)",15.43,15.43,1,1,0,0
803,div,"rgb(33, 37, 41)","rgb(248, 249, 250)","rgb(33,37,41)","rgb(248,249,250)",14.63,14.63,1,1,0,0
803,a,"rgb(255, 255, 255)","rgb(112, 146, 255)","rgb(255,255,255)","rgb(112,146,255)",2.9,2.9,0,0,0,0
803,div,"rgb(33, 37, 41)","rgb(233, 236, 239)","rgb(33,37,41)","rgb(233,236,239)",13.01,13.01,1,1,0,0
803,div,"rgb(33, 37, 41)","rgba(255, 255, 255, 0.75)","rgb(33,37,41)","rgb(255,255,255)",15.43,15.43,1,1,0,0
806,a,"rgb(37, 37, 37)","rgb(255, 255, 255)","rgb(37,37,37)","rgb(255,255,255)",15.33,15.33,1,1,0,0
806,div,"rgb(255, 255, 255)","rgb(37, 37, 37)","rgb(255,255,255)","rgb(37,37,37)",15.33,15.33,1,1,0,0
806,div,"rgb(255, 255, 255)","rgb(255, 255, 255)","rgb(255,255,255)","rgb(255,255,255)",1,1,0,0,0,0
807,div,"rgb(0, 0, 0)","rgb(255, 255, 255)","rgb(0,0,0)","rgb(255,255,255)",21,21,1,1,0,0
807,div,"rgb(0, 0, 0)","rgb(31, 32, 35)","rgb(0,0,0)","rgb(31,32,35)",1.29,1.29,0,0,0,0
807,a,"rgb(0, 0, 238)","rgba(0, 0, 0, 0.07)","rgb(0,0,238)","rgb(237,237,237)",2.23,8.04,0,1,0,1
807,a,"rgb(0, 0, 238)","rgb(31, 32, 35)","rgb(0,0,238)","rgb(31,32,35)",1.73,1.73,0,0,0,0
807,div,"rgb(0, 0, 0)","rgba(120, 86, 255, 0.1)","rgb(0,0,0)","rgb(242,238,255)",4.57,18.44,1,1,0,0
807,div,"rgb(0, 0, 0)","rgb(51, 0, 31)","rgb(0,0,0)","rgb(51,0,31)",1.16,1.16,0,0,0,0
807,div,"rgb(0, 0, 0)","rgba(255, 117, 87, 0.2)","rgb(0,0,0)","rgb(255,227,221)",7.93,17.33,1,1,0,0
807,a,"rgb(0, 0, 238)","rgb(255, 255, 255)","rgb(0,0,238)","rgb(255,255,255)",9.4,9.4,1,1,0,0
807,div,"rgb(0, 0, 0)","rgb(250, 250, 250)","rgb(0,0,0)","rgb(250,250,250)",20.12,20.12,1,1,0,0
807,div,"rgb(0, 0, 0)","rgb(21, 0, 64)","rgb(0,0,0)","rgb(21,0,64)",1.11,1.11,0,0,0,0
807,a,"rgb(0, 0, 238)","rgba(232, 221, 255, 0)","rgb(0,0,238)","rgb(255,255,255)",7.26,9.4,1,1,0,0
807,a,"rgb(0, 0, 238)","rgba(255, 255, 255, 0.1)","rgb(0,0,238)","rgb(255,255,255)",9.4,9.4,1,1,0,0
807,button,"rgb(0, 0, 0)","rgba(0, 0, 0, 0.07)","rgb(0,0,0)","rgb(237,237,237)",1,17.96,0,1,0,1
807,button,"rgb(255, 255, 255)","rgb(31, 32, 35)","rgb(255,255,255)","rgb(31,32,35)",16.29,16.29,1,1,0,0
809,button,"rgb(31, 32, 68)","rgb(255, 207, 0)","rgb(31,32,68)","rgb(255,207,0)",10.51,10.51,1,1,0,0
809,div,"rgb(0, 0, 0)","rgb(99, 14, 42)","rgb(0,0,0)","rgb(99,14,42)",1.63,1.63,0,0,0,0
809,div,"rgb(0, 0, 0)","rgb(252, 252, 252)","rgb(0,0,0)","rgb(252,252,252)",20.47,20.47,1,1,0,0
809,span,"rgb(54, 54, 54)","rgb(241, 243, 246)","rgb(54,54,54)","rgb(241,243,246)",10.87,10.87,1,1,0,0
809,section,"rgb(0, 0, 0)","rgb(243, 249, 255)","rgb(0,0,0)","rgb(243,249,255)",19.81,19.81,1,1,0,0
811,a,"rgb(34, 38, 40)","rgb(255, 255, 255)","rgb(34,38,40)","rgb(255,255,255)",15.26,15.26,1,1,0,0
811,div,"rgb(0, 0, 0)","rgb(255, 255, 255)","rgb(0,0,0)","rgb(255,255,255)",21,21,1,1,0,0
811,div,"rgb(0, 0, 0)","rgb(205, 227, 255)","rgb(0,0,0)","rgb(205,227,255)",16.03,16.03,1,1,0,0
811,span,"rgb(255, 255, 255)","rgb(221, 0, 0)","rgb(255,255,255)","rgb(221,0,0)",5.15,5.15,1,1,0,0
811,button,"rgb(73, 80, 87)","rgb(205, 227, 255)","rgb(73,80,87)","rgb(205,227,255)",6.24,6.24,1,1,0,0
811,div,"rgb(0, 0, 0)","rgb(0, 78, 64)","rgb(0,0,0)","rgb(0,78,64)",2.16,2.16,0,0,0,0
811,h2,"rgb(33, 37, 41)","rgb(255, 255, 255)","rgb(33,37,41)","rgb(255,255,255)",15.43,15.43,1,1,0,0
811,div,"rgb(0, 0, 0)","rgb(152, 11, 15)","rgb(0,0,0)","rgb(152,11,15)",2.39,2.39,0,0,0,0
811,div,"rgb(0, 0, 0)","rgb(247, 147, 30)","rgb(0,0,0)","rgb(247,147,30)",9.15,9.15,1,1,0,0
811,div,"rgb(0, 0, 0)","rgb(233, 236, 239)","rgb(0,0,0)","rgb(233,236,239)",17.71,17.71,1,1,0,0
811,button,"rgb(73, 80, 87)","rgb(255, 255, 255)","rgb(73,80,87)","rgb(255,255,255)",8.18,8.18,1,1,0,0
811,div,"rgb(0, 0, 0)","rgb(66, 185, 231)","rgb(0,0,0)","rgb(66,185,231)",9.33,9.33,1,1,0,0
811,button,"rgb(73, 80, 87)","rgb(233, 236, 239)","rgb(73,80,87)","rgb(233,236,239)",6.9,6.9,1,1,0,0
812,a,"rgb(250, 250, 250)","rgba(0, 0, 0, 0.8)","rgb(250,250,250)","rgb(51,51,51)",20.12,12.1,1,1,0,0
812,section,"rgb(250, 250, 250)","rgb(4, 7, 20)","rgb(250,250,250)","rgb(4,7,20)",19.24,19.24,1,1,0,0
812,button,"rgb(2, 23, 42)","rgb(2, 214, 232)","rgb(2,23,42)","rgb(2,214,232)",10.17,10.17,1,1,0,0
812,div,"rgb(250, 250, 250)","rgb(0, 0, 0)","rgb(250,250,250)","rgb(0,0,0)",20.12,20.12,1,1,0,0
812,div,"rgb(250, 250, 250)","rgba(183, 184, 189, 0.1)","rgb(250,250,250)","rgb(248,248,248)",1.9,1.02,0,0,0,0
812,a,"rgb(23, 23, 28)","rgb(51, 221, 255)","rgb(23,23,28)","rgb(51,221,255)",10.99,10.99,1,1,0,0
812,a,"rgb(249, 249, 249)","rgb(19, 104, 120)","rgb(249,249,249)","rgb(19,104,120)",6.08,6.08,1,1,0,0
812,div,"rgb(192, 192, 192)","rgb(14, 11, 20)","rgb(192,192,192)","rgb(14,11,20)",10.72,10.72,1,1,0,0
812,button,"rgb(249, 249, 249)","rgb(45, 47, 54)","rgb(249,249,249)","rgb(45,47,54)",12.69,12.69,1,1,0,0
812,button,"rgb(23, 23, 27)","rgb(255, 255, 255)","rgb(23,23,27)","rgb(255,255,255)",17.88,17.88,1,1,0,0
813,button,"rgb(237, 239, 245)","rgb(131, 131, 145)","rgb(237,239,245)","rgb(131,131,145)",3.25,3.25,0,0,0,0
813,button,"rgb(46, 159, 255)","rgb(255, 255, 255)","rgb(46,159,255)","rgb(255,255,255)",2.79,2.79,0,0,0,0
813,div,"rgb(22, 75, 120)","rgb(255, 255, 255)","rgb(22,75,120)","rgb(255,255,255)",9.08,9.08,1,1,0,0
813,div,"rgb(255, 255, 255)","rgb(0, 145, 255)","rgb(255,255,255)","rgb(0,145,255)",3.23,3.23,0,0,0,0
813,section,"rgb(22, 75, 120)","rgb(235, 254, 255)","rgb(22,75,120)","rgb(235,254,255)",8.72,8.72,1,1,0,0
813,a,"rgb(255, 255, 255)","rgb(4, 37, 82)","rgb(255,255,255)","rgb(4,37,82)",15.09,15.09,1,1,0,0
813,a,"rgb(255, 255, 255)","rgb(255, 255, 255)","rgb(255,255,255)","rgb(255,255,255)",1,1,0,0,0,0
814,div,"rgb(0, 0, 0)","rgb(0, 95, 247)","rgb(0,0,0)","rgb(0,95,247)",3.98,3.98,0,0,0,0
814,section,"rgb(0, 0, 0)","rgb(4, 24, 43)","rgb(0,0,0)","rgb(4,24,43)",1.17,1.17,0,0,0,0
814,div,"rgb(255, 255, 255)","rgb(0, 95, 247)","rgb(255,255,255)","rgb(0,95,247)",5.28,5.28,1,1,0,0
814,section,"rgb(0, 0, 0)","rgb(255, 255, 255)","rgb(0,0,0)","rgb(255,255,255)",21,21,1,1,0,0
814,section,"rgb(0, 0, 0)","rgb(242, 250, 255)","rgb(0,0,0)","rgb(242,250,255)",19.89,19.89,1,1,0,0
816,button,"rgb(0, 0, 0)","rgb(0, 0, 0)","rgb(0,0,0)","rgb(0,0,0)",1,1,0,0,0,0
816,div,"rgb(0, 0, 0)","rgb(23, 23, 23)","rgb(0,0,0)","rgb(23,23,23)",1.17,1.17,0,0,0,0
816,div,"rgb(0, 0, 0)","rgb(237, 237, 237)","rgb(0,0,0)","rgb(237,237,237)",17.94,17.94,1,1,0,0
816,div,"rgb(0, 0, 0)","rgb(255, 255, 255)","rgb(0,0,0)","rgb(255,255,255)",21,21,1,1,0,0
816,div,"rgb(0, 0, 0)","rgb(240, 199, 191)","rgb(0,0,0)","rgb(240,199,191)",13.63,13.63,1,1,0,0
816,span,"rgb(23, 43, 77)","rgb(255, 255, 255)","rgb(23,43,77)","rgb(255,255,255)",14.1,14.1,1,1,0,0
816,div,"rgb(0, 0, 0)","rgb(239, 239, 239)","rgb(0,0,0)","rgb(239,239,239)",18.26,18.26,1,1,0,0
816,button,"rgb(255, 255, 255)","rgb(0, 0, 0)","rgb(255,255,255)","rgb(0,0,0)",21,21,1,1,0,0
818,button,"rgb(255, 255, 255)","rgb(39, 49, 67)","rgb(255,255,255)","rgb(39,49,67)",13.07,13.07,1,1,0,0
818,button,"rgb(39, 49, 67)","rgb(255, 255, 255)","rgb(39,49,67)","rgb(255,255,255)",13.07,13.07,1,1,0,0
818,section,"rgb(0, 0, 0)","rgb(39, 49, 67)","rgb(0,0,0)","rgb(39,49,67)",1.61,1.61,0,0,0,0
818,section,"rgb(0, 0, 0)","rgb(255, 255, 255)","rgb(0,0,0)","rgb(255,255,255)",21,21,1,1,0,0
818,div,"rgb(0, 0, 0)","rgb(234, 238, 253)","rgb(0,0,0)","rgb(234,238,253)",18.15,18.15,1,1,0,0
818,div,"rgb(255, 255, 255)","rgb(255, 255, 255)","rgb(255,255,255)","rgb(255,255,255)",1,1,0,0,0,0
818,div,"rgb(255, 255, 255)","rgb(205, 215, 234)","rgb(255,255,255)","rgb(205,215,234)",1.45,1.45,0,0,0,0
818,div,"rgb(255, 255, 255)","rgb(85, 95, 255)","rgb(255,255,255)","rgb(85,95,255)",4.7,4.7,1,1,0,0
818,a,"rgb(85, 95, 255)","rgb(255, 255, 255)","rgb(85,95,255)","rgb(255,255,255)",4.7,4.7,1,1,0,0
820,div,"rgb(36, 47, 51)","rgb(0, 67, 89)","rgb(36,47,51)","rgb(0,67,89)",1.27,1.27,0,0,0,0
820,a,"rgb(255, 255, 255)","rgb(0, 153, 204)","rgb(255,255,255)","rgb(0,153,204)",3.27,3.27,0,0,0,0
820,div,"rgb(36, 47, 51)","rgb(112, 119, 120)","rgb(36,47,51)","rgb(112,119,120)",3.01,3.01,0,0,0,0
820,a,"rgb(255, 255, 255)","rgb(0, 193, 255)","rgb(255,255,255)","rgb(0,193,255)",2.08,2.08,0,0,0,0
820,div,"rgb(36, 47, 51)","rgb(247, 249, 250)","rgb(36,47,51)","rgb(247,249,250)",13,13,1,1,0,0
820,span,"rgb(122, 145, 153)","rgb(255, 255, 255)","rgb(122,145,153)","rgb(255,255,255)",3.31,3.31,0,0,0,0
820,div,"rgb(36, 47, 51)","rgb(255, 255, 255)","rgb(36,47,51)","rgb(255,255,255)",13.73,13.73,1,1,0,0
820,div,"rgb(255, 255, 255)","rgb(0, 48, 63)","rgb(255,255,255)","rgb(0,48,63)",14.05,14.05,1,1,0,0
820,a,"rgb(255, 255, 255)","rgb(25, 66, 87)","rgb(255,255,255)","rgb(25,66,87)",10.72,10.72,1,1,0,0
820,div,"rgb(255, 255, 255)","rgb(247, 249, 250)","rgb(255,255,255)","rgb(247,249,250)",1.06,1.06,0,0,0,0
821,a,"rgb(27, 27, 27)","rgb(235, 99, 149)","rgb(27,27,27)","rgb(235,99,149)",5.54,5.54,1,1,0,0
822,section,"rgb(50, 50, 50)","rgb(255, 255, 255)","rgb(50,50,50)","rgb(255,255,255)",12.82,12.82,1,1,0,0
822,div,"rgb(255, 255, 255)","rgb(28, 0, 63)","rgb(255,255,255)","rgb(28,0,63)",18.73,18.73,1,1,0,0
822,div,"rgb(200, 200, 200)","rgb(0, 0, 0)","rgb(200,200,200)","rgb(0,0,0)",12.55,12.55,1,1,0,0
822,div,"rgb(50, 50, 50)","rgb(243, 243, 243)","rgb(50,50,50)","rgb(243,243,243)",11.55,11.55,1,1,0,0
822,a,"rgb(45, 0, 102)","rgb(255, 255, 255)","rgb(45,0,102)","rgb(255,255,255)",16.11,16.11,1,1,0,0
822,button,"rgb(50, 50, 50)","rgb(246, 246, 249)","rgb(50,50,50)","rgb(246,246,249)",11.89,11.89,1,1,0,0
822,button,"rgb(255, 255, 255)","rgb(50, 50, 50)","rgb(255,255,255)","rgb(50,50,50)",12.82,12.82,1,1,0,0
823,div,"rgb(0, 0, 0)","rgb(4, 23, 44)","rgb(0,0,0)","rgb(4,23,44)",1.16,1.16,0,0,0,0
824,div,"rgb(22, 56, 96)","rgb(255, 255, 255)","rgb(22,56,96)","rgb(255,255,255)",11.87,11.87,1,1,0,0
824,a,"rgb(22, 56, 96)","rgb(236, 182, 47)","rgb(22,56,96)","rgb(236,182,47)",6.39,6.39,1,1,0,0
824,div,"rgb(22, 56, 96)","rgb(242, 242, 242)","rgb(22,56,96)","rgb(242,242,242)",10.61,10.61,1,1,0,0
824,div,"rgb(255, 255, 255)","rgb(3, 21, 38)","rgb(255,255,255)","rgb(3,21,38)",18.44,18.44,1,1,0,0
824,button,"rgb(22, 56, 96)","rgb(211, 231, 255)","rgb(22,56,96)","rgb(211,231,255)",9.41,9.41,1,1,0,0
824,div,"rgb(0, 0, 0)","rgb(242, 242, 242)","rgb(0,0,0)","rgb(242,242,242)",18.76,18.76,1,1,0,0
824,span,"rgb(114, 114, 114)","rgb(255, 255, 255)","rgb(114,114,114)","rgb(255,255,255)",4.81,4.81,1,1,0,0
824,a,"rgb(255, 255, 255)","rgba(0, 0, 0, 0.32)","rgb(255,255,255)","rgb(173,173,173)",21,2.23,1,0,1,0
824,a,"rgb(255, 255, 255)","rgb(22, 56, 96)","rgb(255,255,255)","rgb(22,56,96)",11.87,11.87,1,1,0,0
825,a,"rgb(255, 255, 255)","rgb(254, 89, 129)","rgb(255,255,255)","rgb(254,89,129)",3.02,3.02,0,0,0,0
825,section,"rgb(12, 22, 59)","rgb(22, 36, 54)","rgb(12,22,59)","rgb(22,36,54)",1.12,1.12,0,0,0,0
825,section,"rgb(12, 22, 59)","rgb(14, 26, 39)","rgb(12,22,59)","rgb(14,26,39)",1,1,0,0,0,0
825,div,"rgb(12, 22, 59)","rgba(255, 255, 255, 0.06)","rgb(12,22,59)","rgb(255,255,255)",17.59,17.59,1,1,0,0
825,a,"rgb(255, 255, 255)","rgb(13, 154, 255)","rgb(255,255,255)","rgb(13,154,255)",2.96,2.96,0,0,0,0
825,div,"rgb(12, 22, 59)","rgba(255, 255, 255, 0.1)","rgb(12,22,59)","rgb(255,255,255)",17.59,17.59,1,1,0,0
825,section,"rgb(12, 22, 59)","rgb(231, 245, 255)","rgb(12,22,59)","rgb(231,245,255)",15.84,15.84,1,1,0,0
825,a,"rgb(63, 95, 255)","rgb(190, 215, 252)","rgb(63,95,255)","rgb(190,215,252)",3.34,3.34,0,0,0,0
825,a,"rgb(63, 95, 255)","rgb(0, 0, 0)","rgb(63,95,255)","rgb(0,0,0)",4.29,4.29,0,0,0,0
825,div,"rgb(63, 95, 255)","rgba(0, 0, 0, 0.4)","rgb(63,95,255)","rgb(153,153,153)",4.29,1.72,0,0,0,0
825,section,"rgb(12, 22, 59)","rgb(255, 255, 255)","rgb(12,22,59)","rgb(255,255,255)",17.59,17.59,1,1,0,0
825,section,"rgb(12, 22, 59)","rgb(13, 30, 50)","rgb(12,22,59)","rgb(13,30,50)",1.05,1.05,0,0,0,0
825,div,"rgb(179, 207, 251)","rgb(5, 13, 44)","rgb(179,207,251)","rgb(5,13,44)",12.03,12.03,1,1,0,0
825,button,"rgb(0, 149, 255)","rgb(255, 255, 255)","rgb(0,149,255)","rgb(255,255,255)",3.11,3.11,0,0,0,0
825,button,"rgb(255, 255, 255)","rgb(0, 149, 255)","rgb(255,255,255)","rgb(0,149,255)",3.11,3.11,0,0,0,0
827,div,"rgb(33, 37, 41)","rgb(237, 237, 237)","rgb(33,37,41)","rgb(237,237,237)",13.18,13.18,1,1,0,0
827,p,"rgb(0, 75, 135)","rgb(237, 237, 237)","rgb(0,75,135)","rgb(237,237,237)",7.61,7.61,1,1,0,0
827,div,"rgb(33, 37, 41)","rgb(247, 247, 247)","rgb(33,37,41)","rgb(247,247,247)",14.4,14.4,1,1,0,0
827,div,"rgb(33, 37, 41)","rgb(233, 236, 239)","rgb(33,37,41)","rgb(233,236,239)",13.01,13.01,1,1,0,0
827,button,"rgb(33, 37, 41)","rgb(255, 255, 255)","rgb(33,37,41)","rgb(255,255,255)",15.43,15.43,1,1,0,0
827,div,"rgb(33, 37, 41)","rgb(231, 246, 248)","rgb(33,37,41)","rgb(231,246,248)",13.91,13.91,1,1,0,0
827,a,"rgb(255, 255, 255)","rgb(0, 75, 135)","rgb(255,255,255)","rgb(0,75,135)",8.91,8.91,1,1,0,0
827,div,"rgb(89, 89, 89)","rgb(255, 255, 255)","rgb(89,89,89)","rgb(255,255,255)",7,7,1,1,0,0
827,li,"rgb(33, 37, 41)","rgb(0, 75, 135)","rgb(33,37,41)","rgb(0,75,135)",1.73,1.73,0,0,0,0
828,a,"rgb(0, 0, 0)","rgb(53, 237, 126)","rgb(0,0,0)","rgb(53,237,126)",13.57,13.57,1,1,0,0
828,a,"rgb(0, 0, 0)","rgb(255, 255, 255)","rgb(0,0,0)","rgb(255,255,255)",21,21,1,1,0,0
828,a,"rgb(35, 39, 42)","rgb(255, 255, 255)","rgb(35,39,42)","rgb(255,255,255)",15.05,15.05,1,1,0,0
828,button,"rgb(255, 255, 255)","rgb(88, 101, 242)","rgb(255,255,255)","rgb(88,101,242)",4.61,4.61,1,1,0,0
828,div,"rgb(0, 0, 0)","rgba(32, 38, 154, 0)","rgb(0,0,0)","rgb(255,255,255)",1.81,21,0,1,0,1
828,div,"rgb(0, 0, 0)","rgb(0, 0, 0)","rgb(0,0,0)","rgb(0,0,0)",1,1,0,0,0,0
828,div,"rgb(255, 255, 255)","rgba(255, 255, 255, 0.1)","rgb(255,255,255)","rgb(255,255,255)",1,1,0,0,0,0
828,button,"rgb(0, 176, 244)","rgb(255, 255, 255)","rgb(0,176,244)","rgb(255,255,255)",2.47,2.47,0,0,0,0
828,button,"rgb(255, 255, 255)","rgb(35, 39, 42)","rgb(255,255,255)","rgb(35,39,42)",15.05,15.05,1,1,0,0
832,div,"rgb(0, 0, 0)","rgb(247, 248, 250)","rgb(0,0,0)","rgb(247,248,250)",19.76,19.76,1,1,0,0
832,div,"rgb(0, 0, 0)","rgb(255, 255, 255)","rgb(0,0,0)","rgb(255,255,255)",21,21,1,1,0,0
832,div,"rgb(0, 0, 0)","rgb(233, 237, 245)","rgb(0,0,0)","rgb(233,237,245)",17.9,17.9,1,1,0,0
832,div,"rgb(0, 0, 0)","rgb(245, 245, 245)","rgb(0,0,0)","rgb(245,245,245)",19.26,19.26,1,1,0,0
832,div,"rgb(255, 255, 255)","rgb(255, 255, 255)","rgb(255,255,255)","rgb(255,255,255)",1,1,0,0,0,0
832,div,"rgb(36, 41, 51)","rgb(255, 255, 255)","rgb(36,41,51)","rgb(255,255,255)",14.58,14.58,1,1,0,0
832,button,"rgb(65, 95, 255)","rgb(255, 255, 255)","rgb(65,95,255)","rgb(255,255,255)",4.88,4.88,1,1,0,0
834,a,"rgb(0, 0, 0)","rgba(255, 255, 255, 0.5)","rgb(0,0,0)","rgb(255,255,255)",21,21,1,1,0,0
834,div,"rgb(255, 255, 255)","rgb(77, 107, 254)","rgb(255,255,255)","rgb(77,107,254)",4.33,4.33,0,0,0,0
835,section,"rgb(75, 75, 75)","rgba(241, 61, 65, 0)","rgb(75,75,75)","rgb(255,255,255)",2.28,8.72,0,1,0,1
835,a,"rgb(0, 161, 126)","rgba(255, 255, 255, 0)","rgb(0,161,126)","rgb(255,255,255)",3.28,3.28,0,0,0,0
835,a,"rgb(255, 255, 255)","rgb(0, 161, 126)","rgb(255,255,255)","rgb(0,161,126)",3.28,3.28,0,0,0,0
835,section,"rgb(75, 75, 75)","rgb(236, 236, 236)","rgb(75,75,75)","rgb(236,236,236)",7.38,7.38,1,1,0,0
835,div,"rgb(75, 75, 75)","rgb(255, 255, 255)","rgb(75,75,75)","rgb(255,255,255)",8.72,8.72,1,1,0,0
835,section,"rgb(75, 75, 75)","rgb(55, 86, 86)","rgb(75,75,75)","rgb(55,86,86)",1.09,1.09,0,0,0,0
835,h5,"rgb(255, 255, 255)","rgb(55, 86, 86)","rgb(255,255,255)","rgb(55,86,86)",7.99,7.99,1,1,0,0
835,td,"rgb(75, 75, 75)","rgb(220, 242, 237)","rgb(75,75,75)","rgb(220,242,237)",7.46,7.46,1,1,0,0
836,div,"rgb(0, 0, 0)","rgb(245, 245, 245)","rgb(0,0,0)","rgb(245,245,245)",19.26,19.26,1,1,0,0
836,a,"rgb(153, 153, 153)","rgb(238, 238, 238)","rgb(153,153,153)","rgb(238,238,238)",2.46,2.46,0,0,0,0
836,a,"rgb(0, 0, 238)","rgb(248, 248, 248)","rgb(0,0,238)","rgb(248,248,248)",8.85,8.85,1,1,0,0
836,div,"rgb(0, 0, 0)","rgb(248, 248, 248)","rgb(0,0,0)","rgb(248,248,248)",19.77,19.77,1,1,0,0
836,div,"rgb(0, 0, 0)","rgb(255, 255, 255)","rgb(0,0,0)","rgb(255,255,255)",21,21,1,1,0,0
836,div,"rgb(0, 0, 0)","rgb(252, 171, 100)","rgb(0,0,0)","rgb(252,171,100)",11.15,11.15,1,1,0,0
836,div,"rgb(0, 0, 0)","rgb(46, 47, 50)","rgb(0,0,0)","rgb(46,47,50)",1.57,1.57,0,0,0,0
836,a,"rgb(46, 47, 50)","rgb(255, 255, 255)","rgb(46,47,50)","rgb(255,255,255)",13.39,13.39,1,1,0,0
839,section,"rgb(75, 75, 75)","rgba(241, 61, 65, 0)","rgb(75,75,75)","rgb(255,255,255)",2.28,8.72,0,1,0,1
839,a,"rgb(0, 161, 126)","rgba(255, 255, 255, 0)","rgb(0,161,126)","rgb(255,255,255)",3.28,3.28,0,0,0,0
839,a,"rgb(255, 255, 255)","rgb(0, 161, 126)","rgb(255,255,255)","rgb(0,161,126)",3.28,3.28,0,0,0,0
839,section,"rgb(75, 75, 75)","rgb(236, 236, 236)","rgb(75,75,75)","rgb(236,236,236)",7.38,7.38,1,1,0,0
839,div,"rgb(75, 75, 75)","rgb(255, 255, 255)","rgb(75,75,75)","rgb(255,255,255)",8.72,8.72,1,1,0,0
839,section,"rgb(75, 75, 75)","rgb(55, 86, 86)","rgb(75,75,75)","rgb(55,86,86)",1.09,1.09,0,0,0,0
839,h5,"rgb(255, 255, 255)","rgb(55, 86, 86)","rgb(255,255,255)","rgb(55,86,86)",7.99,7.99,1,1,0,0
839,td,"rgb(75, 75, 75)","rgb(220, 242, 237)","rgb(75,75,75)","rgb(220,242,237)",7.46,7.46,1,1,0,0
842,div,"rgb(255, 255, 255)","rgb(0, 0, 0)","rgb(255,255,255)","rgb(0,0,0)",21,21,1,1,0,0
842,a,"rgb(255, 255, 255)","rgb(31, 31, 31)","rgb(255,255,255)","rgb(31,31,31)",16.48,16.48,1,1,0,0
842,span,"rgb(204, 204, 204)","rgb(0, 0, 0)","rgb(204,204,204)","rgb(0,0,0)",13.08,13.08,1,1,0,0
842,div,"rgb(255, 255, 255)","rgb(47, 47, 47)","rgb(255,255,255)","rgb(47,47,47)",13.39,13.39,1,1,0,0
842,label,"rgb(198, 198, 198)","rgb(33, 33, 33)","rgb(198,198,198)","rgb(33,33,33)",9.43,9.43,1,1,0,0
842,div,"rgb(255, 255, 255)","rgb(14, 14, 14)","rgb(255,255,255)","rgb(14,14,14)",19.3,19.3,1,1,0,0
842,div,"rgb(255, 255, 255)","rgb(37, 37, 37)","rgb(255,255,255)","rgb(37,37,37)",15.33,15.33,1,1,0,0
842,a,"rgb(0, 0, 0)","rgb(255, 163, 26)","rgb(0,0,0)","rgb(255,163,26)",10.51,10.51,1,1,0,0
842,a,"rgb(255, 255, 255)","rgb(21, 21, 21)","rgb(255,255,255)","rgb(21,21,21)",18.26,18.26,1,1,0,0
842,button,"rgb(198, 198, 198)","rgb(47, 47, 47)","rgb(198,198,198)","rgb(47,47,47)",7.84,7.84,1,1,0,0
842,a,"rgb(255, 153, 0)","rgb(0, 0, 0)","rgb(255,153,0)","rgb(0,0,0)",9.81,9.81,1,1,0,0
842,a,"rgb(47, 47, 47)","rgb(14, 14, 14)","rgb(47,47,47)","rgb(14,14,14)",1.44,1.44,0,0,0,0
842,a,"rgb(198, 198, 198)","rgb(21, 21, 21)","rgb(198,198,198)","rgb(21,21,21)",10.69,10.69,1,1,0,0
842,a,"rgb(0, 0, 0)","rgb(255, 153, 0)","rgb(0,0,0)","rgb(255,153,0)",9.81,9.81,1,1,0,0
844,div,"rgb(0, 0, 0)","rgb(255, 255, 255)","rgb(0,0,0)","rgb(255,255,255)",21,21,1,1,0,0
844,a,"rgb(255, 255, 255)","rgb(0, 0, 0)","rgb(255,255,255)","rgb(0,0,0)",21,21,1,1,0,0
844,a,"rgb(255, 255, 255)","rgb(77, 73, 252)","rgb(255,255,255)","rgb(77,73,252)",5.72,5.72,1,1,0,0
844,button,"rgb(0, 0, 0)","rgba(0, 0, 0, 0.08)","rgb(0,0,0)","rgb(235,235,235)",1,17.55,0,1,0,1
844,section,"rgb(0, 0, 0)","rgb(243, 255, 227)","rgb(0,0,0)","rgb(243,255,227)",20.22,20.22,1,1,0,0
844,section,"rgb(0, 0, 0)","rgb(226, 226, 226)","rgb(0,0,0)","rgb(226,226,226)",16.21,16.21,1,1,0,0
844,a,"rgb(0, 0, 0)","rgb(228, 255, 151)","rgb(0,0,0)","rgb(228,255,151)",19.05,19.05,1,1,0,0
844,a,"rgb(0, 0, 0)","rgb(0, 182, 255)","rgb(0,0,0)","rgb(0,182,255)",9.14,9.14,1,1,0,0
844,a,"rgb(0, 0, 0)","rgb(36, 203, 113)","rgb(0,0,0)","rgb(36,203,113)",9.86,9.86,1,1,0,0
844,a,"rgb(0, 0, 0)","rgb(196, 186, 255)","rgb(0,0,0)","rgb(196,186,255)",11.81,11.81,1,1,0,0
844,a,"rgb(0, 0, 0)","rgb(149, 185, 172)","rgb(0,0,0)","rgb(149,185,172)",9.81,9.81,1,1,0,0
844,a,"rgb(0, 0, 0)","rgb(255, 114, 55)","rgb(0,0,0)","rgb(255,114,55)",7.71,7.71,1,1,0,0
844,a,"rgb(0, 0, 0)","rgb(203, 159, 210)","rgb(0,0,0)","rgb(203,159,210)",9.43,9.43,1,1,0,0
844,a,"rgb(0, 0, 0)","rgb(255, 201, 193)","rgb(0,0,0)","rgb(255,201,193)",14.38,14.38,1,1,0,0
844,a,"rgb(255, 255, 255)","rgb(114, 28, 28)","rgb(255,255,255)","rgb(114,28,28)",11.06,11.06,1,1,0,0
844,a,"rgb(0, 0, 0)","rgb(199, 248, 251)","rgb(0,0,0)","rgb(199,248,251)",18.25,18.25,1,1,0,0
844,div,"rgb(255, 255, 255)","rgba(255, 255, 255, 0.16)","rgb(255,255,255)","rgb(255,255,255)",1,1,0,0,0,0
846,div,"rgb(25, 27, 31)","rgb(184, 229, 248)","rgb(25,27,31)","rgb(184,229,248)",12.81,12.81,1,1,0,0
846,div,"rgb(25, 27, 31)","rgb(255, 255, 255)","rgb(25,27,31)","rgb(255,255,255)",17.24,17.24,1,1,0,0
846,button,"rgb(132, 145, 165)","rgb(255, 255, 255)","rgb(132,145,165)","rgb(255,255,255)",3.19,3.19,0,0,0,0
846,button,"rgb(255, 255, 255)","rgb(23, 114, 246)","rgb(255,255,255)","rgb(23,114,246)",4.4,4.4,0,0,0,0
847,div,"rgba(0, 0, 0, 0.88)","rgb(255, 255, 255)","rgb(31,31,31)","rgb(255,255,255)",21,16.56,1,1,0,0
847,div,"rgba(0, 0, 0, 0.88)","rgb(242, 242, 247)","rgb(29,29,30)","rgb(242,242,247)",18.82,15.09,1,1,0,0
854,a,"rgb(25, 25, 25)","rgb(255, 255, 255)","rgb(25,25,25)","rgb(255,255,255)",17.58,17.58,1,1,0,0
854,button,"rgb(0, 0, 0)","rgb(255, 255, 255)","rgb(0,0,0)","rgb(255,255,255)",21,21,1,1,0,0
854,button,"rgb(255, 255, 255)","rgb(9, 104, 246)","rgb(255,255,255)","rgb(9,104,246)",4.86,4.86,1,1,0,0
854,div,"rgb(47, 4, 30)","rgb(181, 107, 240)","rgb(47,4,30)","rgb(181,107,240)",5.47,5.47,1,1,0,0
854,a,"rgb(181, 107, 240)","rgb(47, 4, 30)","rgb(181,107,240)","rgb(47,4,30)",5.47,5.47,1,1,0,0
854,div,"rgb(25, 25, 25)","rgb(247, 247, 247)","rgb(25,25,25)","rgb(247,247,247)",16.41,16.41,1,1,0,0
854,a,"rgb(247, 247, 247)","rgb(25, 25, 25)","rgb(247,247,247)","rgb(25,25,25)",16.41,16.41,1,1,0,0
854,div,"rgb(240, 252, 225)","rgb(52, 81, 16)","rgb(240,252,225)","rgb(52,81,16)",8.46,8.46,1,1,0,0
854,a,"rgb(52, 81, 16)","rgb(240, 252, 225)","rgb(52,81,16)","rgb(240,252,225)",8.46,8.46,1,1,0,0
854,a,"rgb(25, 25, 25)","rgb(76, 225, 96)","rgb(25,25,25)","rgb(76,225,96)",10.25,10.25,1,1,0,0
854,button,"rgb(112, 112, 112)","rgb(255, 255, 255)","rgb(112,112,112)","rgb(255,255,255)",4.95,4.95,1,1,0,0
855,div,"rgb(51, 51, 51)","rgb(238, 0, 28)","rgb(51,51,51)","rgb(238,0,28)",2.8,2.8,0,0,0,0
855,div,"rgb(51, 51, 51)","rgb(255, 255, 255)","rgb(51,51,51)","rgb(255,255,255)",12.63,12.63,1,1,0,0
855,div,"rgb(255, 255, 255)","rgb(238, 0, 28)","rgb(255,255,255)","rgb(238,0,28)",4.51,4.51,1,1,0,0
855,div,"rgb(51, 51, 51)","rgb(240, 242, 243)","rgb(51,51,51)","rgb(240,242,243)",11.25,11.25,1,1,0,0
855,div,"rgb(51, 51, 51)","rgb(248, 248, 248)","rgb(51,51,51)","rgb(248,248,248)",11.9,11.9,1,1,0,0
855,div,"rgb(255, 255, 255)","rgba(51, 51, 51, 0.55)","rgb(255,255,255)","rgb(143,143,143)",12.63,3.24,1,0,1,0
855,div,"rgb(255, 255, 255)","rgb(21, 111, 188)","rgb(255,255,255)","rgb(21,111,188)",5.21,5.21,1,1,0,0
856,a,"rgb(0, 0, 0)","rgb(255, 255, 255)","rgb(0,0,0)","rgb(255,255,255)",21,21,1,1,0,0
856,div,"rgb(1, 1, 1)","rgb(255, 255, 255)","rgb(1,1,1)","rgb(255,255,255)",20.87,20.87,1,1,0,0
856,a,"rgb(255, 255, 255)","rgb(238, 0, 20)","rgb(255,255,255)","rgb(238,0,20)",4.52,4.52,1,1,0,0
856,section,"rgb(0, 0, 0)","rgb(254, 214, 0)","rgb(0,0,0)","rgb(254,214,0)",14.83,14.83,1,1,0,0
856,section,"rgb(0, 0, 0)","rgb(248, 249, 251)","rgb(0,0,0)","rgb(248,249,251)",19.93,19.93,1,1,0,0
856,section,"rgb(255, 255, 255)","rgb(0, 96, 180)","rgb(255,255,255)","rgb(0,96,180)",6.3,6.3,1,1,0,0
856,section,"rgb(0, 0, 0)","rgb(243, 245, 249)","rgb(0,0,0)","rgb(243,245,249)",19.24,19.24,1,1,0,0
856,div,"rgb(0, 0, 0)","rgb(11, 13, 31)","rgb(0,0,0)","rgb(11,13,31)",1.09,1.09,0,0,0,0
858,div,"rgb(0, 0, 0)","rgb(255, 255, 255)","rgb(0,0,0)","rgb(255,255,255)",21,21,1,1,0,0
858,div,"rgb(0, 0, 0)","rgb(22, 8, 102)","rgb(0,0,0)","rgb(22,8,102)",1.26,1.26,0,0,0,0
860,button,"rgb(62, 108, 234)","rgb(255, 255, 255)","rgb(62,108,234)","rgb(255,255,255)",4.63,4.63,1,1,0,0
860,a,"rgb(83, 146, 249)","rgb(255, 255, 255)","rgb(83,146,249)","rgb(255,255,255)",3.07,3.07,0,0,0,0
860,section,"rgb(42, 42, 46)","rgb(255, 255, 255)","rgb(42,42,46)","rgb(255,255,255)",14.29,14.29,1,1,0,0
860,div,"rgb(255, 255, 255)","rgb(225, 45, 45)","rgb(255,255,255)","rgb(225,45,45)",4.55,4.55,1,1,0,0
860,button,"rgb(32, 103, 218)","rgb(255, 255, 255)","rgb(32,103,218)","rgb(255,255,255)",5.23,5.23,1,1,0,0
860,button,"rgb(32, 103, 218)","rgba(255, 255, 255, 0)","rgb(32,103,218)","rgb(255,255,255)",5.23,5.23,1,1,0,0
860,div,"rgb(0, 0, 0)","rgb(248, 247, 249)","rgb(0,0,0)","rgb(248,247,249)",19.66,19.66,1,1,0,0
860,button,"rgb(23, 81, 174)","rgb(229, 239, 255)","rgb(23,81,174)","rgb(229,239,255)",6.42,6.42,1,1,0,0
860,button,"rgb(37, 44, 56)","rgb(255, 255, 255)","rgb(37,44,56)","rgb(255,255,255)",14.04,14.04,1,1,0,0
860,div,"rgb(0, 0, 0)","rgb(255, 255, 255)","rgb(0,0,0)","rgb(255,255,255)",21,21,1,1,0,0
860,button,"rgb(255, 255, 255)","rgb(32, 103, 218)","rgb(255,255,255)","rgb(32,103,218)",5.23,5.23,1,1,0,0
860,div,"rgb(0, 0, 0)","rgb(239, 244, 252)","rgb(0,0,0)","rgb(239,244,252)",19.02,19.02,1,1,0,0
860,div,"rgb(215, 215, 219)","rgb(42, 42, 46)","rgb(215,215,219)","rgb(42,42,46)",9.96,9.96,1,1,0,0
861,div,"rgb(33, 33, 33)","rgb(240, 240, 240)","rgb(33,33,33)","rgb(240,240,240)",14.13,14.13,1,1,0,0
861,div,"rgb(33, 33, 33)","rgb(255, 255, 255)","rgb(33,33,33)","rgb(255,255,255)",16.1,16.1,1,1,0,0
861,div,"rgb(255, 255, 255)","rgb(220, 0, 29)","rgb(255,255,255)","rgb(220,0,29)",5.17,5.17,1,1,0,0
861,div,"rgb(33, 33, 33)","rgb(255, 215, 245)","rgb(33,33,33)","rgb(255,215,245)",12.49,12.49,1,1,0,0
861,div,"rgb(109, 109, 109)","rgb(255, 255, 255)","rgb(109,109,109)","rgb(255,255,255)",5.17,5.17,1,1,0,0
861,span,"rgb(34, 34, 34)","rgb(230, 230, 230)","rgb(34,34,34)","rgb(230,230,230)",12.75,12.75,1,1,0,0
861,button,"rgb(33, 33, 33)","rgb(229, 229, 229)","rgb(33,33,33)","rgb(229,229,229)",12.78,12.78,1,1,0,0
862,a,"rgb(255, 255, 255)","rgb(21, 21, 21)","rgb(255,255,255)","rgb(21,21,21)",18.26,18.26,1,1,0,0
862,span,"rgb(0, 0, 0)","rgb(255, 255, 255)","rgb(0,0,0)","rgb(255,255,255)",21,21,1,1,0,0
862,span,"rgb(0, 0, 0)","rgba(255, 255, 255, 0)","rgb(0,0,0)","rgb(255,255,255)",21,21,1,1,0,0
862,div,"rgb(74, 74, 74)","rgb(21, 21, 21)","rgb(74,74,74)","rgb(21,21,21)",2.06,2.06,0,0,0,0
862,div,"rgb(74, 74, 74)","rgb(255, 255, 255)","rgb(74,74,74)","rgb(255,255,255)",8.86,8.86,1,1,0,0
863,div,"rgb(0, 0, 0)","rgb(255, 255, 255)","rgb(0,0,0)","rgb(255,255,255)",21,21,1,1,0,0
863,div,"rgb(0, 0, 0)","rgb(237, 240, 255)","rgb(0,0,0)","rgb(237,240,255)",18.51,18.51,1,1,0,0
863,section,"rgb(0, 0, 0)","rgb(0, 6, 37)","rgb(0,0,0)","rgb(0,6,37)",1.05,1.05,0,0,0,0
863,div,"rgb(255, 255, 255)","rgb(53, 87, 255)","rgb(255,255,255)","rgb(53,87,255)",5.3,5.3,1,1,0,0
863,div,"rgb(0, 0, 0)","rgb(0, 21, 124)","rgb(0,0,0)","rgb(0,21,124)",1.4,1.4,0,0,0,0
863,button,"rgb(118, 118, 116)","rgb(179, 179, 179)","rgb(118,118,116)","rgb(179,179,179)",2.17,2.17,0,0,0,0
863,a,"rgb(28, 27, 27)","rgb(255, 255, 255)","rgb(28,27,27)","rgb(255,255,255)",17.19,17.19,1,1,0,0
863,section,"rgb(0, 0, 0)","rgb(248, 248, 248)","rgb(0,0,0)","rgb(248,248,248)",19.77,19.77,1,1,0,0
863,button,"rgb(103, 103, 103)","rgb(179, 179, 179)","rgb(103,103,103)","rgb(179,179,179)",2.7,2.7,0,0,0,0
863,a,"rgb(0, 21, 124)","rgb(210, 217, 255)","rgb(0,21,124)","rgb(210,217,255)",10.81,10.81,1,1,0,0
863,button,"rgb(0, 124, 176)","rgb(255, 255, 255)","rgb(0,124,176)","rgb(255,255,255)",4.66,4.66,1,1,0,0
863,button,"rgb(255, 255, 255)","rgb(0, 124, 176)","rgb(255,255,255)","rgb(0,124,176)",4.66,4.66,1,1,0,0
865,div,"rgb(49, 46, 43)","rgb(38, 36, 33)","rgb(49,46,43)","rgb(38,36,33)",1.15,1.15,0,0,0,0
865,div,"rgb(49, 46, 43)","rgba(255, 255, 255, 0.02)","rgb(49,46,43)","rgb(255,255,255)",13.49,13.49,1,1,0,0
865,button,"rgb(255, 255, 255)","rgb(129, 182, 76)","rgb(255,255,255)","rgb(129,182,76)",2.41,2.41,0,0,0,0
865,button,"rgb(0, 0, 0)","rgb(218, 216, 214)","rgb(0,0,0)","rgb(218,216,214)",14.77,14.77,1,1,0,0
867,div,"rgb(0, 0, 0)","rgb(255, 255, 255)","rgb(0,0,0)","rgb(255,255,255)",21,21,1,1,0,0
867,div,"rgb(255, 255, 255)","rgb(0, 0, 0)","rgb(255,255,255)","rgb(0,0,0)",21,21,1,1,0,0
867,button,"rgb(46, 55, 66)","rgb(255, 255, 255)","rgb(46,55,66)","rgb(255,255,255)",12.06,12.06,1,1,0,0
867,div,"rgb(46, 55, 66)","rgb(243, 246, 249)","rgb(46,55,66)","rgb(243,246,249)",11.12,11.12,1,1,0,0
867,button,"rgb(102, 102, 102)","rgba(255, 255, 255, 0.3)","rgb(102,102,102)","rgb(255,255,255)",5.74,5.74,1,1,0,0
868,div,"rgb(30, 30, 30)","rgb(255, 255, 255)","rgb(30,30,30)","rgb(255,255,255)",16.67,16.67,1,1,0,0
868,button,"rgb(30, 30, 30)","rgb(195, 221, 253)","rgb(30,30,30)","rgb(195,221,253)",11.97,11.97,1,1,0,0
868,button,"rgb(6, 74, 158)","rgb(255, 255, 255)","rgb(6,74,158)","rgb(255,255,255)",8.46,8.46,1,1,0,0
868,a,"rgb(7, 104, 221)","rgb(255, 255, 255)","rgb(7,104,221)","rgb(255,255,255)",5.21,5.21,1,1,0,0
868,div,"rgb(255, 255, 255)","rgb(95, 26, 229)","rgb(255,255,255)","rgb(95,26,229)",7.59,7.59,1,1,0,0
868,button,"rgb(255, 255, 255)","rgb(96, 26, 229)","rgb(255,255,255)","rgb(96,26,229)",7.56,7.56,1,1,0,0
868,section,"rgb(255, 255, 255)","rgb(7, 104, 221)","rgb(255,255,255)","rgb(7,104,221)",5.21,5.21,1,1,0,0
868,a,"rgb(7, 104, 221)","rgb(239, 247, 249)","rgb(7,104,221)","rgb(239,247,249)",4.8,4.8,1,1,0,0
868,button,"rgb(255, 255, 255)","rgb(195, 221, 253)","rgb(255,255,255)","rgb(195,221,253)",1.39,1.39,0,0,0,0
868,section,"rgb(33, 33, 33)","rgb(7, 104, 221)","rgb(33,33,33)","rgb(7,104,221)",3.09,3.09,0,0,0,0
868,div,"rgb(33, 33, 33)","rgb(255, 255, 255)","rgb(33,33,33)","rgb(255,255,255)",16.1,16.1,1,1,0,0
868,div,"rgb(33, 33, 33)","rgb(237, 242, 244)","rgb(33,33,33)","rgb(237,242,244)",14.27,14.27,1,1,0,0
868,div,"rgb(0, 0, 0)","rgb(255, 255, 255)","rgb(0,0,0)","rgb(255,255,255)",21,21,1,1,0,0
868,div,"rgb(0, 0, 0)","rgb(237, 242, 244)","rgb(0,0,0)","rgb(237,242,244)",18.61,18.61,1,1,0,0
868,section,"rgb(255, 255, 255)","rgb(0, 180, 238)","rgb(255,255,255)","rgb(0,180,238)",2.4,2.4,0,0,0,0
868,button,"rgb(240, 244, 249)","rgb(95, 26, 229)","rgb(240,244,249)","rgb(95,26,229)",6.87,6.87,1,1,0,0
868,div,"rgb(33, 33, 33)","rgb(30, 30, 30)","rgb(33,33,33)","rgb(30,30,30)",1.04,1.04,0,0,0,0
868,button,"rgb(255, 255, 255)","rgb(0, 0, 0)","rgb(255,255,255)","rgb(0,0,0)",21,21,1,1,0,0
868,div,"rgb(255, 255, 255)","rgb(200, 204, 206)","rgb(255,255,255)","rgb(200,204,206)",1.62,1.62,0,0,0,0
869,div,"rgb(45, 47, 55)","rgb(255, 255, 255)","rgb(45,47,55)","rgb(255,255,255)",13.35,13.35,1,1,0,0
869,button,"rgb(45, 47, 55)","rgb(255, 219, 0)","rgb(45,47,55)","rgb(255,219,0)",9.78,9.78,1,1,0,0
869,div,"rgb(45, 47, 55)","rgb(250, 248, 253)","rgb(45,47,55)","rgb(250,248,253)",12.65,12.65,1,1,0,0
869,div,"rgb(45, 47, 55)","rgb(248, 249, 253)","rgb(45,47,55)","rgb(248,249,253)",12.69,12.69,1,1,0,0
869,div,"rgb(255, 255, 255)","rgb(13, 77, 251)","rgb(255,255,255)","rgb(13,77,251)",6.05,6.05,1,1,0,0
870,div,"rgb(0, 0, 0)","rgb(149, 32, 4)","rgb(0,0,0)","rgb(149,32,4)",2.49,2.49,0,0,0,0
870,div,"rgb(0, 0, 0)","rgb(255, 229, 128)","rgb(0,0,0)","rgb(255,229,128)",16.77,16.77,1,1,0,0
870,div,"rgb(0, 0, 0)","rgb(250, 248, 247)","rgb(0,0,0)","rgb(250,248,247)",19.83,19.83,1,1,0,0
870,div,"rgb(0, 0, 0)","rgb(255, 255, 255)","rgb(0,0,0)","rgb(255,255,255)",21,21,1,1,0,0
870,div,"rgb(33, 37, 41)","rgb(255, 255, 255)","rgb(33,37,41)","rgb(255,255,255)",15.43,15.43,1,1,0,0
870,div,"rgb(0, 0, 0)","rgb(221, 220, 218)","rgb(0,0,0)","rgb(221,220,218)",15.32,15.32,1,1,0,0
870,button,"rgb(255, 255, 255)","rgb(149, 32, 4)","rgb(255,255,255)","rgb(149,32,4)",8.45,8.45,1,1,0,0
870,button,"rgb(149, 32, 4)","rgb(255, 255, 255)","rgb(149,32,4)","rgb(255,255,255)",8.45,8.45,1,1,0,0
872,div,"rgb(0, 0, 0)","rgba(0, 0, 0, 0.25)","rgb(0,0,0)","rgb(191,191,191)",1,11.45,0,1,0,1
872,div,"rgb(0, 0, 0)","rgb(255, 255, 255)","rgb(0,0,0)","rgb(255,255,255)",21,21,1,1,0,0
872,button,"rgb(0, 0, 0)","rgb(230, 230, 230)","rgb(0,0,0)","rgb(230,230,230)",16.83,16.83,1,1,0,0
872,button,"rgb(255, 255, 255)","rgb(222, 38, 0)","rgb(255,255,255)","rgb(222,38,0)",4.79,4.79,1,1,0,0
872,span,"rgb(255, 255, 255)","rgb(119, 119, 119)","rgb(255,255,255)","rgb(119,119,119)",4.48,4.48,0,0,0,0
875,a,"rgb(25, 25, 25)","rgb(255, 255, 255)","rgb(25,25,25)","rgb(255,255,255)",17.58,17.58,1,1,0,0
875,button,"rgb(0, 0, 0)","rgb(255, 255, 255)","rgb(0,0,0)","rgb(255,255,255)",21,21,1,1,0,0
875,button,"rgb(255, 255, 255)","rgb(9, 104, 246)","rgb(255,255,255)","rgb(9,104,246)",4.86,4.86,1,1,0,0
875,div,"rgb(25, 25, 25)","rgb(247, 247, 247)","rgb(25,25,25)","rgb(247,247,247)",16.41,16.41,1,1,0,0
875,a,"rgb(247, 247, 247)","rgb(25, 25, 25)","rgb(247,247,247)","rgb(25,25,25)",16.41,16.41,1,1,0,0
875,div,"rgb(54, 6, 6)","rgb(241, 85, 160)","rgb(54,6,6)","rgb(241,85,160)",5.52,5.52,1,1,0,0
875,a,"rgb(241, 85, 160)","rgb(54, 6, 6)","rgb(241,85,160)","rgb(54,6,6)",5.52,5.52,1,1,0,0
875,div,"rgb(255, 222, 222)","rgb(87, 3, 3)","rgb(255,222,222)","rgb(87,3,3)",11.8,11.8,1,1,0,0
875,a,"rgb(87, 3, 3)","rgb(255, 222, 222)","rgb(87,3,3)","rgb(255,222,222)",11.8,11.8,1,1,0,0
875,div,"rgb(1, 25, 61)","rgb(0, 153, 240)","rgb(1,25,61)","rgb(0,153,240)",5.64,5.64,1,1,0,0
875,a,"rgb(0, 153, 240)","rgb(1, 25, 61)","rgb(0,153,240)","rgb(1,25,61)",5.64,5.64,1,1,0,0
875,a,"rgb(25, 25, 25)","rgb(76, 225, 96)","rgb(25,25,25)","rgb(76,225,96)",10.25,10.25,1,1,0,0
875,div,"rgb(255, 255, 255)","rgb(25, 25, 25)","rgb(255,255,255)","rgb(25,25,25)",17.58,17.58,1,1,0,0
875,div,"rgb(87, 3, 3)","rgb(255, 92, 92)","rgb(87,3,3)","rgb(255,92,92)",4.89,4.89,1,1,0,0
875,a,"rgb(255, 92, 92)","rgb(87, 3, 3)","rgb(255,92,92)","rgb(87,3,3)",4.89,4.89,1,1,0,0
875,button,"rgb(112, 112, 112)","rgb(255, 255, 255)","rgb(112,112,112)","rgb(255,255,255)",4.95,4.95,1,1,0,0
877,a,"rgb(255, 255, 255)","rgb(0, 0, 0)","rgb(255,255,255)","rgb(0,0,0)",21,21,1,1,0,0
877,div,"rgb(0, 0, 0)","rgb(255, 255, 255)","rgb(0,0,0)","rgb(255,255,255)",21,21,1,1,0,0
877,a,"rgb(0, 0, 238)","rgb(247, 247, 247)","rgb(0,0,238)","rgb(247,247,247)",8.77,8.77,1,1,0,0
877,button,"rgb(0, 122, 255)","rgba(255, 255, 255, 0.45)","rgb(0,122,255)","rgb(255,255,255)",4.02,4.02,0,0,0,0
877,div,"rgb(0, 0, 0)","rgba(255, 255, 255, 0.9)","rgb(0,0,0)","rgb(255,255,255)",21,21,1,1,0,0
877,div,"rgb(0, 0, 0)","rgb(247, 247, 247)","rgb(0,0,0)","rgb(247,247,247)",19.6,19.6,1,1,0,0
878,button,"rgb(0, 0, 0)","rgb(255, 193, 7)","rgb(0,0,0)","rgb(255,193,7)",12.88,12.88,1,1,0,0
878,div,"rgb(33, 37, 41)","rgb(248, 249, 250)","rgb(33,37,41)","rgb(248,249,250)",14.63,14.63,1,1,0,0
878,a,"rgb(255, 255, 255)","rgb(13, 110, 253)","rgb(255,255,255)","rgb(13,110,253)",4.5,4.5,1,1,0,0
879,span,"rgb(49, 49, 49)","rgb(217, 217, 217)","rgb(49,49,49)","rgb(217,217,217)",9.22,9.22,1,1,0,0
880,button,"rgb(25, 25, 25)","rgb(255, 255, 255)","rgb(25,25,25)","rgb(255,255,255)",17.58,17.58,1,1,0,0
880,a,"rgb(0, 0, 238)","rgb(255, 255, 255)","rgb(0,0,238)","rgb(255,255,255)",9.4,9.4,1,1,0,0
880,div,"rgb(84, 84, 84)","rgb(38, 38, 38)","rgb(84,84,84)","rgb(38,38,38)",2,2,0,0,0,0
880,div,"rgb(128, 128, 128)","rgb(255, 255, 255)","rgb(128,128,128)","rgb(255,255,255)",3.95,3.95,0,0,0,0
880,span,"rgb(84, 84, 84)","rgb(51, 51, 51)","rgb(84,84,84)","rgb(51,51,51)",1.67,1.67,0,0,0,0
880,a,"rgb(255, 255, 255)","rgb(51, 51, 51)","rgb(255,255,255)","rgb(51,51,51)",12.63,12.63,1,1,0,0
880,div,"rgb(84, 84, 84)","rgb(245, 245, 245)","rgb(84,84,84)","rgb(245,245,245)",6.95,6.95,1,1,0,0
880,section,"rgb(84, 84, 84)","rgb(235, 237, 244)","rgb(84,84,84)","rgb(235,237,244)",6.47,6.47,1,1,0,0
880,button,"rgb(255, 255, 255)","rgb(108, 161, 43)","rgb(255,255,255)","rgb(108,161,43)",3.1,3.1,0,0,0,0
880,div,"rgb(84, 84, 84)","rgba(255, 255, 255, 0.5)","rgb(84,84,84)","rgb(255,255,255)",7.57,7.57,1,1,0,0
880,a,"rgb(255, 255, 255)","rgb(121, 181, 48)","rgb(255,255,255)","rgb(121,181,48)",2.48,2.48,0,0,0,0
880,div,"rgb(84, 84, 84)","rgba(255, 255, 255, 0.8)","rgb(84,84,84)","rgb(255,255,255)",7.57,7.57,1,1,0,0
880,div,"rgb(84, 84, 84)","rgb(255, 255, 255)","rgb(84,84,84)","rgb(255,255,255)",7.57,7.57,1,1,0,0
880,section,"rgb(84, 84, 84)","rgb(255, 245, 237)","rgb(84,84,84)","rgb(255,245,237)",7.04,7.04,1,1,0,0
880,a,"rgb(26, 66, 0)","rgb(156, 238, 105)","rgb(26,66,0)","rgb(156,238,105)",8.14,8.14,1,1,0,0
880,div,"rgb(255, 255, 255)","rgba(25, 25, 25, 0.7)","rgb(255,255,255)","rgb(94,94,94)",17.58,6.48,1,1,0,0
880,button,"rgb(51, 51, 51)","rgb(255, 255, 255)","rgb(51,51,51)","rgb(255,255,255)",12.63,12.63,1,1,0,0
880,div,"rgb(25, 25, 25)","rgb(255, 245, 237)","rgb(25,25,25)","rgb(255,245,237)",16.36,16.36,1,1,0,0
880,a,"rgb(25, 25, 25)","rgb(156, 238, 105)","rgb(25,25,25)","rgb(156,238,105)",12.43,12.43,1,1,0,0
880,div,"rgb(255, 255, 255)","rgb(26, 26, 26)","rgb(255,255,255)","rgb(26,26,26)",17.4,17.4,1,1,0,0
880,span,"rgb(255, 245, 237)","rgb(25, 25, 25)","rgb(255,245,237)","rgb(25,25,25)",16.36,16.36,1,1,0,0
882,div,"rgb(64, 64, 64)","rgb(255, 255, 255)","rgb(64,64,64)","rgb(255,255,255)",10.37,10.37,1,1,0,0
884,div,"rgb(0, 0, 0)","rgb(255, 255, 255)","rgb(0,0,0)","rgb(255,255,255)",21,21,1,1,0,0
884,div,"rgb(89, 89, 89)","rgb(255, 255, 255)","rgb(89,89,89)","rgb(255,255,255)",7,7,1,1,0,0
885,a,"rgb(255, 255, 255)","rgb(65, 75, 249)","rgb(255,255,255)","rgb(65,75,249)",5.83,5.83,1,1,0,0
885,section,"rgb(0, 4, 67)","rgb(244, 249, 254)","rgb(0,4,67)","rgb(244,249,254)",18.05,18.05,1,1,0,0
885,div,"rgb(0, 4, 67)","rgb(231, 243, 254)","rgb(0,4,67)","rgb(231,243,254)",16.98,16.98,1,1,0,0
885,section,"rgb(255, 255, 255)","rgb(0, 4, 67)","rgb(255,255,255)","rgb(0,4,67)",19.12,19.12,1,1,0,0
885,a,"rgb(65, 75, 249)","rgb(255, 255, 255)","rgb(65,75,249)","rgb(255,255,255)",5.83,5.83,1,1,0,0
885,section,"rgb(0, 4, 67)","rgb(240, 249, 254)","rgb(0,4,67)","rgb(240,249,254)",17.92,17.92,1,1,0,0
885,div,"rgb(0, 4, 67)","rgb(232, 246, 253)","rgb(0,4,67)","rgb(232,246,253)",17.33,17.33,1,1,0,0
885,div,"rgb(0, 4, 67)","rgb(255, 255, 255)","rgb(0,4,67)","rgb(255,255,255)",19.12,19.12,1,1,0,0
886,a,"rgb(255, 255, 255)","rgb(51, 51, 51)","rgb(255,255,255)","rgb(51,51,51)",12.63,12.63,1,1,0,0
886,div,"rgb(51, 51, 51)","rgb(242, 244, 247)","rgb(51,51,51)","rgb(242,244,247)",11.47,11.47,1,1,0,0
886,a,"rgba(0, 0, 0, 0.72)","rgb(255, 255, 255)","rgb(71,71,71)","rgb(255,255,255)",21,9.23,1,1,0,0
886,div,"rgb(51, 51, 51)","rgb(255, 255, 255)","rgb(51,51,51)","rgb(255,255,255)",12.63,12.63,1,1,0,0
886,a,"rgb(30, 132, 255)","rgba(30, 132, 255, 0.16)","rgb(30,132,255)","rgb(219,235,255)",1,3,0,0,0,0
886,a,"rgba(0, 0, 0, 0.72)","rgb(242, 244, 247)","rgb(68,68,69)","rgb(242,244,247)",19.06,8.8,1,1,0,0
886,a,"rgb(145, 72, 247)","rgba(160, 92, 255, 0.16)","rgb(145,72,247)","rgb(240,229,255)",1.22,3.88,0,0,0,0
886,span,"rgb(255, 255, 255)","rgba(0, 0, 0, 0.48)","rgb(255,255,255)","rgb(133,133,133)",21,3.71,1,0,1,0
886,a,"rgb(72, 100, 247)","rgba(92, 119, 255, 0.16)","rgb(72,100,247)","rgb(229,233,255)",1.25,3.93,0,0,0,0
886,a,"rgb(255, 78, 51)","rgba(255, 78, 51, 0.16)","rgb(255,78,51)","rgb(255,227,222)",1,2.7,0,0,0,0
886,a,"rgb(247, 72, 83)","rgba(255, 92, 102, 0.16)","rgb(247,72,83)","rgb(255,229,231)",1.16,2.93,0,0,0,0
886,a,"rgb(255, 139, 23)","rgba(255, 148, 41, 0.16)","rgb(255,139,23)","rgb(255,238,221)",1.06,2.07,0,0,0,0
886,a,"rgb(0, 0, 0)","rgb(254, 229, 0)","rgb(0,0,0)","rgb(254,229,0)",16.42,16.42,1,1,0,0
886,a,"rgb(255, 255, 255)","rgb(44, 46, 51)","rgb(255,255,255)","rgb(44,46,51)",13.59,13.59,1,1,0,0
887,span,"rgb(15, 17, 17)","rgb(240, 242, 242)","rgb(15,17,17)","rgb(240,242,242)",16.86,16.86,1,1,0,0
887,div,"rgb(15, 17, 17)","rgb(19, 25, 33)","rgb(15,17,17)","rgb(19,25,33)",1.07,1.07,0,0,0,0
887,div,"rgb(15, 17, 17)","rgb(230, 230, 230)","rgb(15,17,17)","rgb(230,230,230)",15.18,15.18,1,1,0,0
887,div,"rgb(15, 17, 17)","rgb(255, 255, 255)","rgb(15,17,17)","rgb(255,255,255)",18.94,18.94,1,1,0,0
887,div,"rgb(15, 17, 17)","rgb(35, 47, 62)","rgb(15,17,17)","rgb(35,47,62)",1.4,1.4,0,0,0,0
887,div,"rgb(15, 17, 17)","rgb(227, 230, 230)","rgb(15,17,17)","rgb(227,230,230)",15.09,15.09,1,1,0,0
887,div,"rgb(15, 17, 17)","rgb(35, 35, 35)","rgb(15,17,17)","rgb(35,35,35)",1.21,1.21,0,0,0,0
887,div,"rgb(255, 255, 255)","rgb(0, 0, 0)","rgb(255,255,255)","rgb(0,0,0)",21,21,1,1,0,0
887,button,"rgb(255, 255, 255)","rgba(15, 17, 17, 0.6)","rgb(255,255,255)","rgb(111,112,112)",18.94,4.96,1,1,0,0
887,a,"rgb(33, 98, 161)","rgb(255, 255, 255)","rgb(33,98,161)","rgb(255,255,255)",6.31,6.31,1,1,0,0
887,div,"rgb(255, 255, 255)","rgb(55, 71, 90)","rgb(255,255,255)","rgb(55,71,90)",9.5,9.5,1,1,0,0
887,div,"rgb(221, 221, 221)","rgb(19, 26, 34)","rgb(221,221,221)","rgb(19,26,34)",12.9,12.9,1,1,0,0
888,div,"rgb(255, 255, 255)","rgb(0, 0, 0)","rgb(255,255,255)","rgb(0,0,0)",21,21,1,1,0,0
888,div,"rgb(35, 31, 32)","rgb(224, 237, 239)","rgb(35,31,32)","rgb(224,237,239)",13.61,13.61,1,1,0,0
888,button,"rgb(255, 255, 255)","rgb(2, 131, 141)","rgb(255,255,255)","rgb(2,131,141)",4.53,4.53,1,1,0,0
888,div,"rgb(35, 31, 32)","rgb(255, 255, 255)","rgb(35,31,32)","rgb(255,255,255)",16.3,16.3,1,1,0,0
888,a,"rgb(2, 131, 141)","rgb(255, 255, 255)","rgb(2,131,141)","rgb(255,255,255)",4.53,4.53,1,1,0,0
888,button,"rgb(35, 31, 32)","rgb(240, 239, 239)","rgb(35,31,32)","rgb(240,239,239)",14.2,14.2,1,1,0,0
888,div,"rgb(220, 219, 219)","rgb(0, 0, 0)","rgb(220,219,219)","rgb(0,0,0)",15.2,15.2,1,1,0,0
888,button,"rgb(52, 110, 74)","rgb(255, 255, 255)","rgb(52,110,74)","rgb(255,255,255)",6.04,6.04,1,1,0,0
889,a,"rgb(0, 0, 0)","rgb(247, 247, 247)","rgb(0,0,0)","rgb(247,247,247)",19.6,19.6,1,1,0,0
889,span,"rgb(255, 255, 255)","rgb(0, 59, 222)","rgb(255,255,255)","rgb(0,59,222)",7.83,7.83,1,1,0,0
889,div,"rgb(255, 255, 255)","rgb(0, 25, 145)","rgb(255,255,255)","rgb(0,25,145)",13.57,13.57,1,1,0,0
889,li,"rgb(255, 255, 255)","rgba(40, 40, 40, 0.1)","rgb(255,255,255)","rgb(234,234,234)",14.74,1.21,1,0,1,0
889,li,"rgb(255, 255, 255)","rgba(40, 40, 40, 0.2)","rgb(255,255,255)","rgb(212,212,212)",14.74,1.48,1,0,1,0
889,li,"rgb(255, 255, 255)","rgba(40, 40, 40, 0.3)","rgb(255,255,255)","rgb(191,191,191)",14.74,1.85,1,0,1,0
889,button,"rgb(255, 255, 255)","rgb(84, 84, 84)","rgb(255,255,255)","rgb(84,84,84)",7.57,7.57,1,1,0,0
889,a,"rgb(0, 0, 0)","rgb(255, 255, 255)","rgb(0,0,0)","rgb(255,255,255)",21,21,1,1,0,0
889,button,"rgb(255, 255, 255)","rgb(12, 77, 237)","rgb(255,255,255)","rgb(12,77,237)",6.36,6.36,1,1,0,0
890,div,"rgb(0, 0, 0)","rgb(255, 255, 255)","rgb(0,0,0)","rgb(255,255,255)",21,21,1,1,0,0
890,a,"rgb(255, 255, 255)","rgb(30, 90, 235)","rgb(255,255,255)","rgb(30,90,235)",5.65,5.65,1,1,0,0
890,div,"rgb(0, 0, 0)","rgb(242, 242, 242)","rgb(0,0,0)","rgb(242,242,242)",18.76,18.76,1,1,0,0
890,a,"rgb(0, 88, 204)","rgb(255, 255, 255)","rgb(0,88,204)","rgb(255,255,255)",6.43,6.43,1,1,0,0
890,a,"rgb(0, 133, 130)","rgba(74, 196, 186, 0.15)","rgb(0,133,130)","rgb(228,246,245)",2.12,4.02,0,0,0,0
890,a,"rgb(231, 19, 75)","rgba(231, 19, 75, 0.15)","rgb(231,19,75)","rgb(251,220,228)",1,3.58,0,0,0,0
890,button,"rgb(255, 255, 255)","rgb(16, 49, 106)","rgb(255,255,255)","rgb(16,49,106)",12.58,12.58,1,1,0,0
890,div,"rgb(0, 0, 0)","rgb(241, 242, 243)","rgb(0,0,0)","rgb(241,242,243)",18.74,18.74,1,1,0,0
890,div,"rgb(0, 0, 0)","rgb(236, 242, 251)","rgb(0,0,0)","rgb(236,242,251)",18.66,18.66,1,1,0,0
890,a,"rgb(16, 49, 106)","rgb(209, 224, 245)","rgb(16,49,106)","rgb(209,224,245)",9.4,9.4,1,1,0,0
890,div,"rgb(255, 255, 255)","rgba(16, 49, 106, 0.8)","rgb(255,255,255)","rgb(64,90,136)",12.58,6.91,1,1,0,0
890,a,"rgb(62, 57, 50)","rgb(235, 222, 204)","rgb(62,57,50)","rgb(235,222,204)",8.63,8.63,1,1,0,0
890,div,"rgb(0, 0, 0)","rgb(247, 242, 235)","rgb(0,0,0)","rgb(247,242,235)",18.86,18.86,1,1,0,0
890,a,"rgb(255, 255, 255)","rgb(62, 57, 50)","rgb(255,255,255)","rgb(62,57,50)",11.44,11.44,1,1,0,0
890,div,"rgb(0, 0, 0)","rgb(240, 248, 239)","rgb(0,0,0)","rgb(240,248,239)",19.38,19.38,1,1,0,0
890,a,"rgb(255, 255, 255)","rgb(39, 73, 39)","rgb(255,255,255)","rgb(39,73,39)",10.15,10.15,1,1,0,0
890,div,"rgb(0, 0, 0)","rgb(241, 239, 250)","rgb(0,0,0)","rgb(241,239,250)",18.47,18.47,1,1,0,0
890,a,"rgb(255, 255, 255)","rgb(60, 50, 93)","rgb(255,255,255)","rgb(60,50,93)",11.63,11.63,1,1,0,0
890,div,"rgb(0, 0, 0)","rgb(250, 250, 250)","rgb(0,0,0)","rgb(250,250,250)",20.12,20.12,1,1,0,0
890,a,"rgb(0, 0, 0)","rgb(207, 214, 225)","rgb(0,0,0)","rgb(207,214,225)",14.36,14.36,1,1,0,0
890,a,"rgb(0, 0, 0)","rgb(231, 234, 240)","rgb(0,0,0)","rgb(231,234,240)",17.43,17.43,1,1,0,0
890,div,"rgb(60, 50, 93)","rgb(223, 217, 243)","rgb(60,50,93)","rgb(223,217,243)",8.5,8.5,1,1,0,0
890,a,"rgb(39, 73, 39)","rgb(220, 239, 217)","rgb(39,73,39)","rgb(220,239,217)",8.41,8.41,1,1,0,0
890,div,"rgb(179, 179, 179)","rgb(43, 49, 54)","rgb(179,179,179)","rgb(43,49,54)",6.28,6.28,1,1,0,0
890,a,"rgb(0, 0, 0)","rgb(160, 190, 235)","rgb(0,0,0)","rgb(160,190,235)",11.06,11.06,1,1,0,0
890,div,"rgb(0, 0, 0)","rgb(56, 63, 67)","rgb(0,0,0)","rgb(56,63,67)",1.96,1.96,0,0,0,0
890,div,"rgb(0, 0, 0)","rgb(63, 69, 74)","rgb(0,0,0)","rgb(63,69,74)",2.16,2.16,0,0,0,0
893,div,"rgb(24, 31, 37)","rgb(0, 67, 112)","rgb(24,31,37)","rgb(0,67,112)",1.61,1.61,0,0,0,0
893,a,"rgb(0, 67, 112)","rgb(255, 255, 255)","rgb(0,67,112)","rgb(255,255,255)",10.31,10.31,1,1,0,0
893,div,"rgba(255, 255, 255, 0.898)","rgb(1, 39, 64)","rgb(229,233,236)","rgb(1,39,64)",15.38,12.59,1,1,0,0
893,div,"rgb(255, 255, 255)","rgba(1, 39, 64, 0.9)","rgb(255,255,255)","rgb(26,61,83)",15.38,11.48,1,1,0,0
893,a,"rgba(255, 255, 255, 0.898)","rgb(0, 67, 112)","rgb(229,236,240)","rgb(0,67,112)",10.31,8.63,1,1,0,0
893,div,"rgb(24, 31, 37)","rgb(255, 255, 255)","rgb(24,31,37)","rgb(255,255,255)",16.65,16.65,1,1,0,0
893,div,"rgb(24, 31, 37)","rgb(231, 237, 243)","rgb(24,31,37)","rgb(231,237,243)",14.11,14.11,1,1,0,0
893,div,"rgb(24, 31, 37)","rgb(1, 39, 64)","rgb(24,31,37)","rgb(1,39,64)",1.08,1.08,0,0,0,0
894,div,"rgb(0, 0, 0)","rgb(245, 245, 245)","rgb(0,0,0)","rgb(245,245,245)",19.26,19.26,1,1,0,0
894,div,"rgb(0, 0, 0)","rgb(255, 255, 255)","rgb(0,0,0)","rgb(255,255,255)",21,21,1,1,0,0
894,div,"rgb(0, 0, 0)","rgb(246, 246, 246)","rgb(0,0,0)","rgb(246,246,246)",19.43,19.43,1,1,0,0
894,button,"rgb(255, 255, 255)","rgb(1, 33, 105)","rgb(255,255,255)","rgb(1,33,105)",14.76,14.76,1,1,0,0
894,a,"rgb(13, 27, 167)","rgb(255, 255, 255)","rgb(13,27,167)","rgb(255,255,255)",12.13,12.13,1,1,0,0
894,a,"rgb(0, 83, 194)","rgb(245, 245, 245)","rgb(0,83,194)","rgb(245,245,245)",6.39,6.39,1,1,0,0
894,a,"rgb(255, 255, 255)","rgb(165, 14, 40)","rgb(255,255,255)","rgb(165,14,40)",7.8,7.8,1,1,0,0
894,div,"rgb(0, 0, 0)","rgb(0, 115, 207)","rgb(0,0,0)","rgb(0,115,207)",4.35,4.35,0,0,0,0
894,a,"rgb(1, 33, 105)","rgb(255, 255, 255)","rgb(1,33,105)","rgb(255,255,255)",14.76,14.76,1,1,0,0
896,a,"rgb(255, 255, 255)","rgb(16, 118, 168)","rgb(255,255,255)","rgb(16,118,168)",5.03,5.03,1,1,0,0
896,div,"rgb(255, 255, 255)","rgb(0, 0, 0)","rgb(255,255,255)","rgb(0,0,0)",21,21,1,1,0,0
896,div,"rgb(16, 118, 168)","rgb(255, 255, 255)","rgb(16,118,168)","rgb(255,255,255)",5.03,5.03,1,1,0,0
896,div,"rgb(255, 255, 255)","rgb(38, 137, 13)","rgb(255,255,255)","rgb(38,137,13)",4.5,4.5,1,1,0,0
896,div,"rgb(0, 0, 0)","rgb(245, 246, 246)","rgb(0,0,0)","rgb(245,246,246)",19.4,19.4,1,1,0,0
896,div,"rgb(0, 0, 0)","rgb(255, 255, 255)","rgb(0,0,0)","rgb(255,255,255)",21,21,1,1,0,0
896,div,"rgb(255, 255, 255)","rgb(0, 124, 176)","rgb(255,255,255)","rgb(0,124,176)",4.66,4.66,1,1,0,0
896,div,"rgb(255, 255, 255)","rgb(13, 131, 144)","rgb(255,255,255)","rgb(13,131,144)",4.5,4.5,1,1,0,0
896,div,"rgb(208, 208, 206)","rgb(0, 0, 0)","rgb(208,208,206)","rgb(0,0,0)",13.6,13.6,1,1,0,0
896,button,"rgb(0, 124, 176)","rgb(255, 255, 255)","rgb(0,124,176)","rgb(255,255,255)",4.66,4.66,1,1,0,0
896,button,"rgb(0, 118, 168)","rgb(255, 255, 255)","rgb(0,118,168)","rgb(255,255,255)",5.05,5.05,1,1,0,0
898,a,"rgb(255, 255, 255)","rgb(19, 81, 180)","rgb(255,255,255)","rgb(19,81,180)",7.33,7.33,1,1,0,0
898,span,"rgb(7, 29, 65)","rgb(219, 232, 251)","rgb(7,29,65)","rgb(219,232,251)",13.44,13.44,1,1,0,0
898,div,"rgb(85, 85, 85)","rgb(248, 248, 248)","rgb(85,85,85)","rgb(248,248,248)",7.02,7.02,1,1,0,0
898,span,"rgb(255, 255, 255)","rgb(38, 135, 68)","rgb(255,255,255)","rgb(38,135,68)",4.53,4.53,1,1,0,0
898,button,"rgb(0, 122, 255)","rgb(19, 81, 180)","rgb(0,122,255)","rgb(19,81,180)",1.83,1.83,0,0,0,0
898,button,"rgb(0, 122, 255)","rgb(252, 252, 252)","rgb(0,122,255)","rgb(252,252,252)",3.92,3.92,0,0,0,0
898,a,"rgb(0, 0, 0)","rgb(255, 255, 255)","rgb(0,0,0)","rgb(255,255,255)",21,21,1,1,0,0
898,div,"rgb(0, 0, 0)","rgb(85, 85, 85)","rgb(0,0,0)","rgb(85,85,85)",2.82,2.82,0,0,0,0
898,div,"rgb(255, 255, 255)","rgb(12, 50, 111)","rgb(255,255,255)","rgb(12,50,111)",12.34,12.34,1,1,0,0
898,li,"rgb(85, 85, 85)","rgb(237, 237, 237)","rgb(85,85,85)","rgb(237,237,237)",6.37,6.37,1,1,0,0
898,div,"rgb(204, 204, 204)","rgb(4, 19, 42)","rgb(204,204,204)","rgb(4,19,42)",11.55,11.55,1,1,0,0
900,div,"rgb(33, 37, 41)","rgb(255, 255, 255)","rgb(33,37,41)","rgb(255,255,255)",15.43,15.43,1,1,0,0
900,div,"rgb(33, 37, 41)","rgb(242, 40, 66)","rgb(33,37,41)","rgb(242,40,66)",3.79,3.79,0,0,0,0
900,div,"rgb(255, 255, 255)","rgb(0, 43, 73)","rgb(255,255,255)","rgb(0,43,73)",14.57,14.57,1,1,0,0
900,div,"rgb(255, 255, 255)","rgba(27, 4, 63, 0.6)","rgb(255,255,255)","rgb(118,104,140)",18.49,5.06,1,1,0,0
900,button,"rgb(255, 255, 255)","rgb(0, 0, 0)","rgb(255,255,255)","rgb(0,0,0)",21,21,1,1,0,0
901,div,"rgb(250, 250, 250)","rgba(255, 255, 255, 0.15)","rgb(250,250,250)","rgb(255,255,255)",1.04,1.04,0,0,0,0
901,button,"rgb(250, 250, 250)","rgba(255, 255, 255, 0.2)","rgb(250,250,250)","rgb(255,255,255)",1.04,1.04,0,0,0,0
901,button,"rgba(0, 0, 0, 0.87)","rgb(250, 250, 250)","rgb(33,33,33)","rgb(250,250,250)",20.12,15.52,1,1,0,0
901,a,"rgb(255, 255, 255)","rgba(0, 0, 0, 0.1)","rgb(255,255,255)","rgb(230,230,230)",21,1.25,1,0,1,0
901,div,"rgb(250, 250, 250)","rgb(18, 18, 18)","rgb(250,250,250)","rgb(18,18,18)",17.95,17.95,1,1,0,0
901,button,"rgb(238, 238, 238)","rgb(0, 0, 0)","rgb(238,238,238)","rgb(0,0,0)",18.1,18.1,1,1,0,0
901,button,"rgb(0, 0, 0)","rgb(238, 238, 238)","rgb(0,0,0)","rgb(238,238,238)",18.1,18.1,1,1,0,0
906,button,"rgb(28, 17, 19)","rgb(137, 210, 255)","rgb(28,17,19)","rgb(137,210,255)",11.17,11.17,1,1,0,0
906,section,"rgb(255, 255, 255)","rgb(9, 32, 59)","rgb(255,255,255)","rgb(9,32,59)",16.39,16.39,1,1,0,0
906,div,"rgb(28, 17, 19)","rgb(242, 242, 242)","rgb(28,17,19)","rgb(242,242,242)",16.47,16.47,1,1,0,0
909,div,"rgb(0, 0, 0)","rgb(33, 33, 33)","rgb(0,0,0)","rgb(33,33,33)",1.3,1.3,0,0,0,0
909,a,"rgb(0, 0, 0)","rgb(255, 255, 255)","rgb(0,0,0)","rgb(255,255,255)",21,21,1,1,0,0
909,a,"rgb(255, 255, 255)","rgb(0, 0, 0)","rgb(255,255,255)","rgb(0,0,0)",21,21,1,1,0,0
909,div,"rgb(255, 255, 255)","rgb(255, 107, 124)","rgb(255,255,255)","rgb(255,107,124)",2.75,2.75,0,0,0,0
909,section,"rgb(0, 0, 0)","rgba(235, 230, 228, 0.5)","rgb(0,0,0)","rgb(245,243,242)",16.97,18.92,1,1,0,0
909,div,"rgb(255, 255, 255)","rgb(38, 38, 38)","rgb(255,255,255)","rgb(38,38,38)",15.13,15.13,1,1,0,0
909,div,"rgb(255, 255, 255)","rgba(255, 255, 255, 0.2)","rgb(255,255,255)","rgb(255,255,255)",1,1,0,0,0,0
911,button,"rgb(255, 255, 255)","rgba(219, 226, 240, 0.18)","rgb(255,255,255)","rgb(249,250,252)",1.3,1.05,0,0,0,0
911,button,"rgb(36, 38, 43)","rgb(255, 255, 255)","rgb(36,38,43)","rgb(255,255,255)",15.14,15.14,1,1,0,0
911,p,"rgb(255, 255, 255)","rgba(0, 0, 0, 0.5)","rgb(255,255,255)","rgb(128,128,128)",21,3.98,1,0,1,0
911,div,"rgb(255, 255, 255)","rgb(66, 164, 255)","rgb(255,255,255)","rgb(66,164,255)",2.63,2.63,0,0,0,0
911,div,"rgb(255, 255, 255)","rgb(41, 51, 61)","rgb(255,255,255)","rgb(41,51,61)",12.84,12.84,1,1,0,0
911,div,"rgb(255, 255, 255)","rgb(37, 38, 41)","rgb(255,255,255)","rgb(37,38,41)",15.13,15.13,1,1,0,0
913,div,"rgb(255, 255, 255)","rgba(0, 0, 0, 0.2)","rgb(255,255,255)","rgb(204,204,204)",21,1.61,1,0,1,0
913,button,"rgb(255, 255, 255)","rgb(40, 210, 35)","rgb(255,255,255)","rgb(40,210,35)",2.03,2.03,0,0,0,0
913,button,"rgb(40, 210, 35)","rgb(255, 255, 255)","rgb(40,210,35)","rgb(255,255,255)",2.03,2.03,0,0,0,0
914,div,"rgb(0, 20, 83)","rgb(255, 255, 255)","rgb(0,20,83)","rgb(255,255,255)",17.14,17.14,1,1,0,0
914,div,"rgb(0, 20, 83)","rgb(248, 248, 248)","rgb(0,20,83)","rgb(248,248,248)",16.14,16.14,1,1,0,0
914,a,"rgb(0, 0, 0)","rgb(248, 248, 248)","rgb(0,0,0)","rgb(248,248,248)",19.77,19.77,1,1,0,0
914,span,"rgb(0, 0, 0)","rgb(244, 217, 255)","rgb(0,0,0)","rgb(244,217,255)",16.22,16.22,1,1,0,0
914,a,"rgb(255, 255, 255)","rgb(0, 76, 237)","rgb(255,255,255)","rgb(0,76,237)",6.45,6.45,1,1,0,0
914,a,"rgb(0, 76, 237)","rgb(255, 255, 255)","rgb(0,76,237)","rgb(255,255,255)",6.45,6.45,1,1,0,0
914,div,"rgb(0, 0, 0)","rgb(228, 181, 255)","rgb(0,0,0)","rgb(228,181,255)",12.35,12.35,1,1,0,0
914,div,"rgb(0, 0, 0)","rgb(253, 225, 225)","rgb(0,0,0)","rgb(253,225,225)",17.03,17.03,1,1,0,0
914,div,"rgb(0, 0, 0)","rgb(180, 196, 255)","rgb(0,0,0)","rgb(180,196,255)",12.28,12.28,1,1,0,0
914,div,"rgb(0, 0, 0)","rgb(181, 242, 206)","rgb(0,0,0)","rgb(181,242,206)",16.56,16.56,1,1,0,0
914,div,"rgb(0, 0, 0)","rgb(248, 248, 252)","rgb(0,0,0)","rgb(248,248,252)",19.82,19.82,1,1,0,0
914,div,"rgb(0, 0, 0)","rgb(255, 235, 211)","rgb(0,0,0)","rgb(255,235,211)",18.08,18.08,1,1,0,0
914,div,"rgb(0, 0, 0)","rgb(255, 255, 255)","rgb(0,0,0)","rgb(255,255,255)",21,21,1,1,0,0
914,div,"rgb(0, 0, 0)","rgb(0, 20, 83)","rgb(0,0,0)","rgb(0,20,83)",1.22,1.22,0,0,0,0
915,button,"rgb(0, 0, 0)","rgb(240, 240, 240)","rgb(0,0,0)","rgb(240,240,240)",18.43,18.43,1,1,0,0
915,div,"rgb(50, 54, 59)","rgb(255, 255, 255)","rgb(50,54,59)","rgb(255,255,255)",12.16,12.16,1,1,0,0
915,a,"rgb(255, 255, 255)","rgb(1, 122, 198)","rgb(255,255,255)","rgb(1,122,198)",4.56,4.56,1,1,0,0
915,div,"rgb(38, 42, 46)","rgb(244, 245, 244)","rgb(38,42,46)","rgb(244,245,244)",13.22,13.22,1,1,0,0
915,div,"rgb(38, 42, 46)","rgb(255, 255, 255)","rgb(38,42,46)","rgb(255,255,255)",14.45,14.45,1,1,0,0
916,li,"rgb(33, 37, 41)","rgb(255, 255, 255)","rgb(33,37,41)","rgb(255,255,255)",15.43,15.43,1,1,0,0
916,section,"rgb(28, 40, 51)","rgb(41, 58, 74)","rgb(28,40,51)","rgb(41,58,74)",1.28,1.28,0,0,0,0
916,span,"rgb(255, 255, 255)","rgb(41, 58, 74)","rgb(255,255,255)","rgb(41,58,74)",11.68,11.68,1,1,0,0
916,section,"rgb(28, 40, 51)","rgb(255, 255, 255)","rgb(28,40,51)","rgb(255,255,255)",14.99,14.99,1,1,0,0
916,a,"rgb(255, 255, 255)","rgb(255, 108, 44)","rgb(255,255,255)","rgb(255,108,44)",2.83,2.83,0,0,0,0
916,section,"rgb(28, 40, 51)","rgb(255, 108, 44)","rgb(28,40,51)","rgb(255,108,44)",5.31,5.31,1,1,0,0
916,div,"rgb(255, 255, 255)","rgb(255, 255, 255)","rgb(255,255,255)","rgb(255,255,255)",1,1,0,0,0,0
916,div,"rgb(28, 40, 51)","rgb(0, 119, 181)","rgb(28,40,51)","rgb(0,119,181)",3.07,3.07,0,0,0,0
916,section,"rgb(28, 40, 51)","rgb(28, 40, 51)","rgb(28,40,51)","rgb(28,40,51)",1,1,0,0,0,0
917,div,"rgb(255, 255, 255)","rgb(51, 51, 51)","rgb(255,255,255)","rgb(51,51,51)",12.63,12.63,1,1,0,0
917,button,"rgb(255, 255, 255)","rgb(0, 150, 250)","rgb(255,255,255)","rgb(0,150,250)",3.11,3.11,0,0,0,0
917,div,"rgb(70, 74, 77)","rgb(255, 255, 255)","rgb(70,74,77)","rgb(255,255,255)",8.95,8.95,1,1,0,0
917,a,"rgb(92, 92, 92)","rgba(0, 0, 0, 0.04)","rgb(92,92,92)","rgb(245,245,245)",3.14,6.12,0,1,0,1
917,button,"rgba(0, 0, 0, 0)","rgba(0, 0, 0, 0.04)","rgb(245,245,245)","rgb(245,245,245)",1,1,0,0,0,0
918,div,"rgb(0, 43, 80)","rgb(255, 255, 255)","rgb(0,43,80)","rgb(255,255,255)",14.37,14.37,1,1,0,0
918,button,"rgb(0, 156, 255)","rgb(255, 255, 255)","rgb(0,156,255)","rgb(255,255,255)",2.92,2.92,0,0,0,0
918,button,"rgb(255, 255, 255)","rgb(0, 156, 255)","rgb(255,255,255)","rgb(0,156,255)",2.92,2.92,0,0,0,0
920,div,"rgb(255, 255, 255)","rgb(10, 10, 50)","rgb(255,255,255)","rgb(10,10,50)",19.05,19.05,1,1,0,0
920,a,"rgb(255, 255, 255)","rgb(0, 255, 255)","rgb(255,255,255)","rgb(0,255,255)",1.25,1.25,0,0,0,0
920,a,"rgb(10, 10, 50)","rgb(255, 0, 210)","rgb(10,10,50)","rgb(255,0,210)",5.61,5.61,1,1,0,0
920,div,"rgb(10, 10, 50)","rgb(241, 242, 242)","rgb(10,10,50)","rgb(241,242,242)",16.98,16.98,1,1,0,0
920,div,"rgb(10, 10, 50)","rgb(255, 255, 255)","rgb(10,10,50)","rgb(255,255,255)",19.05,19.05,1,1,0,0
920,a,"rgb(0, 255, 255)","rgb(10, 10, 50)","rgb(0,255,255)","rgb(10,10,50)",15.19,15.19,1,1,0,0
920,div,"rgb(7, 7, 7)","rgb(255, 255, 255)","rgb(7,7,7)","rgb(255,255,255)",20.14,20.14,1,1,0,0
920,div,"rgb(255, 255, 255)","rgb(2, 120, 213)","rgb(255,255,255)","rgb(2,120,213)",4.52,4.52,1,1,0,0
921,a,"rgb(255, 255, 255)","rgb(61, 69, 81)","rgb(255,255,255)","rgb(61,69,81)",9.68,9.68,1,1,0,0
921,section,"rgb(27, 27, 27)","rgb(240, 240, 240)","rgb(27,27,27)","rgb(240,240,240)",15.11,15.11,1,1,0,0
921,button,"rgb(255, 255, 255)","rgb(26, 68, 128)","rgb(255,255,255)","rgb(26,68,128)",9.62,9.62,1,1,0,0
921,div,"rgb(255, 255, 255)","rgb(22, 46, 81)","rgb(255,255,255)","rgb(22,46,81)",13.6,13.6,1,1,0,0
921,a,"rgb(223, 225, 226)","rgb(0, 94, 162)","rgb(223,225,226)","rgb(0,94,162)",5.13,5.13,1,1,0,0
921,button,"rgb(255, 255, 255)","rgb(113, 118, 122)","rgb(255,255,255)","rgb(113,118,122)",4.59,4.59,1,1,0,0
921,div,"rgb(27, 27, 27)","rgb(255, 255, 255)","rgb(27,27,27)","rgb(255,255,255)",17.22,17.22,1,1,0,0
921,a,"rgb(255, 255, 255)","rgb(0, 94, 162)","rgb(255,255,255)","rgb(0,94,162)",6.72,6.72,1,1,0,0
921,div,"rgb(27, 27, 27)","rgb(237, 239, 240)","rgb(27,27,27)","rgb(237,239,240)",14.93,14.93,1,1,0,0
923,div,"rgb(255, 255, 255)","rgb(62, 48, 64)","rgb(255,255,255)","rgb(62,48,64)",12.34,12.34,1,1,0,0
923,div,"rgb(250, 249, 251)","rgb(42, 34, 43)","rgb(250,249,251)","rgb(42,34,43)",14.69,14.69,1,1,0,0
923,a,"rgb(42, 34, 43)","rgb(250, 249, 251)","rgb(42,34,43)","rgb(250,249,251)",14.69,14.69,1,1,0,0
923,div,"rgb(42, 34, 43)","rgb(42, 34, 43)","rgb(42,34,43)","rgb(42,34,43)",1,1,0,0,0,0
923,p,"rgb(249, 242, 253)","rgb(160, 87, 187)","rgb(249,242,253)","rgb(160,87,187)",4.18,4.18,0,0,0,0
923,div,"rgb(42, 34, 43)","rgb(238, 236, 238)","rgb(42,34,43)","rgb(238,236,238)",13.12,13.12,1,1,0,0
923,div,"rgb(42, 34, 43)","rgb(255, 255, 255)","rgb(42,34,43)","rgb(255,255,255)",15.42,15.42,1,1,0,0
923,button,"rgb(60, 50, 62)","rgb(255, 255, 255)","rgb(60,50,62)","rgb(255,255,255)",12.22,12.22,1,1,0,0
923,button,"rgb(255, 255, 255)","rgb(60, 50, 62)","rgb(255,255,255)","rgb(60,50,62)",12.22,12.22,1,1,0,0
924,a,"rgb(35, 30, 21)","rgb(255, 224, 27)","rgb(35,30,21)","rgb(255,224,27)",12.56,12.56,1,1,0,0
924,a,"rgb(35, 30, 21)","rgba(35, 30, 21, 0)","rgb(35,30,21)","rgb(255,255,255)",1,16.56,0,1,0,1
924,section,"rgb(0, 0, 0)","rgb(245, 245, 245)","rgb(0,0,0)","rgb(245,245,245)",19.26,19.26,1,1,0,0
924,section,"rgb(0, 0, 0)","rgb(35, 30, 21)","rgb(0,0,0)","rgb(35,30,21)",1.27,1.27,0,0,0,0
924,button,"rgb(255, 255, 255)","rgba(35, 30, 21, 0)","rgb(255,255,255)","rgb(255,255,255)",16.56,1,1,0,1,0
924,section,"rgb(0, 0, 0)","rgb(255, 255, 255)","rgb(0,0,0)","rgb(255,255,255)",21,21,1,1,0,0
924,a,"rgb(255, 255, 255)","rgb(35, 30, 21)","rgb(255,255,255)","rgb(35,30,21)",16.56,16.56,1,1,0,0
924,label,"rgb(35, 30, 21)","rgb(255, 255, 255)","rgb(35,30,21)","rgb(255,255,255)",16.56,16.56,1,1,0,0
924,div,"rgb(0, 0, 0)","rgb(235, 225, 205)","rgb(0,0,0)","rgb(235,225,205)",16.18,16.18,1,1,0,0
924,button,"rgb(255, 255, 255)","rgb(36, 28, 21)","rgb(255,255,255)","rgb(36,28,21)",16.77,16.77,1,1,0,0
925,a,"rgb(0, 0, 0)","rgb(255, 255, 255)","rgb(0,0,0)","rgb(255,255,255)",21,21,1,1,0,0
925,div,"rgb(0, 0, 0)","rgb(0, 0, 0)","rgb(0,0,0)","rgb(0,0,0)",1,1,0,0,0,0
925,a,"rgb(0, 0, 0)","rgb(248, 248, 248)","rgb(0,0,0)","rgb(248,248,248)",19.77,19.77,1,1,0,0
925,a,"rgb(8, 8, 8)","rgba(255, 255, 255, 0)","rgb(8,8,8)","rgb(255,255,255)",20.03,20.03,1,1,0,0
925,a,"rgb(248, 248, 248)","rgb(19, 19, 19)","rgb(248,248,248)","rgb(19,19,19)",17.5,17.5,1,1,0,0
925,a,"rgb(132, 136, 139)","rgba(221, 221, 221, 0)","rgb(132,136,139)","rgb(255,255,255)",2.63,3.57,0,0,0,0
925,section,"rgb(0, 0, 0)","rgb(13, 13, 13)","rgb(0,0,0)","rgb(13,13,13)",1.08,1.08,0,0,0,0
925,a,"rgb(13, 13, 13)","rgb(248, 248, 248)","rgb(13,13,13)","rgb(248,248,248)",18.3,18.3,1,1,0,0
925,a,"rgb(248, 248, 248)","rgba(221, 221, 221, 0)","rgb(248,248,248)","rgb(255,255,255)",1.28,1.06,0,0,0,0
925,div,"rgb(0, 0, 0)","rgb(34, 34, 34)","rgb(0,0,0)","rgb(34,34,34)",1.32,1.32,0,0,0,0
925,a,"rgb(248, 249, 249)","rgb(57, 57, 57)","rgb(248,249,249)","rgb(57,57,57)",10.95,10.95,1,1,0,0
925,div,"rgb(0, 0, 0)","rgb(22, 22, 22)","rgb(0,0,0)","rgb(22,22,22)",1.16,1.16,0,0,0,0
925,div,"rgb(0, 0, 0)","rgb(23, 23, 23)","rgb(0,0,0)","rgb(23,23,23)",1.17,1.17,0,0,0,0
925,div,"rgb(0, 0, 0)","rgb(28, 28, 28)","rgb(0,0,0)","rgb(28,28,28)",1.23,1.23,0,0,0,0
925,div,"rgb(0, 0, 0)","rgb(19, 19, 19)","rgb(0,0,0)","rgb(19,19,19)",1.13,1.13,0,0,0,0
925,div,"rgb(21, 128, 61)","rgba(34, 197, 94, 0.1)","rgb(21,128,61)","rgb(233,249,239)",2.2,4.61,0,1,0,1
927,div,"rgb(10, 30, 70)","rgb(237, 245, 255)","rgb(10,30,70)","rgb(237,245,255)",14.84,14.84,1,1,0,0
927,li,"rgb(0, 0, 0)","rgb(237, 245, 255)","rgb(0,0,0)","rgb(237,245,255)",19.11,19.11,1,1,0,0
927,a,"rgb(255, 255, 255)","rgb(20, 100, 255)","rgb(255,255,255)","rgb(20,100,255)",4.89,4.89,1,1,0,0
927,a,"rgb(10, 30, 70)","rgb(255, 255, 255)","rgb(10,30,70)","rgb(255,255,255)",16.32,16.32,1,1,0,0
928,a,"rgb(255, 255, 255)","rgb(0, 111, 255)","rgb(255,255,255)","rgb(0,111,255)",4.45,4.45,0,0,0,0
928,div,"rgb(73, 73, 73)","rgb(255, 255, 255)","rgb(73,73,73)","rgb(255,255,255)",9,9,1,1,0,0
928,div,"rgb(73, 73, 73)","rgb(249, 250, 250)","rgb(73,73,73)","rgb(249,250,250)",8.61,8.61,1,1,0,0
928,button,"rgb(255, 255, 255)","rgba(255, 255, 255, 0.1)","rgb(255,255,255)","rgb(255,255,255)",1,1,0,0,0,0
928,button,"rgb(0, 122, 255)","rgb(255, 255, 255)","rgb(0,122,255)","rgb(255,255,255)",4.02,4.02,0,0,0,0
928,button,"rgb(255, 255, 255)","rgb(0, 122, 255)","rgb(255,255,255)","rgb(0,122,255)",4.02,4.02,0,0,0,0
929,button,"rgb(255, 255, 255)","rgb(0, 0, 0)","rgb(255,255,255)","rgb(0,0,0)",21,21,1,1,0,0
929,a,"rgb(0, 0, 0)","rgb(255, 204, 0)","rgb(0,0,0)","rgb(255,204,0)",13.89,13.89,1,1,0,0
929,div,"rgb(0, 0, 0)","rgb(0, 0, 0)","rgb(0,0,0)","rgb(0,0,0)",1,1,0,0,0,0
929,div,"rgb(0, 0, 0)","rgb(255, 255, 255)","rgb(0,0,0)","rgb(255,255,255)",21,21,1,1,0,0
929,div,"rgb(0, 0, 0)","rgba(0, 0, 0, 0.3)","rgb(0,0,0)","rgb(179,179,179)",1,9.96,0,1,0,1
929,div,"rgb(0, 0, 0)","rgb(242, 242, 242)","rgb(0,0,0)","rgb(242,242,242)",18.76,18.76,1,1,0,0
929,button,"rgb(255, 255, 255)","rgb(0, 121, 188)","rgb(255,255,255)","rgb(0,121,188)",4.71,4.71,1,1,0,0
929,button,"rgb(0, 0, 0)","rgb(199, 199, 201)","rgb(0,0,0)","rgb(199,199,201)",12.44,12.44,1,1,0,0
930,div,"rgb(64, 64, 64)","rgb(255, 255, 255)","rgb(64,64,64)","rgb(255,255,255)",10.37,10.37,1,1,0,0
931,button,"rgb(7, 53, 144)","rgb(241, 201, 51)","rgb(7,53,144)","rgb(241,201,51)",6.84,6.84,1,1,0,0
931,button,"rgb(255, 255, 255)","rgba(255, 255, 255, 0.1)","rgb(255,255,255)","rgb(255,255,255)",1,1,0,0,0,0
931,div,"rgb(46, 46, 46)","rgb(255, 255, 255)","rgb(46,46,46)","rgb(255,255,255)",13.58,13.58,1,1,0,0
931,a,"rgb(7, 53, 144)","rgb(255, 255, 255)","rgb(7,53,144)","rgb(255,255,255)",10.93,10.93,1,1,0,0
931,div,"rgb(0, 0, 0)","rgb(255, 255, 255)","rgb(0,0,0)","rgb(255,255,255)",21,21,1,1,0,0
932,div,"rgb(11, 33, 74)","rgb(0, 8, 77)","rgb(11,33,74)","rgb(0,8,77)",1.17,1.17,0,0,0,0
932,div,"rgb(44, 51, 63)","rgb(249, 250, 251)","rgb(44,51,63)","rgb(249,250,251)",12.16,12.16,1,1,0,0
932,span,"rgb(255, 255, 255)","rgb(37, 96, 255)","rgb(255,255,255)","rgb(37,96,255)",5,5,1,1,0,0
932,a,"rgb(37, 96, 255)","rgba(37, 96, 255, 0.1)","rgb(37,96,255)","rgb(233,239,255)",1,4.36,0,0,0,0
932,div,"rgb(44, 51, 63)","rgba(37, 96, 255, 0.05)","rgb(44,51,63)","rgb(244,247,255)",2.54,11.86,0,1,0,1
932,div,"rgb(44, 51, 63)","rgb(255, 255, 255)","rgb(44,51,63)","rgb(255,255,255)",12.71,12.71,1,1,0,0
932,div,"rgb(44, 51, 63)","rgb(0, 0, 0)","rgb(44,51,63)","rgb(0,0,0)",1.65,1.65,0,0,0,0
932,a,"rgb(0, 0, 0)","rgb(255, 255, 255)","rgb(0,0,0)","rgb(255,255,255)",21,21,1,1,0,0
932,div,"rgb(44, 51, 63)","rgb(37, 96, 255)","rgb(44,51,63)","rgb(37,96,255)",2.54,2.54,0,0,0,0
932,div,"rgb(255, 255, 255)","rgb(0, 61, 181)","rgb(255,255,255)","rgb(0,61,181)",8.99,8.99,1,1,0,0
932,a,"rgb(37, 96, 255)","rgb(255, 255, 255)","rgb(37,96,255)","rgb(255,255,255)",5,5,1,1,0,0
932,div,"rgb(44, 51, 63)","rgb(0, 41, 120)","rgb(44,51,63)","rgb(0,41,120)",1.04,1.04,0,0,0,0
932,button,"rgb(104, 182, 49)","rgb(240, 240, 240)","rgb(104,182,49)","rgb(240,240,240)",2.21,2.21,0,0,0,0
932,button,"rgb(29, 99, 237)","rgb(255, 255, 255)","rgb(29,99,237)","rgb(255,255,255)",5.17,5.17,1,1,0,0
932,button,"rgb(255, 255, 255)","rgb(29, 99, 237)","rgb(255,255,255)","rgb(29,99,237)",5.17,5.17,1,1,0,0
934,div,"rgb(127, 127, 127)","rgb(255, 255, 255)","rgb(127,127,127)","rgb(255,255,255)",4,4,0,0,0,0
934,button,"rgb(255, 255, 255)","rgb(244, 115, 33)","rgb(255,255,255)","rgb(244,115,33)",2.87,2.87,0,0,0,0
934,div,"rgb(73, 73, 73)","rgb(248, 249, 250)","rgb(73,73,73)","rgb(248,249,250)",8.54,8.54,1,1,0,0
934,div,"rgb(255, 255, 255)","rgb(248, 249, 250)","rgb(255,255,255)","rgb(248,249,250)",1.05,1.05,0,0,0,0
934,div,"rgb(255, 255, 255)","rgb(255, 255, 255)","rgb(255,255,255)","rgb(255,255,255)",1,1,0,0,0,0
934,button,"rgb(255, 255, 255)","rgb(246, 97, 0)","rgb(255,255,255)","rgb(246,97,0)",3.17,3.17,0,0,0,0
934,a,"rgb(12, 106, 147)","rgb(248, 249, 250)","rgb(12,106,147)","rgb(248,249,250)",5.69,5.69,1,1,0,0
934,button,"rgb(244, 115, 33)","rgb(248, 249, 250)","rgb(244,115,33)","rgb(248,249,250)",2.72,2.72,0,0,0,0
934,button,"rgb(0, 0, 0)","rgb(248, 249, 250)","rgb(0,0,0)","rgb(248,249,250)",19.92,19.92,1,1,0,0
934,div,"rgb(73, 73, 73)","rgb(255, 255, 255)","rgb(73,73,73)","rgb(255,255,255)",9,9,1,1,0,0
934,button,"rgb(255, 255, 255)","rgb(12, 106, 147)","rgb(255,255,255)","rgb(12,106,147)",6,6,1,1,0,0
934,button,"rgb(82, 82, 82)","rgb(255, 255, 255)","rgb(82,82,82)","rgb(255,255,255)",7.81,7.81,1,1,0,0
934,div,"rgb(73, 73, 73)","rgb(242, 249, 253)","rgb(73,73,73)","rgb(242,249,253)",8.46,8.46,1,1,0,0
934,div,"rgb(255, 255, 255)","rgb(4, 113, 161)","rgb(255,255,255)","rgb(4,113,161)",5.41,5.41,1,1,0,0
934,div,"rgb(255, 255, 255)","rgb(113, 180, 4)","rgb(255,255,255)","rgb(113,180,4)",2.55,2.55,0,0,0,0
934,a,"rgb(82, 82, 82)","rgb(201, 201, 201)","rgb(82,82,82)","rgb(201,201,201)",4.72,4.72,1,1,0,0
935,a,"rgb(255, 222, 156)","rgba(255, 255, 255, 0.08)","rgb(255,222,156)","rgb(255,255,255)",1.3,1.3,0,0,0,0
935,div,"rgb(0, 0, 0)","rgba(255, 255, 255, 0.08)","rgb(0,0,0)","rgb(255,255,255)",21,21,1,1,0,0
935,div,"rgb(0, 0, 0)","rgb(20, 21, 23)","rgb(0,0,0)","rgb(20,21,23)",1.15,1.15,0,0,0,0
935,div,"rgb(0, 128, 255)","rgba(0, 128, 255, 0.15)","rgb(0,128,255)","rgb(217,236,255)",1,3.14,0,0,0,0
935,div,"rgb(234, 234, 234)","rgba(255, 255, 255, 0.1)","rgb(234,234,234)","rgb(255,255,255)",1.2,1.2,0,0,0,0
935,div,"rgb(255, 255, 255)","rgba(255, 255, 255, 0.1)","rgb(255,255,255)","rgb(255,255,255)",1,1,0,0,0,0
935,div,"rgb(0, 0, 0)","rgb(29, 30, 32)","rgb(0,0,0)","rgb(29,30,32)",1.26,1.26,0,0,0,0
935,div,"rgb(255, 255, 255)","rgba(24, 25, 27, 0.6)","rgb(255,255,255)","rgb(116,117,118)",17.59,4.61,1,1,0,0
935,div,"rgba(255, 255, 255, 0.6)","rgba(24, 25, 27, 0.6)","rgb(200,200,200)","rgb(116,117,118)",17.59,2.75,1,0,1,0
935,div,"rgb(255, 221, 154)","rgba(24, 25, 27, 0.6)","rgb(255,221,154)","rgb(116,117,118)",13.45,3.53,1,0,1,0
935,div,"rgba(255, 255, 255, 0.6)","rgba(255, 255, 255, 0.04)","rgb(255,255,255)","rgb(255,255,255)",1,1,0,0,0,0
937,div,"rgb(34, 34, 34)","rgb(247, 247, 247)","rgb(34,34,34)","rgb(247,247,247)",14.85,14.85,1,1,0,0
939,div,"rgb(33, 37, 41)","rgb(255, 255, 255)","rgb(33,37,41)","rgb(255,255,255)",15.43,15.43,1,1,0,0
939,button,"rgb(255, 255, 255)","rgb(255, 139, 0)","rgb(255,255,255)","rgb(255,139,0)",2.35,2.35,0,0,0,0
939,div,"rgb(33, 33, 33)","rgb(255, 255, 255)","rgb(33,33,33)","rgb(255,255,255)",16.1,16.1,1,1,0,0
939,div,"rgb(41, 60, 91)","rgb(237, 237, 237)","rgb(41,60,91)","rgb(237,237,237)",9.48,9.48,1,1,0,0
939,div,"rgb(33, 37, 41)","rgb(19, 19, 19)","rgb(33,37,41)","rgb(19,19,19)",1.2,1.2,0,0,0,0
939,div,"rgb(255, 255, 255)","rgb(19, 19, 19)","rgb(255,255,255)","rgb(19,19,19)",18.58,18.58,1,1,0,0
939,a,"rgb(255, 139, 0)","rgb(255, 255, 255)","rgb(255,139,0)","rgb(255,255,255)",2.35,2.35,0,0,0,0
939,div,"rgb(255, 255, 255)","rgb(38, 185, 97)","rgb(255,255,255)","rgb(38,185,97)",2.56,2.56,0,0,0,0
939,a,"rgb(255, 255, 255)","rgb(255, 189, 0)","rgb(255,255,255)","rgb(255,189,0)",1.68,1.68,0,0,0,0
939,div,"rgb(33, 37, 41)","rgb(255, 246, 235)","rgb(33,37,41)","rgb(255,246,235)",14.42,14.42,1,1,0,0
939,div,"rgb(33, 37, 41)","rgb(255, 139, 0)","rgb(33,37,41)","rgb(255,139,0)",6.57,6.57,1,1,0,0
939,div,"rgb(255, 255, 255)","rgba(255, 255, 255, 0.2)","rgb(255,255,255)","rgb(255,255,255)",1,1,0,0,0,0
939,div,"rgb(255, 255, 255)","rgba(255, 246, 235, 0.2)","rgb(255,255,255)","rgb(255,253,251)",1.07,1.01,0,0,0,0
939,div,"rgb(33, 37, 41)","rgb(235, 235, 235)","rgb(33,37,41)","rgb(235,235,235)",12.94,12.94,1,1,0,0
939,div,"rgb(255, 255, 255)","rgb(255, 255, 255)","rgb(255,255,255)","rgb(255,255,255)",1,1,0,0,0,0
939,div,"rgb(89, 89, 89)","rgb(255, 255, 255)","rgb(89,89,89)","rgb(255,255,255)",7,7,1,1,0,0
939,div,"rgb(255, 139, 0)","rgb(255, 246, 235)","rgb(255,139,0)","rgb(255,246,235)",2.19,2.19,0,0,0,0
939,div,"rgb(255, 255, 255)","rgb(41, 22, 0)","rgb(255,255,255)","rgb(41,22,0)",17.37,17.37,1,1,0,0
939,a,"rgb(0, 0, 0)","rgb(255, 255, 255)","rgb(0,0,0)","rgb(255,255,255)",21,21,1,1,0,0
940,div,"rgb(90, 90, 90)","rgb(255, 255, 255)","rgb(90,90,90)","rgb(255,255,255)",6.9,6.9,1,1,0,0
940,div,"rgb(0, 0, 0)","rgb(252, 253, 253)","rgb(0,0,0)","rgb(252,253,253)",20.61,20.61,1,1,0,0
940,div,"rgb(0, 0, 0)","rgb(255, 255, 255)","rgb(0,0,0)","rgb(255,255,255)",21,21,1,1,0,0
940,span,"rgb(34, 34, 34)","rgb(233, 233, 233)","rgb(34,34,34)","rgb(233,233,233)",13.1,13.1,1,1,0,0
940,span,"rgb(0, 0, 0)","rgb(255, 210, 68)","rgb(0,0,0)","rgb(255,210,68)",14.55,14.55,1,1,0,0
940,div,"rgb(255, 255, 255)","rgb(66, 80, 95)","rgb(255,255,255)","rgb(66,80,95)",8.25,8.25,1,1,0,0
940,a,"rgb(255, 255, 255)","rgb(75, 136, 202)","rgb(255,255,255)","rgb(75,136,202)",3.7,3.7,0,0,0,0
940,div,"rgb(51, 51, 51)","rgb(255, 255, 255)","rgb(51,51,51)","rgb(255,255,255)",12.63,12.63,1,1,0,0
940,button,"rgb(255, 255, 255)","rgb(49, 91, 136)","rgb(255,255,255)","rgb(49,91,136)",7.04,7.04,1,1,0,0
941,button,"rgb(255, 255, 255)","rgb(235, 0, 0)","rgb(255,255,255)","rgb(235,0,0)",4.63,4.63,1,1,0,0
941,button,"rgb(255, 255, 255)","rgb(34, 35, 35)","rgb(255,255,255)","rgb(34,35,35)",15.76,15.76,1,1,0,0
941,div,"rgb(51, 51, 51)","rgba(255, 255, 255, 0.92)","rgb(51,51,51)","rgb(255,255,255)",12.63,12.63,1,1,0,0
941,section,"rgb(255, 255, 255)","rgb(22, 19, 72)","rgb(255,255,255)","rgb(22,19,72)",17.2,17.2,1,1,0,0
941,a,"rgb(235, 0, 0)","rgb(255, 255, 255)","rgb(235,0,0)","rgb(255,255,255)",4.63,4.63,1,1,0,0
941,section,"rgb(51, 51, 51)","rgb(239, 239, 239)","rgb(51,51,51)","rgb(239,239,239)",10.99,10.99,1,1,0,0
941,section,"rgb(51, 51, 51)","rgb(255, 255, 255)","rgb(51,51,51)","rgb(255,255,255)",12.63,12.63,1,1,0,0
941,span,"rgb(255, 255, 255)","rgb(51, 51, 51)","rgb(255,255,255)","rgb(51,51,51)",12.63,12.63,1,1,0,0
942,span,"rgb(15, 17, 17)","rgb(240, 242, 242)","rgb(15,17,17)","rgb(240,242,242)",16.86,16.86,1,1,0,0
942,div,"rgb(15, 17, 17)","rgb(19, 25, 33)","rgb(15,17,17)","rgb(19,25,33)",1.07,1.07,0,0,0,0
942,div,"rgb(15, 17, 17)","rgb(230, 230, 230)","rgb(15,17,17)","rgb(230,230,230)",15.18,15.18,1,1,0,0
942,div,"rgb(15, 17, 17)","rgb(255, 255, 255)","rgb(15,17,17)","rgb(255,255,255)",18.94,18.94,1,1,0,0
942,div,"rgb(15, 17, 17)","rgb(35, 47, 62)","rgb(15,17,17)","rgb(35,47,62)",1.4,1.4,0,0,0,0
942,div,"rgb(15, 17, 17)","rgb(227, 230, 230)","rgb(15,17,17)","rgb(227,230,230)",15.09,15.09,1,1,0,0
942,a,"rgb(33, 98, 161)","rgb(255, 255, 255)","rgb(33,98,161)","rgb(255,255,255)",6.31,6.31,1,1,0,0
942,div,"rgb(255, 255, 255)","rgb(204, 12, 57)","rgb(255,255,255)","rgb(204,12,57)",5.71,5.71,1,1,0,0
942,div,"rgb(204, 12, 57)","rgb(255, 255, 255)","rgb(204,12,57)","rgb(255,255,255)",5.71,5.71,1,1,0,0
942,div,"rgb(255, 255, 255)","rgb(55, 71, 90)","rgb(255,255,255)","rgb(55,71,90)",9.5,9.5,1,1,0,0
942,div,"rgb(221, 221, 221)","rgb(19, 26, 34)","rgb(221,221,221)","rgb(19,26,34)",12.9,12.9,1,1,0,0
943,div,"rgb(34, 34, 34)","rgb(255, 255, 255)","rgb(34,34,34)","rgb(255,255,255)",15.91,15.91,1,1,0,0
943,div,"rgb(34, 34, 34)","rgba(255, 255, 255, 0.65)","rgb(34,34,34)","rgb(255,255,255)",15.91,15.91,1,1,0,0
945,div,"rgb(82, 82, 82)","rgb(10, 77, 127)","rgb(82,82,82)","rgb(10,77,127)",1.13,1.13,0,0,0,0
945,div,"rgb(82, 82, 82)","rgb(255, 255, 255)","rgb(82,82,82)","rgb(255,255,255)",7.81,7.81,1,1,0,0
945,a,"rgb(255, 255, 255)","rgb(78, 149, 204)","rgb(255,255,255)","rgb(78,149,204)",3.23,3.23,0,0,0,0
945,div,"rgb(82, 82, 82)","rgba(0, 14, 39, 0.65)","rgb(82,82,82)","rgb(89,98,115)",2.46,1.28,0,0,0,0
945,div,"rgb(255, 255, 255)","rgba(0, 21, 48, 0.25)","rgb(255,255,255)","rgb(191,197,203)",18.26,1.75,1,0,1,0
945,a,"rgb(255, 255, 255)","rgb(38, 192, 110)","rgb(255,255,255)","rgb(38,192,110)",2.37,2.37,0,0,0,0
945,section,"rgb(82, 82, 82)","rgb(247, 247, 247)","rgb(82,82,82)","rgb(247,247,247)",7.29,7.29,1,1,0,0
945,a,"rgb(82, 82, 82)","rgba(255, 255, 255, 0.95)","rgb(82,82,82)","rgb(255,255,255)",7.81,7.81,1,1,0,0
945,div,"rgb(78, 149, 204)","rgb(255, 255, 255)","rgb(78,149,204)","rgb(255,255,255)",3.23,3.23,0,0,0,0
945,div,"rgb(82, 82, 82)","rgb(0, 37, 65)","rgb(82,82,82)","rgb(0,37,65)",2,2,0,0,0,0
945,section,"rgb(82, 82, 82)","rgb(252, 249, 240)","rgb(82,82,82)","rgb(252,249,240)",7.42,7.42,1,1,0,0
945,a,"rgb(255, 255, 255)","rgb(17, 17, 17)","rgb(255,255,255)","rgb(17,17,17)",18.88,18.88,1,1,0,0
945,a,"rgb(8, 35, 54)","rgba(255, 255, 255, 0.75)","rgb(8,35,54)","rgb(255,255,255)",16.1,16.1,1,1,0,0
945,div,"rgb(82, 82, 82)","rgb(3, 53, 90)","rgb(82,82,82)","rgb(3,53,90)",1.62,1.62,0,0,0,0
946,button,"rgb(23, 23, 23)","rgb(255, 255, 255)","rgb(23,23,23)","rgb(255,255,255)",17.93,17.93,1,1,0,0
946,a,"rgb(255, 255, 255)","rgb(23, 23, 23)","rgb(255,255,255)","rgb(23,23,23)",17.93,17.93,1,1,0,0
946,div,"rgb(23, 23, 23)","rgb(250, 250, 250)","rgb(23,23,23)","rgb(250,250,250)",17.18,17.18,1,1,0,0
946,span,"rgb(0, 104, 214)","rgb(235, 245, 255)","rgb(0,104,214)","rgb(235,245,255)",4.82,4.82,1,1,0,0
946,li,"rgb(77, 77, 77)","rgb(255, 255, 255)","rgb(77,77,77)","rgb(255,255,255)",8.45,8.45,1,1,0,0
946,span,"rgb(0, 104, 214)","rgb(204, 230, 255)","rgb(0,104,214)","rgb(204,230,255)",4.13,4.13,0,0,0,0
946,div,"rgb(23, 23, 23)","rgb(242, 242, 242)","rgb(23,23,23)","rgb(242,242,242)",16.01,16.01,1,1,0,0
946,p,"rgb(77, 77, 77)","rgb(250, 250, 250)","rgb(77,77,77)","rgb(250,250,250)",8.1,8.1,1,1,0,0
948,div,"rgb(0, 0, 0)","rgb(247, 247, 247)","rgb(0,0,0)","rgb(247,247,247)",19.6,19.6,1,1,0,0
948,button,"rgb(29, 75, 0)","rgb(181, 233, 65)","rgb(29,75,0)","rgb(181,233,65)",7.14,7.14,1,1,0,0
948,span,"rgb(255, 255, 255)","rgb(90, 51, 174)","rgb(255,255,255)","rgb(90,51,174)",8.34,8.34,1,1,0,0
948,a,"rgb(50, 105, 22)","rgb(255, 255, 255)","rgb(50,105,22)","rgb(255,255,255)",6.63,6.63,1,1,0,0
948,div,"rgb(12, 12, 11)","rgb(255, 255, 255)","rgb(12,12,11)","rgb(255,255,255)",19.57,19.57,1,1,0,0
948,div,"rgb(12, 12, 11)","rgb(181, 233, 65)","rgb(12,12,11)","rgb(181,233,65)",13.7,13.7,1,1,0,0
948,div,"rgb(119, 117, 111)","rgb(255, 255, 255)","rgb(119,117,111)","rgb(255,255,255)",4.61,4.61,1,1,0,0
948,button,"rgb(255, 255, 255)","rgb(50, 105, 22)","rgb(255,255,255)","rgb(50,105,22)",6.63,6.63,1,1,0,0
948,div,"rgb(12, 12, 11)","rgb(244, 242, 239)","rgb(12,12,11)","rgb(244,242,239)",17.51,17.51,1,1,0,0
948,span,"rgb(51, 50, 46)","rgb(244, 242, 239)","rgb(51,50,46)","rgb(244,242,239)",11.48,11.48,1,1,0,0
948,section,"rgb(51, 50, 46)","rgb(255, 255, 255)","rgb(51,50,46)","rgb(255,255,255)",12.83,12.83,1,1,0,0
948,span,"rgb(12, 12, 11)","rgb(255, 167, 63)","rgb(12,12,11)","rgb(255,167,63)",10.11,10.11,1,1,0,0
948,span,"rgb(29, 75, 0)","rgb(233, 248, 198)","rgb(29,75,0)","rgb(233,248,198)",9.09,9.09,1,1,0,0
948,span,"rgb(50, 105, 22)","rgb(233, 248, 198)","rgb(50,105,22)","rgb(233,248,198)",5.91,5.91,1,1,0,0
950,div,"rgb(0, 0, 0)","rgb(229, 229, 229)","rgb(0,0,0)","rgb(229,229,229)",16.67,16.67,1,1,0,0
950,div,"rgb(0, 0, 0)","rgb(255, 255, 255)","rgb(0,0,0)","rgb(255,255,255)",21,21,1,1,0,0
950,button,"rgb(255, 255, 255)","rgb(0, 0, 0)","rgb(255,255,255)","rgb(0,0,0)",21,21,1,1,0,0
950,div,"rgb(0, 0, 0)","rgb(0, 0, 0)","rgb(0,0,0)","rgb(0,0,0)",1,1,0,0,0,0
950,div,"rgb(255, 255, 255)","rgba(115, 133, 159, 0.5)","rgb(255,255,255)","rgb(185,194,207)",3.76,1.8,0,0,0,0
950,div,"rgb(255, 255, 255)","rgb(224, 144, 38)","rgb(255,255,255)","rgb(224,144,38)",2.57,2.57,0,0,0,0
950,div,"rgb(0, 0, 0)","rgba(255, 255, 255, 0.8)","rgb(0,0,0)","rgb(255,255,255)",21,21,1,1,0,0
950,div,"rgb(255, 255, 255)","rgb(195, 24, 51)","rgb(255,255,255)","rgb(195,24,51)",6,6,1,1,0,0
950,div,"rgb(0, 0, 0)","rgb(195, 24, 51)","rgb(0,0,0)","rgb(195,24,51)",3.5,3.5,0,0,0,0
950,div,"rgb(0, 0, 0)","rgb(238, 238, 238)","rgb(0,0,0)","rgb(238,238,238)",18.1,18.1,1,1,0,0
950,div,"rgb(0, 0, 0)","rgb(240, 240, 240)","rgb(0,0,0)","rgb(240,240,240)",18.43,18.43,1,1,0,0
950,button,"rgb(35, 25, 110)","rgb(255, 255, 255)","rgb(35,25,110)","rgb(255,255,255)",14.63,14.63,1,1,0,0
951,button,"rgb(32, 32, 35)","rgb(255, 255, 255)","rgb(32,32,35)","rgb(255,255,255)",16.25,16.25,1,1,0,0
951,button,"rgb(255, 255, 255)","rgb(32, 32, 35)","rgb(255,255,255)","rgb(32,32,35)",16.25,16.25,1,1,0,0
951,a,"rgb(31, 31, 31)","rgb(29, 240, 187)","rgb(31,31,31)","rgb(29,240,187)",11.17,11.17,1,1,0,0
951,div,"rgba(255, 255, 255, 0.75)","rgb(31, 31, 31)","rgb(199,199,199)","rgb(31,31,31)",16.48,9.75,1,1,0,0
951,button,"rgb(255, 255, 255)","rgb(31, 31, 31)","rgb(255,255,255)","rgb(31,31,31)",16.48,16.48,1,1,0,0
951,div,"rgba(250, 250, 250, 0.75)","rgb(255, 255, 255)","rgb(251,251,251)","rgb(255,255,255)",1.04,1.03,0,0,0,0
951,a,"rgb(0, 0, 0)","rgb(255, 255, 255)","rgb(0,0,0)","rgb(255,255,255)",21,21,1,1,0,0
951,a,"rgb(255, 255, 255)","rgba(10, 162, 136, 0.2)","rgb(255,255,255)","rgb(206,236,231)",3.21,1.25,0,0,0,0
951,div,"rgba(31, 31, 31, 0.75)","rgb(255, 255, 255)","rgb(87,87,87)","rgb(255,255,255)",16.48,7.23,1,1,0,0
951,button,"rgb(51, 51, 51)","rgb(29, 240, 187)","rgb(51,51,51)","rgb(29,240,187)",8.56,8.56,1,1,0,0
951,a,"rgb(5, 84, 70)","rgb(210, 255, 242)","rgb(5,84,70)","rgb(210,255,242)",8.18,8.18,1,1,0,0
951,a,"rgb(0, 0, 0)","rgb(29, 240, 187)","rgb(0,0,0)","rgb(29,240,187)",14.23,14.23,1,1,0,0
951,div,"rgba(31, 31, 31, 0.75)","rgb(247, 247, 247)","rgb(85,85,85)","rgb(247,247,247)",15.39,6.96,1,1,0,0
951,a,"rgb(255, 255, 255)","rgb(0, 0, 0)","rgb(255,255,255)","rgb(0,0,0)",21,21,1,1,0,0
951,div,"rgba(255, 255, 255, 0.75)","rgb(34, 38, 43)","rgb(200,201,202)","rgb(34,38,43)",15.22,9.15,1,1,0,0
951,div,"rgb(247, 250, 252)","rgb(34, 38, 43)","rgb(247,250,252)","rgb(34,38,43)",14.52,14.52,1,1,0,0
951,div,"rgba(31, 31, 31, 0.75)","rgba(10, 162, 136, 0.1)","rgb(81,85,84)","rgb(231,246,243)",5.13,6.8,1,1,0,0
951,div,"rgba(31, 31, 31, 0.75)","rgb(245, 245, 245)","rgb(85,85,85)","rgb(245,245,245)",15.12,6.89,1,1,0,0
952,button,"rgb(9, 78, 127)","rgb(255, 255, 255)","rgb(9,78,127)","rgb(255,255,255)",8.72,8.72,1,1,0,0
952,div,"rgb(0, 0, 0)","rgb(255, 255, 255)","rgb(0,0,0)","rgb(255,255,255)",21,21,1,1,0,0
952,li,"rgb(9, 80, 117)","rgb(247, 247, 247)","rgb(9,80,117)","rgb(247,247,247)",8.11,8.11,1,1,0,0
952,div,"rgb(255, 255, 255)","rgb(214, 45, 45)","rgb(255,255,255)","rgb(214,45,45)",4.92,4.92,1,1,0,0
952,div,"rgb(184, 184, 184)","rgb(239, 239, 239)","rgb(184,184,184)","rgb(239,239,239)",1.73,1.73,0,0,0,0
952,div,"rgb(0, 0, 0)","rgb(229, 229, 229)","rgb(0,0,0)","rgb(229,229,229)",16.67,16.67,1,1,0,0
952,div,"rgb(255, 255, 255)","rgba(42, 42, 42, 0.7)","rgb(255,255,255)","rgb(106,106,106)",14.35,5.42,1,1,0,0
952,section,"rgb(0, 0, 0)","rgb(255, 248, 220)","rgb(0,0,0)","rgb(255,248,220)",19.71,19.71,1,1,0,0
952,section,"rgb(0, 0, 0)","rgb(242, 248, 248)","rgb(0,0,0)","rgb(242,248,248)",19.56,19.56,1,1,0,0
952,a,"rgb(0, 0, 0)","rgb(253, 159, 2)","rgb(0,0,0)","rgb(253,159,2)",10.14,10.14,1,1,0,0
952,a,"rgb(0, 0, 0)","rgb(250, 209, 14)","rgb(0,0,0)","rgb(250,209,14)",14.19,14.19,1,1,0,0
952,a,"rgb(0, 0, 0)","rgb(140, 200, 86)","rgb(0,0,0)","rgb(140,200,86)",10.51,10.51,1,1,0,0
952,a,"rgb(0, 0, 0)","rgb(182, 172, 249)","rgb(0,0,0)","rgb(182,172,249)",10.26,10.26,1,1,0,0
952,a,"rgb(0, 0, 0)","rgb(80, 130, 81)","rgb(0,0,0)","rgb(80,130,81)",4.65,4.65,1,1,0,0
952,section,"rgb(255, 255, 255)","rgb(42, 42, 42)","rgb(255,255,255)","rgb(42,42,42)",14.35,14.35,1,1,0,0
952,section,"rgb(0, 0, 0)","rgb(240, 248, 255)","rgb(0,0,0)","rgb(240,248,255)",19.58,19.58,1,1,0,0
952,section,"rgb(0, 0, 0)","rgb(247, 247, 247)","rgb(0,0,0)","rgb(247,247,247)",19.6,19.6,1,1,0,0
952,div,"rgb(42, 42, 42)","rgb(242, 242, 242)","rgb(42,42,42)","rgb(242,242,242)",12.82,12.82,1,1,0,0
952,a,"rgb(9, 80, 117)","rgb(245, 245, 245)","rgb(9,80,117)","rgb(245,245,245)",7.97,7.97,1,1,0,0
952,div,"rgb(69, 79, 95)","rgb(255, 255, 255)","rgb(69,79,95)","rgb(255,255,255)",8.28,8.28,1,1,0,0
952,button,"rgb(255, 255, 255)","rgb(10, 82, 120)","rgb(255,255,255)","rgb(10,82,120)",8.43,8.43,1,1,0,0
952,button,"rgb(10, 82, 120)","rgb(255, 255, 255)","rgb(10,82,120)","rgb(255,255,255)",8.43,8.43,1,1,0,0
953,div,"rgb(20, 30, 35)","rgb(216, 216, 216)","rgb(20,30,35)","rgb(216,216,216)",11.88,11.88,1,1,0,0
953,button,"rgb(255, 255, 255)","rgb(32, 109, 197)","rgb(255,255,255)","rgb(32,109,197)",5.18,5.18,1,1,0,0
953,section,"rgb(51, 51, 51)","rgba(0, 0, 0, 0.2)","rgb(51,51,51)","rgb(204,204,204)",1.66,7.87,0,1,0,1
953,section,"rgb(51, 51, 51)","rgb(51, 51, 51)","rgb(51,51,51)","rgb(51,51,51)",1,1,0,0,0,0
953,div,"rgb(51, 51, 51)","rgb(255, 255, 255)","rgb(51,51,51)","rgb(255,255,255)",12.63,12.63,1,1,0,0
953,a,"rgb(255, 255, 255)","rgb(220, 68, 5)","rgb(255,255,255)","rgb(220,68,5)",4.31,4.31,0,0,0,0
953,a,"rgb(69, 174, 214)","rgba(0, 0, 0, 0.2)","rgb(69,174,214)","rgb(204,204,204)",8.28,1.58,1,0,1,0
953,section,"rgb(51, 51, 51)","rgb(247, 247, 247)","rgb(51,51,51)","rgb(247,247,247)",11.79,11.79,1,1,0,0
953,div,"rgb(51, 51, 51)","rgb(229, 229, 229)","rgb(51,51,51)","rgb(229,229,229)",10.03,10.03,1,1,0,0
953,div,"rgb(51, 51, 51)","rgb(220, 68, 5)","rgb(51,51,51)","rgb(220,68,5)",2.93,2.93,0,0,0,0
953,span,"rgb(255, 255, 255)","rgb(121, 121, 120)","rgb(255,255,255)","rgb(121,121,120)",4.36,4.36,0,0,0,0
954,section,"rgb(0, 13, 37)","rgb(255, 255, 255)","rgb(0,13,37)","rgb(255,255,255)",19.37,19.37,1,1,0,0
954,div,"rgb(0, 13, 37)","rgb(243, 244, 247)","rgb(0,13,37)","rgb(243,244,247)",17.61,17.61,1,1,0,0
954,a,"rgb(255, 255, 255)","rgb(24, 102, 238)","rgb(255,255,255)","rgb(24,102,238)",5.03,5.03,1,1,0,0
954,div,"rgb(0, 13, 37)","rgb(0, 13, 37)","rgb(0,13,37)","rgb(0,13,37)",1,1,0,0,0,0
954,div,"rgb(0, 13, 37)","rgb(25, 31, 54)","rgb(0,13,37)","rgb(25,31,54)",1.19,1.19,0,0,0,0
954,span,"rgb(18, 28, 45)","rgb(255, 255, 255)","rgb(18,28,45)","rgb(255,255,255)",17.08,17.08,1,1,0,0
954,div,"rgb(255, 255, 255)","rgb(239, 34, 58)","rgb(255,255,255)","rgb(239,34,58)",4.23,4.23,0,0,0,0
955,div,"rgb(238, 240, 245)","rgb(10, 20, 90)","rgb(238,240,245)","rgb(10,20,90)",14.61,14.61,1,1,0,0
955,button,"rgb(38, 56, 196)","rgb(255, 255, 255)","rgb(38,56,196)","rgb(255,255,255)",8.59,8.59,1,1,0,0
955,a,"rgb(238, 240, 245)","rgb(0, 5, 37)","rgb(238,240,245)","rgb(0,5,37)",17.57,17.57,1,1,0,0
955,span,"rgb(0, 5, 37)","rgb(255, 255, 255)","rgb(0,5,37)","rgb(255,255,255)",20.03,20.03,1,1,0,0
955,div,"rgb(255, 255, 255)","rgb(0, 5, 37)","rgb(255,255,255)","rgb(0,5,37)",20.03,20.03,1,1,0,0
955,button,"rgb(255, 255, 255)","rgb(38, 56, 196)","rgb(255,255,255)","rgb(38,56,196)",8.59,8.59,1,1,0,0
956,button,"rgb(255, 255, 255)","rgb(0, 101, 242)","rgb(255,255,255)","rgb(0,101,242)",5.07,5.07,1,1,0,0
956,button,"rgb(20, 20, 20)","rgb(255, 255, 255)","rgb(20,20,20)","rgb(255,255,255)",18.42,18.42,1,1,0,0
956,div,"rgb(20, 20, 20)","rgb(211, 211, 211)","rgb(20,20,20)","rgb(211,211,211)",12.31,12.31,1,1,0,0
956,a,"rgb(51, 51, 51)","rgba(255, 255, 255, 0.75)","rgb(51,51,51)","rgb(255,255,255)",12.63,12.63,1,1,0,0
956,a,"rgb(255, 255, 255)","rgb(211, 211, 211)","rgb(255,255,255)","rgb(211,211,211)",1.5,1.5,0,0,0,0
956,button,"rgb(0, 0, 0)","rgb(255, 255, 255)","rgb(0,0,0)","rgb(255,255,255)",21,21,1,1,0,0
956,a,"rgb(51, 51, 51)","rgba(128, 128, 128, 0.11)","rgb(51,51,51)","rgb(241,241,241)",3.2,11.19,0,1,0,1
956,div,"rgb(20, 20, 20)","rgba(128, 128, 128, 0.06)","rgb(20,20,20)","rgb(247,247,247)",4.66,17.25,1,1,0,0
956,div,"rgb(255, 255, 255)","rgb(0, 61, 145)","rgb(255,255,255)","rgb(0,61,145)",10.11,10.11,1,1,0,0
956,div,"rgb(20, 20, 20)","rgb(0, 101, 242)","rgb(20,20,20)","rgb(0,101,242)",3.64,3.64,0,0,0,0
956,div,"rgb(20, 20, 20)","rgb(0, 0, 0)","rgb(20,20,20)","rgb(0,0,0)",1.14,1.14,0,0,0,0
956,div,"rgb(0, 0, 0)","rgba(128, 128, 128, 0.06)","rgb(0,0,0)","rgb(247,247,247)",5.32,19.67,1,1,0,0
956,p,"rgb(255, 255, 255)","rgb(26, 26, 26)","rgb(255,255,255)","rgb(26,26,26)",17.4,17.4,1,1,0,0
958,a,"rgb(255, 255, 255)","rgb(0, 0, 0)","rgb(255,255,255)","rgb(0,0,0)",21,21,1,1,0,0
958,a,"rgb(255, 255, 255)","rgb(231, 19, 26)","rgb(255,255,255)","rgb(231,19,26)",4.66,4.66,1,1,0,0
958,div,"rgb(0, 0, 0)","rgb(255, 255, 255)","rgb(0,0,0)","rgb(255,255,255)",21,21,1,1,0,0
958,section,"rgb(255, 255, 255)","rgb(0, 118, 191)","rgb(255,255,255)","rgb(0,118,191)",4.83,4.83,1,1,0,0
958,div,"rgb(255, 255, 255)","rgb(0, 102, 190)","rgb(255,255,255)","rgb(0,102,190)",5.76,5.76,1,1,0,0
959,a,"rgba(0, 0, 0, 0.6)","rgb(224, 225, 226)","rgb(90,90,90)","rgb(224,225,226)",16.04,5.27,1,1,0,0
959,div,"rgb(255, 255, 255)","rgb(100, 53, 201)","rgb(255,255,255)","rgb(100,53,201)",7.26,7.26,1,1,0,0
959,div,"rgb(255, 255, 255)","rgb(9, 147, 175)","rgb(255,255,255)","rgb(9,147,175)",3.62,3.62,0,0,0,0
959,div,"rgb(255, 255, 255)","rgb(37, 42, 49)","rgb(255,255,255)","rgb(37,42,49)",14.44,14.44,1,1,0,0
959,div,"rgba(255, 255, 255, 0.9)","rgb(37, 42, 49)","rgb(233,234,234)","rgb(37,42,49)",14.44,11.96,1,1,0,0
959,div,"rgba(0, 0, 0, 0.6)","rgb(232, 232, 232)","rgb(93,93,93)","rgb(232,232,232)",17.14,5.39,1,1,0,0
959,a,"rgb(9, 147, 175)","rgb(255, 255, 255)","rgb(9,147,175)","rgb(255,255,255)",3.62,3.62,0,0,0,0
959,div,"rgb(37, 42, 49)","rgb(255, 255, 255)","rgb(37,42,49)","rgb(255,255,255)",14.44,14.44,1,1,0,0
960,div,"rgb(255, 255, 255)","rgba(0, 0, 0, 0.25)","rgb(255,255,255)","rgb(191,191,191)",21,1.83,1,0,1,0
960,div,"rgb(255, 255, 255)","rgb(0, 0, 144)","rgb(255,255,255)","rgb(0,0,144)",14.97,14.97,1,1,0,0
960,button,"rgb(255, 255, 255)","rgb(0, 75, 232)","rgb(255,255,255)","rgb(0,75,232)",6.62,6.62,1,1,0,0
960,div,"rgb(255, 255, 255)","rgba(0, 0, 102, 0.9)","rgb(255,255,255)","rgb(25,25,117)",17.62,14.54,1,1,0,0
960,a,"rgb(39, 23, 0)","rgb(255, 218, 0)","rgb(39,23,0)","rgb(255,218,0)",12.64,12.64,1,1,0,0
960,span,"rgb(0, 0, 144)","rgb(255, 255, 255)","rgb(0,0,144)","rgb(255,255,255)",14.97,14.97,1,1,0,0
960,div,"rgb(255, 255, 255)","rgb(0, 0, 72)","rgb(255,255,255)","rgb(0,0,72)",19.2,19.2,1,1,0,0
965,a,"rgb(51, 51, 51)","rgb(255, 255, 255)","rgb(51,51,51)","rgb(255,255,255)",12.63,12.63,1,1,0,0
965,div,"rgb(0, 0, 0)","rgb(235, 235, 235)","rgb(0,0,0)","rgb(235,235,235)",17.62,17.62,1,1,0,0
965,span,"rgb(0, 0, 0)","rgb(248, 248, 248)","rgb(0,0,0)","rgb(248,248,248)",19.77,19.77,1,1,0,0
965,button,"rgb(0, 0, 0)","rgb(255, 255, 255)","rgb(0,0,0)","rgb(255,255,255)",21,21,1,1,0,0
965,div,"rgb(0, 0, 0)","rgb(217, 34, 49)","rgb(0,0,0)","rgb(217,34,49)",4.22,4.22,0,0,0,0
965,a,"rgb(255, 255, 255)","rgb(217, 34, 49)","rgb(255,255,255)","rgb(217,34,49)",4.97,4.97,1,1,0,0
965,div,"rgb(0, 0, 0)","rgb(51, 51, 51)","rgb(0,0,0)","rgb(51,51,51)",1.66,1.66,0,0,0,0
965,div,"rgb(0, 0, 0)","rgba(51, 51, 51, 0.82)","rgb(0,0,0)","rgb(88,88,88)",1.66,2.94,0,0,0,0
966,a,"rgb(0, 0, 0)","rgb(255, 253, 247)","rgb(0,0,0)","rgb(255,253,247)",20.65,20.65,1,1,0,0
966,button,"rgb(255, 255, 255)","rgb(118, 184, 63)","rgb(255,255,255)","rgb(118,184,63)",2.41,2.41,0,0,0,0
966,div,"rgb(26, 26, 26)","rgb(255, 255, 255)","rgb(26,26,26)","rgb(255,255,255)",17.4,17.4,1,1,0,0
966,button,"rgb(118, 184, 63)","rgb(255, 255, 255)","rgb(118,184,63)","rgb(255,255,255)",2.41,2.41,0,0,0,0
970,div,"rgb(255, 255, 255)","rgb(255, 66, 28)","rgb(255,255,255)","rgb(255,66,28)",3.47,3.47,0,0,0,0
970,li,"rgb(24, 144, 255)","rgb(255, 255, 255)","rgb(24,144,255)","rgb(255,255,255)",3.24,3.24,0,0,0,0
970,div,"rgb(0, 0, 0)","rgb(255, 255, 255)","rgb(0,0,0)","rgb(255,255,255)",21,21,1,1,0,0
971,div,"rgb(0, 0, 0)","rgb(255, 255, 255)","rgb(0,0,0)","rgb(255,255,255)",21,21,1,1,0,0
971,div,"rgb(0, 0, 0)","rgba(0, 0, 0, 0.06)","rgb(0,0,0)","rgb(240,240,240)",1,18.38,0,1,0,1
971,button,"rgb(0, 0, 0)","rgba(0, 0, 0, 0.12)","rgb(0,0,0)","rgb(224,224,224)",1,15.97,0,1,0,1
971,div,"rgb(47, 55, 71)","rgb(255, 221, 87)","rgb(47,55,71)","rgb(255,221,87)",8.95,8.95,1,1,0,0
971,div,"rgb(255, 255, 255)","rgba(176, 189, 214, 0.2)","rgb(255,255,255)","rgb(239,242,247)",1.89,1.12,0,0,0,0
972,a,"rgb(0, 0, 0)","rgb(255, 255, 255)","rgb(0,0,0)","rgb(255,255,255)",21,21,1,1,0,0
972,div,"rgb(255, 255, 255)","rgb(13, 19, 45)","rgb(255,255,255)","rgb(13,19,45)",18.29,18.29,1,1,0,0
974,a,"rgba(8, 19, 26, 0.66)","rgb(255, 255, 255)","rgb(92,99,104)","rgb(255,255,255)",18.78,6.09,1,1,0,0
974,a,"rgb(255, 255, 255)","rgb(8, 19, 26)","rgb(255,255,255)","rgb(8,19,26)",18.78,18.78,1,1,0,0
974,a,"rgb(8, 19, 26)","rgb(245, 248, 250)","rgb(8,19,26)","rgb(245,248,250)",17.61,17.61,1,1,0,0
974,div,"rgb(8, 19, 26)","rgb(255, 255, 255)","rgb(8,19,26)","rgb(255,255,255)",18.78,18.78,1,1,0,0
974,div,"rgb(255, 255, 255)","rgb(81, 147, 198)","rgb(255,255,255)","rgb(81,147,198)",3.31,3.31,0,0,0,0
974,div,"rgba(8, 19, 26, 0.66)","rgb(245, 248, 250)","rgb(89,97,102)","rgb(245,248,250)",17.61,5.93,1,1,0,0
976,div,"rgb(102, 102, 102)","rgb(255, 255, 255)","rgb(102,102,102)","rgb(255,255,255)",5.74,5.74,1,1,0,0
976,div,"rgb(80, 82, 89)","rgb(255, 255, 255)","rgb(80,82,89)","rgb(255,255,255)",7.8,7.8,1,1,0,0
976,button,"rgb(255, 255, 255)","rgb(255, 15, 35)","rgb(255,255,255)","rgb(255,15,35)",3.93,3.93,0,0,0,0
976,div,"rgb(102, 102, 102)","rgb(234, 234, 234)","rgb(102,102,102)","rgb(234,234,234)",4.77,4.77,1,1,0,0
977,div,"rgb(0, 0, 0)","rgb(245, 245, 245)","rgb(0,0,0)","rgb(245,245,245)",19.26,19.26,1,1,0,0
977,div,"rgb(0, 0, 0)","rgb(68, 68, 68)","rgb(0,0,0)","rgb(68,68,68)",2.16,2.16,0,0,0,0
977,a,"rgb(255, 255, 255)","rgb(0, 92, 169)","rgb(255,255,255)","rgb(0,92,169)",6.77,6.77,1,1,0,0
977,div,"rgb(0, 0, 0)","rgb(208, 224, 227)","rgb(0,0,0)","rgb(208,224,227)",15.45,15.45,1,1,0,0
977,div,"rgb(0, 92, 169)","rgb(249, 251, 251)","rgb(0,92,169)","rgb(249,251,251)",6.51,6.51,1,1,0,0
977,div,"rgb(0, 0, 0)","rgb(249, 251, 251)","rgb(0,0,0)","rgb(249,251,251)",20.22,20.22,1,1,0,0
977,div,"rgb(0, 0, 0)","rgba(0, 92, 169, 0.7)","rgb(0,0,0)","rgb(77,141,195)",3.1,5.9,0,1,0,1
977,li,"rgb(255, 255, 255)","rgb(38, 0, 133)","rgb(255,255,255)","rgb(38,0,133)",14.78,14.78,1,1,0,0
977,div,"rgb(0, 0, 0)","rgb(0, 92, 169)","rgb(0,0,0)","rgb(0,92,169)",3.1,3.1,0,0,0,0
977,div,"rgb(0, 0, 0)","rgb(255, 255, 255)","rgb(0,0,0)","rgb(255,255,255)",21,21,1,1,0,0
977,div,"rgb(0, 0, 0)","rgba(208, 224, 227, 0.25)","rgb(0,0,0)","rgb(243,247,248)",15.45,19.51,1,1,0,0
979,div,"rgb(0, 0, 0)","rgb(246, 247, 239)","rgb(0,0,0)","rgb(246,247,239)",19.47,19.47,1,1,0,0
979,a,"rgb(255, 255, 255)","rgb(222, 40, 100)","rgb(255,255,255)","rgb(222,40,100)",4.57,4.57,1,1,0,0
979,div,"rgb(0, 0, 0)","rgb(237, 238, 231)","rgb(0,0,0)","rgb(237,238,231)",17.98,17.98,1,1,0,0
979,button,"rgb(255, 255, 255)","rgb(255, 72, 118)","rgb(255,255,255)","rgb(255,72,118)",3.26,3.26,0,0,0,0
979,div,"rgb(0, 0, 0)","rgb(236, 238, 231)","rgb(0,0,0)","rgb(236,238,231)",17.95,17.95,1,1,0,0
979,a,"rgb(0, 0, 0)","rgb(21, 21, 21)","rgb(0,0,0)","rgb(21,21,21)",1.15,1.15,0,0,0,0
979,a,"rgb(0, 0, 0)","rgb(255, 255, 255)","rgb(0,0,0)","rgb(255,255,255)",21,21,1,1,0,0
979,div,"rgb(0, 0, 0)","rgb(0, 0, 0)","rgb(0,0,0)","rgb(0,0,0)",1,1,0,0,0,0
979,a,"rgb(255, 255, 255)","rgb(33, 33, 33)","rgb(255,255,255)","rgb(33,33,33)",16.1,16.1,1,1,0,0
979,section,"rgb(0, 0, 0)","rgb(247, 247, 240)","rgb(0,0,0)","rgb(247,247,240)",19.52,19.52,1,1,0,0
979,div,"rgb(255, 255, 255)","rgb(48, 48, 48)","rgb(255,255,255)","rgb(48,48,48)",13.2,13.2,1,1,0,0
979,div,"rgb(255, 255, 255)","rgb(0, 0, 0)","rgb(255,255,255)","rgb(0,0,0)",21,21,1,1,0,0
979,section,"rgb(255, 255, 255)","rgba(42, 42, 42, 0)","rgb(255,255,255)","rgb(255,255,255)",14.35,1,1,0,1,0
979,button,"rgb(255, 255, 255)","rgb(35, 35, 35)","rgb(255,255,255)","rgb(35,35,35)",15.72,15.72,1,1,0,0
979,div,"rgb(255, 255, 255)","rgb(255, 255, 255)","rgb(255,255,255)","rgb(255,255,255)",1,1,0,0,0,0
979,a,"rgb(0, 0, 0)","rgb(254, 255, 252)","rgb(0,0,0)","rgb(254,255,252)",20.92,20.92,1,1,0,0
979,button,"rgb(26, 26, 26)","rgb(255, 255, 255)","rgb(26,26,26)","rgb(255,255,255)",17.4,17.4,1,1,0,0
980,div,"rgb(0, 0, 0)","rgb(255, 255, 255)","rgb(0,0,0)","rgb(255,255,255)",21,21,1,1,0,0
980,a,"rgb(255, 255, 255)","rgb(0, 0, 0)","rgb(255,255,255)","rgb(0,0,0)",21,21,1,1,0,0
980,div,"rgb(0, 0, 0)","rgb(0, 0, 0)","rgb(0,0,0)","rgb(0,0,0)",1,1,0,0,0,0
982,div,"rgb(52, 59, 76)","rgb(255, 255, 255)","rgb(52,59,76)","rgb(255,255,255)",11.19,11.19,1,1,0,0
982,div,"rgb(52, 59, 76)","rgb(239, 245, 255)","rgb(52,59,76)","rgb(239,245,255)",10.22,10.22,1,1,0,0
982,div,"rgb(119, 126, 152)","rgb(239, 245, 255)","rgb(119,126,152)","rgb(239,245,255)",3.67,3.67,0,0,0,0
982,button,"rgb(255, 255, 255)","rgb(74, 125, 253)","rgb(255,255,255)","rgb(74,125,253)",3.72,3.72,0,0,0,0
982,div,"rgb(52, 59, 76)","rgb(31, 36, 49)","rgb(52,59,76)","rgb(31,36,49)",1.38,1.38,0,0,0,0
982,a,"rgb(255, 255, 255)","rgb(49, 94, 251)","rgb(255,255,255)","rgb(49,94,251)",5.09,5.09,1,1,0,0
982,div,"rgb(0, 0, 238)","rgb(239, 245, 255)","rgb(0,0,238)","rgb(239,245,255)",8.58,8.58,1,1,0,0
982,a,"rgb(0, 0, 238)","rgb(255, 255, 255)","rgb(0,0,238)","rgb(255,255,255)",9.4,9.4,1,1,0,0
982,div,"rgb(52, 59, 76)","rgb(52, 59, 76)","rgb(52,59,76)","rgb(52,59,76)",1,1,0,0,0,0
983,div,"rgb(255, 255, 255)","rgb(25, 25, 25)","rgb(255,255,255)","rgb(25,25,25)",17.58,17.58,1,1,0,0
983,a,"rgb(30, 30, 30)","rgb(255, 255, 255)","rgb(30,30,30)","rgb(255,255,255)",16.67,16.67,1,1,0,0
983,div,"rgb(30, 30, 30)","rgb(233, 233, 233)","rgb(30,30,30)","rgb(233,233,233)",13.73,13.73,1,1,0,0
983,div,"rgb(0, 0, 0)","rgb(255, 255, 255)","rgb(0,0,0)","rgb(255,255,255)",21,21,1,1,0,0
983,span,"rgb(30, 30, 30)","rgb(255, 210, 0)","rgb(30,30,30)","rgb(255,210,0)",11.49,11.49,1,1,0,0
983,a,"rgb(0, 0, 238)","rgb(255, 255, 255)","rgb(0,0,238)","rgb(255,255,255)",9.4,9.4,1,1,0,0
983,span,"rgb(255, 255, 255)","rgba(0, 0, 0, 0.3)","rgb(255,255,255)","rgb(179,179,179)",21,2.11,1,0,1,0
983,button,"rgb(0, 0, 0)","rgb(254, 212, 19)","rgb(0,0,0)","rgb(254,212,19)",14.64,14.64,1,1,0,0
984,div,"rgb(30, 30, 47)","rgba(255, 255, 255, 0)","rgb(30,30,47)","rgb(255,255,255)",16.38,16.38,1,1,0,0
984,span,"rgb(255, 255, 255)","rgb(87, 32, 183)","rgb(255,255,255)","rgb(87,32,183)",9.15,9.15,1,1,0,0
984,span,"rgb(255, 255, 255)","rgb(32, 136, 112)","rgb(255,255,255)","rgb(32,136,112)",4.36,4.36,0,0,0,0
984,div,"rgb(30, 30, 47)","rgb(5, 66, 99)","rgb(30,30,47)","rgb(5,66,99)",1.53,1.53,0,0,0,0
984,div,"rgb(255, 255, 255)","rgba(221, 221, 221, 0)","rgb(255,255,255)","rgb(255,255,255)",1.36,1,0,0,0,0
984,div,"rgb(255, 255, 255)","rgb(13, 145, 134)","rgb(255,255,255)","rgb(13,145,134)",3.88,3.88,0,0,0,0
984,a,"rgb(255, 255, 255)","rgb(227, 27, 83)","rgb(255,255,255)","rgb(227,27,83)",4.62,4.62,1,1,0,0
984,div,"rgb(30, 30, 47)","rgb(30, 31, 47)","rgb(30,30,47)","rgb(30,31,47)",1.01,1.01,0,0,0,0
984,span,"rgb(255, 255, 255)","rgba(255, 255, 255, 0)","rgb(255,255,255)","rgb(255,255,255)",1,1,0,0,0,0
984,div,"rgb(30, 30, 47)","rgb(255, 255, 255)","rgb(30,30,47)","rgb(255,255,255)",16.38,16.38,1,1,0,0
984,div,"rgb(30, 30, 47)","rgb(246, 249, 251)","rgb(30,30,47)","rgb(246,249,251)",15.49,15.49,1,1,0,0
984,div,"rgb(15, 118, 109)","rgb(202, 240, 232)","rgb(15,118,109)","rgb(202,240,232)",4.47,4.47,0,0,0,0
984,div,"rgb(30, 30, 47)","rgb(30, 30, 47)","rgb(30,30,47)","rgb(30,30,47)",1,1,0,0,0,0
984,div,"rgb(30, 30, 47)","rgb(23, 23, 38)","rgb(30,30,47)","rgb(23,23,38)",1.08,1.08,0,0,0,0
984,div,"rgb(30, 30, 47)","rgb(17, 17, 27)","rgb(30,30,47)","rgb(17,17,27)",1.14,1.14,0,0,0,0
984,a,"rgb(227, 27, 83)","rgba(255, 255, 255, 0)","rgb(227,27,83)","rgb(255,255,255)",4.62,4.62,1,1,0,0
985,a,"rgb(255, 255, 255)","rgb(0, 0, 0)","rgb(255,255,255)","rgb(0,0,0)",21,21,1,1,0,0
985,div,"rgb(255, 255, 255)","rgb(41, 50, 153)","rgb(255,255,255)","rgb(41,50,153)",10.45,10.45,1,1,0,0
985,a,"rgb(0, 0, 0)","rgb(255, 255, 255)","rgb(0,0,0)","rgb(255,255,255)",21,21,1,1,0,0
986,div,"rgb(0, 0, 0)","rgb(255, 255, 255)","rgb(0,0,0)","rgb(255,255,255)",21,21,1,1,0,0
986,span,"rgb(255, 255, 255)","rgb(0, 47, 255)","rgb(255,255,255)","rgb(0,47,255)",7.37,7.37,1,1,0,0
986,a,"rgb(255, 255, 255)","rgb(0, 0, 0)","rgb(255,255,255)","rgb(0,0,0)",21,21,1,1,0,0
986,div,"rgb(0, 0, 0)","rgb(43, 55, 73)","rgb(0,0,0)","rgb(43,55,73)",1.75,1.75,0,0,0,0
986,div,"rgb(255, 255, 255)","rgb(255, 255, 255)","rgb(255,255,255)","rgb(255,255,255)",1,1,0,0,0,0
986,div,"rgb(0, 0, 0)","rgb(0, 0, 0)","rgb(0,0,0)","rgb(0,0,0)",1,1,0,0,0,0
986,section,"rgb(255, 255, 255)","rgb(26, 26, 26)","rgb(255,255,255)","rgb(26,26,26)",17.4,17.4,1,1,0,0
986,button,"rgb(255, 255, 255)","rgba(255, 255, 255, 0.04)","rgb(255,255,255)","rgb(255,255,255)",1,1,0,0,0,0
986,a,"rgb(255, 255, 255)","rgba(0, 47, 255, 0.12)","rgb(255,255,255)","rgb(224,230,255)",7.37,1.24,1,0,1,0
987,div,"rgb(255, 255, 255)","rgb(16, 75, 85)","rgb(255,255,255)","rgb(16,75,85)",9.72,9.72,1,1,0,0
987,div,"rgb(255, 255, 255)","rgb(0, 0, 0)","rgb(255,255,255)","rgb(0,0,0)",21,21,1,1,0,0
987,div,"rgb(255, 255, 255)","rgb(0, 15, 15)","rgb(255,255,255)","rgb(0,15,15)",19.53,19.53,1,1,0,0
987,div,"rgb(255, 255, 255)","rgb(19, 48, 46)","rgb(255,255,255)","rgb(19,48,46)",14.09,14.09,1,1,0,0
987,div,"rgb(0, 0, 0)","rgb(81, 152, 251)","rgb(0,0,0)","rgb(81,152,251)",7.23,7.23,1,1,0,0
987,a,"rgb(244, 245, 245)","rgb(31, 64, 62)","rgb(244,245,245)","rgb(31,64,62)",10.33,10.33,1,1,0,0
987,a,"rgb(0, 0, 0)","rgb(111, 224, 237)","rgb(0,0,0)","rgb(111,224,237)",13.56,13.56,1,1,0,0
987,div,"rgb(244, 245, 245)","rgb(0, 15, 15)","rgb(244,245,245)","rgb(0,15,15)",17.88,17.88,1,1,0,0
987,a,"rgb(0, 0, 0)","rgb(244, 245, 245)","rgb(0,0,0)","rgb(244,245,245)",19.23,19.23,1,1,0,0
988,a,"rgb(255, 255, 255)","rgb(69, 110, 255)","rgb(255,255,255)","rgb(69,110,255)",4.26,4.26,0,0,0,0
988,a,"rgb(0, 0, 0)","rgba(69, 110, 255, 0.2)","rgb(0,0,0)","rgb(218,226,255)",4.93,16.3,1,1,0,0
988,section,"rgb(0, 0, 0)","rgb(0, 0, 0)","rgb(0,0,0)","rgb(0,0,0)",1,1,0,0,0,0
988,a,"rgb(255, 255, 255)","rgb(94, 63, 190)","rgb(255,255,255)","rgb(94,63,190)",7.17,7.17,1,1,0,0
988,a,"rgb(255, 255, 255)","rgb(229, 198, 70)","rgb(255,255,255)","rgb(229,198,70)",1.68,1.68,0,0,0,0
988,a,"rgb(255, 255, 255)","rgb(104, 197, 135)","rgb(255,255,255)","rgb(104,197,135)",2.12,2.12,0,0,0,0
988,a,"rgb(104, 197, 135)","rgba(104, 197, 135, 0.15)","rgb(104,197,135)","rgb(232,246,237)",1,1.9,0,0,0,0
988,div,"rgb(74, 90, 107)","rgb(255, 255, 255)","rgb(74,90,107)","rgb(255,255,255)",7.08,7.08,1,1,0,0
988,div,"rgb(49, 58, 66)","rgba(217, 217, 217, 0.6)","rgb(49,58,66)","rgb(232,232,232)",8.2,9.46,1,1,0,0
988,div,"rgb(0, 0, 0)","rgba(255, 255, 255, 0.15)","rgb(0,0,0)","rgb(255,255,255)",21,21,1,1,0,0
989,div,"rgb(204, 204, 204)","rgb(0, 0, 0)","rgb(204,204,204)","rgb(0,0,0)",13.08,13.08,1,1,0,0
989,div,"rgb(10, 145, 10)","rgb(34, 34, 34)","rgb(10,145,10)","rgb(34,34,34)",3.84,3.84,0,0,0,0
997,button,"rgb(12, 12, 13)","rgb(255, 255, 255)","rgb(12,12,13)","rgb(255,255,255)",19.55,19.55,1,1,0,0
997,li,"rgb(34, 34, 38)","rgba(255, 255, 255, 0.1)","rgb(34,34,38)","rgb(255,255,255)",15.85,15.85,1,1,0,0
997,div,"rgb(0, 0, 238)","rgba(0, 0, 0, 0.5)","rgb(0,0,238)","rgb(128,128,128)",2.23,2.36,0,0,0,0
997,div,"rgb(34, 34, 38)","rgb(255, 255, 255)","rgb(34,34,38)","rgb(255,255,255)",15.85,15.85,1,1,0,0
997,button,"rgb(203, 24, 24)","rgba(203, 24, 24, 0.1)","rgb(203,24,24)","rgb(250,232,232)",1,4.82,0,1,0,1
997,button,"rgb(34, 34, 38)","rgba(229, 233, 239, 0.5)","rgb(34,34,38)","rgb(242,244,247)",13.01,14.39,1,1,0,0
997,a,"rgb(0, 0, 238)","rgba(229, 233, 239, 0.5)","rgb(0,0,238)","rgb(242,244,247)",7.71,8.53,1,1,0,0
997,div,"rgb(0, 0, 238)","rgb(255, 255, 255)","rgb(0,0,238)","rgb(255,255,255)",9.4,9.4,1,1,0,0
997,div,"rgb(34, 34, 38)","rgb(34, 34, 38)","rgb(34,34,38)","rgb(34,34,38)",1,1,0,0,0,0
997,div,"rgb(34, 34, 38)","rgb(55, 77, 245)","rgb(34,34,38)","rgb(55,77,245)",2.67,2.67,0,0,0,0
997,div,"rgb(34, 34, 38)","rgb(44, 62, 196)","rgb(34,34,38)","rgb(44,62,196)",1.96,1.96,0,0,0,0
997,div,"rgb(34, 34, 38)","rgba(0, 0, 0, 0.25)","rgb(34,34,38)","rgb(191,191,191)",1.32,8.64,0,1,0,1
998,a,"rgb(255, 255, 255)","rgb(5, 27, 44)","rgb(255,255,255)","rgb(5,27,44)",17.51,17.51,1,1,0,0
998,section,"rgb(36, 39, 43)","rgb(255, 255, 255)","rgb(36,39,43)","rgb(255,255,255)",15,15,1,1,0,0
998,section,"rgb(116, 128, 139)","rgb(114, 116, 218)","rgb(116,128,139)","rgb(114,116,218)",1,1,0,0,0,0
998,section,"rgb(255, 255, 255)","rgb(114, 116, 218)","rgb(255,255,255)","rgb(114,116,218)",4.02,4.02,0,0,0,0
998,div,"rgb(255, 255, 255)","rgb(255, 255, 255)","rgb(255,255,255)","rgb(255,255,255)",1,1,0,0,0,0
998,div,"rgb(36, 39, 43)","rgb(5, 27, 44)","rgb(36,39,43)","rgb(5,27,44)",1.17,1.17,0,0,0,0
998,a,"rgb(255, 255, 255)","rgb(78, 80, 209)","rgb(255,255,255)","rgb(78,80,209)",6.19,6.19,1,1,0,0
998,button,"rgb(5, 27, 44)","rgb(255, 255, 255)","rgb(5,27,44)","rgb(255,255,255)",17.51,17.51,1,1,0,0
998,section,"rgb(36, 39, 43)","rgb(114, 116, 218)","rgb(36,39,43)","rgb(114,116,218)",3.73,3.73,0,0,0,0
998,div,"rgb(229, 231, 233)","rgb(255, 255, 255)","rgb(229,231,233)","rgb(255,255,255)",1.24,1.24,0,0,0,0
999,div,"rgb(234, 236, 239)","rgb(24, 26, 32)","rgb(234,236,239)","rgb(24,26,32)",14.69,14.69,1,1,0,0
999,button,"rgb(234, 236, 239)","rgb(51, 59, 71)","rgb(234,236,239)","rgb(51,59,71)",9.55,9.55,1,1,0,0
999,button,"rgb(32, 38, 48)","rgb(252, 213, 53)","rgb(32,38,48)","rgb(252,213,53)",10.65,10.65,1,1,0,0
999,div,"rgb(234, 236, 239)","rgb(32, 38, 48)","rgb(234,236,239)","rgb(32,38,48)",12.84,12.84,1,1,0,0
999,div,"rgb(234, 236, 239)","rgb(41, 49, 61)","rgb(234,236,239)","rgb(41,49,61)",11.08,11.08,1,1,0,0
999,div,"rgb(234, 236, 239)","rgb(30, 35, 41)","rgb(234,236,239)","rgb(30,35,41)",13.36,13.36,1,1,0,0